2026-08-24 13:54:55,562 | INFO | BEGIN (implicit)
2026-08-24 13:54:55,562 | INFO | PRAGMA main.table_info("productos")
2026-08-24 13:54:55,562 | INFO | [raw sql] ()
2026-08-24 13:54:55,563 | INFO | PRAGMA main.table_info("usuarios")
2026-08-24 13:54:55,563 | INFO | [raw sql] ()
2026-08-24 13:54:55,564 | INFO | COMMIT
2026-08-24 13:55:15,245 | INFO | BEGIN (implicit)
2026-08-24 13:55:15,248 | INFO | SELECT productos.id AS productos_id, productos.nombre AS productos_nombre, productos.precio AS productos_precio 
FROM productos
2026-08-24 13:55:15,248 | INFO | [generated in 0.00042s] ()
2026-08-24 13:55:15,251 | INFO | ROLLBACK
2026-08-24 13:55:16,111 | INFO | BEGIN (implicit)
2026-08-24 13:55:16,111 | INFO | SELECT productos.id AS productos_id, productos.nombre AS productos_nombre, productos.precio AS productos_precio 
FROM productos
2026-08-24 13:55:16,113 | INFO | [cached since 0.865s ago] ()
2026-08-24 13:55:16,117 | INFO | ROLLBACK
2026-08-24 13:55:27,377 | INFO | BEGIN (implicit)
2026-08-24 13:55:27,379 | INFO | INSERT INTO productos (nombre, precio) VALUES (?, ?)
2026-08-24 13:55:27,379 | INFO | [generated in 0.00027s] ('Producto 6', 6000.0)
2026-08-24 13:55:27,380 | INFO | COMMIT
2026-08-24 13:55:27,386 | INFO | BEGIN (implicit)
2026-08-24 13:55:27,387 | INFO | SELECT productos.id, productos.nombre, productos.precio 
FROM productos 
WHERE productos.id = ?
2026-08-24 13:55:27,387 | INFO | [generated in 0.00029s] (11,)
2026-08-24 13:55:27,390 | INFO | ROLLBACK
2026-08-24 13:55:27,395 | INFO | BEGIN (implicit)
2026-08-24 13:55:27,395 | INFO | SELECT productos.id AS productos_id, productos.nombre AS productos_nombre, productos.precio AS productos_precio 
FROM productos
2026-08-24 13:55:27,395 | INFO | [cached since 12.15s ago] ()
2026-08-24 13:55:27,397 | INFO | ROLLBACK
2026-08-24 13:58:58,474 | INFO | BEGIN (implicit)
2026-08-24 13:58:58,474 | INFO | PRAGMA main.table_info("productos")
2026-08-24 13:58:58,474 | INFO | [raw sql] ()
2026-08-24 13:58:58,475 | INFO | PRAGMA main.table_info("usuarios")
2026-08-24 13:58:58,475 | INFO | [raw sql] ()
2026-08-24 13:58:58,476 | INFO | COMMIT
2026-08-24 14:00:02,064 | INFO | BEGIN (implicit)
2026-08-24 14:00:02,066 | INFO | INSERT INTO productos (nombre, precio) VALUES (?, ?)
2026-08-24 14:00:02,066 | INFO | [generated in 0.00026s] ('Producto 7', 7000.0)
2026-08-24 14:00:02,069 | INFO | COMMIT
2026-08-24 14:00:02,075 | INFO | BEGIN (implicit)
2026-08-24 14:00:02,077 | INFO | SELECT productos.id, productos.nombre, productos.precio 
FROM productos 
WHERE productos.id = ?
2026-08-24 14:00:02,077 | INFO | [generated in 0.00024s] (12,)
2026-08-24 14:00:02,078 | INFO | ROLLBACK
2026-08-24 14:00:02,083 | INFO | BEGIN (implicit)
2026-08-24 14:00:02,083 | INFO | SELECT productos.id AS productos_id, productos.nombre AS productos_nombre, productos.precio AS productos_precio 
FROM productos
2026-08-24 14:00:02,083 | INFO | [generated in 0.00020s] ()
2026-08-24 14:00:02,085 | INFO | ROLLBACK
2026-08-24 17:50:07,425 | INFO | select pg_catalog.version()
2026-08-24 17:50:07,425 | INFO | [raw sql] {}
2026-08-24 17:50:07,426 | INFO | select current_schema()
2026-08-24 17:50:07,427 | INFO | [raw sql] {}
2026-08-24 17:50:07,428 | INFO | show standard_conforming_strings
2026-08-24 17:50:07,428 | INFO | [raw sql] {}
2026-08-24 17:50:07,429 | INFO | BEGIN (implicit)
2026-08-24 17:50:07,432 | INFO | SELECT pg_catalog.pg_class.relname 
FROM pg_catalog.pg_class JOIN pg_catalog.pg_namespace ON pg_catalog.pg_namespace.oid = pg_catalog.pg_class.relnamespace 
WHERE pg_catalog.pg_class.relname = %(table_name)s AND pg_catalog.pg_class.relkind = ANY (ARRAY[%(param_1)s, %(param_2)s, %(param_3)s, %(param_4)s, %(param_5)s]) AND pg_catalog.pg_table_is_visible(pg_catalog.pg_class.oid) AND pg_catalog.pg_namespace.nspname != %(nspname_1)s
2026-08-24 17:50:07,432 | INFO | [generated in 0.00034s] {'table_name': 'productos', 'param_1': 'r', 'param_2': 'p', 'param_3': 'f', 'param_4': 'v', 'param_5': 'm', 'nspname_1': 'pg_catalog'}
2026-08-24 17:50:07,435 | INFO | SELECT pg_catalog.pg_class.relname 
FROM pg_catalog.pg_class JOIN pg_catalog.pg_namespace ON pg_catalog.pg_namespace.oid = pg_catalog.pg_class.relnamespace 
WHERE pg_catalog.pg_class.relname = %(table_name)s AND pg_catalog.pg_class.relkind = ANY (ARRAY[%(param_1)s, %(param_2)s, %(param_3)s, %(param_4)s, %(param_5)s]) AND pg_catalog.pg_table_is_visible(pg_catalog.pg_class.oid) AND pg_catalog.pg_namespace.nspname != %(nspname_1)s
2026-08-24 17:50:07,436 | INFO | [cached since 0.003458s ago] {'table_name': 'usuarios', 'param_1': 'r', 'param_2': 'p', 'param_3': 'f', 'param_4': 'v', 'param_5': 'm', 'nspname_1': 'pg_catalog'}
2026-08-24 17:50:07,437 | INFO | 
CREATE TABLE productos (
	id SERIAL NOT NULL, 
	nombre VARCHAR NOT NULL, 
	precio FLOAT NOT NULL, 
	PRIMARY KEY (id)
)


2026-08-24 17:50:07,437 | INFO | [no key 0.00023s] {}
2026-08-24 17:50:07,465 | INFO | CREATE INDEX ix_productos_id ON productos (id)
2026-08-24 17:50:07,465 | INFO | [no key 0.00027s] {}
2026-08-24 17:50:07,468 | INFO | 
CREATE TABLE usuarios (
	username VARCHAR NOT NULL, 
	password_hashed VARCHAR NOT NULL, 
	PRIMARY KEY (username)
)


2026-08-24 17:50:07,468 | INFO | [no key 0.00027s] {}
2026-08-24 17:50:07,472 | INFO | CREATE INDEX ix_usuarios_username ON usuarios (username)
2026-08-24 17:50:07,472 | INFO | [no key 0.00028s] {}
2026-08-24 17:50:07,474 | INFO | COMMIT
2026-08-24 17:50:20,331 | INFO | select pg_catalog.version()
2026-08-24 17:50:20,331 | INFO | [raw sql] {}
2026-08-24 17:50:20,332 | INFO | select current_schema()
2026-08-24 17:50:20,333 | INFO | [raw sql] {}
2026-08-24 17:50:20,333 | INFO | show standard_conforming_strings
2026-08-24 17:50:20,334 | INFO | [raw sql] {}
2026-08-24 17:50:20,334 | INFO | BEGIN (implicit)
2026-08-24 17:50:20,339 | INFO | SELECT pg_catalog.pg_class.relname 
FROM pg_catalog.pg_class JOIN pg_catalog.pg_namespace ON pg_catalog.pg_namespace.oid = pg_catalog.pg_class.relnamespace 
WHERE pg_catalog.pg_class.relname = %(table_name)s AND pg_catalog.pg_class.relkind = ANY (ARRAY[%(param_1)s, %(param_2)s, %(param_3)s, %(param_4)s, %(param_5)s]) AND pg_catalog.pg_table_is_visible(pg_catalog.pg_class.oid) AND pg_catalog.pg_namespace.nspname != %(nspname_1)s
2026-08-24 17:50:20,339 | INFO | [generated in 0.00036s] {'table_name': 'productos', 'param_1': 'r', 'param_2': 'p', 'param_3': 'f', 'param_4': 'v', 'param_5': 'm', 'nspname_1': 'pg_catalog'}
2026-08-24 17:50:20,342 | INFO | SELECT pg_catalog.pg_class.relname 
FROM pg_catalog.pg_class JOIN pg_catalog.pg_namespace ON pg_catalog.pg_namespace.oid = pg_catalog.pg_class.relnamespace 
WHERE pg_catalog.pg_class.relname = %(table_name)s AND pg_catalog.pg_class.relkind = ANY (ARRAY[%(param_1)s, %(param_2)s, %(param_3)s, %(param_4)s, %(param_5)s]) AND pg_catalog.pg_table_is_visible(pg_catalog.pg_class.oid) AND pg_catalog.pg_namespace.nspname != %(nspname_1)s
2026-08-24 17:50:20,342 | INFO | [cached since 0.003227s ago] {'table_name': 'usuarios', 'param_1': 'r', 'param_2': 'p', 'param_3': 'f', 'param_4': 'v', 'param_5': 'm', 'nspname_1': 'pg_catalog'}
2026-08-24 17:50:20,343 | INFO | COMMIT
2026-08-24 17:50:42,327 | INFO | BEGIN (implicit)
2026-08-24 17:50:42,329 | INFO | SELECT productos.id AS productos_id, productos.nombre AS productos_nombre, productos.precio AS productos_precio 
FROM productos
2026-08-24 17:50:42,330 | INFO | [generated in 0.00087s] {}
2026-08-24 17:50:42,338 | INFO | ROLLBACK
2026-08-24 17:50:43,553 | INFO | BEGIN (implicit)
2026-08-24 17:50:43,554 | INFO | SELECT productos.id AS productos_id, productos.nombre AS productos_nombre, productos.precio AS productos_precio 
FROM productos
2026-08-24 17:50:43,555 | INFO | [cached since 1.226s ago] {}
2026-08-24 17:50:43,559 | INFO | ROLLBACK
2026-08-24 17:50:43,739 | INFO | BEGIN (implicit)
2026-08-24 17:50:43,739 | INFO | SELECT productos.id AS productos_id, productos.nombre AS productos_nombre, productos.precio AS productos_precio 
FROM productos
2026-08-24 17:50:43,739 | INFO | [cached since 1.41s ago] {}
2026-08-24 17:50:43,742 | INFO | ROLLBACK
2026-08-24 17:50:43,918 | INFO | BEGIN (implicit)
2026-08-24 17:50:43,918 | INFO | SELECT productos.id AS productos_id, productos.nombre AS productos_nombre, productos.precio AS productos_precio 
FROM productos
2026-08-24 17:50:43,919 | INFO | [cached since 1.59s ago] {}
2026-08-24 17:50:43,921 | INFO | ROLLBACK
2026-08-24 17:50:44,113 | INFO | BEGIN (implicit)
2026-08-24 17:50:44,113 | INFO | SELECT productos.id AS productos_id, productos.nombre AS productos_nombre, productos.precio AS productos_precio 
FROM productos
2026-08-24 17:50:44,113 | INFO | [cached since 1.784s ago] {}
2026-08-24 17:50:44,116 | INFO | ROLLBACK
2026-08-24 17:50:44,294 | INFO | BEGIN (implicit)
2026-08-24 17:50:44,294 | INFO | SELECT productos.id AS productos_id, productos.nombre AS productos_nombre, productos.precio AS productos_precio 
FROM productos
2026-08-24 17:50:44,295 | INFO | [cached since 1.966s ago] {}
2026-08-24 17:50:44,298 | INFO | ROLLBACK
2026-08-24 17:50:44,477 | INFO | BEGIN (implicit)
2026-08-24 17:50:44,478 | INFO | SELECT productos.id AS productos_id, productos.nombre AS productos_nombre, productos.precio AS productos_precio 
FROM productos
2026-08-24 17:50:44,480 | INFO | [cached since 2.151s ago] {}
2026-08-24 17:50:44,484 | INFO | ROLLBACK
2026-08-24 17:50:44,689 | INFO | BEGIN (implicit)
2026-08-24 17:50:44,690 | INFO | SELECT productos.id AS productos_id, productos.nombre AS productos_nombre, productos.precio AS productos_precio 
FROM productos
2026-08-24 17:50:44,690 | INFO | [cached since 2.361s ago] {}
2026-08-24 17:50:44,692 | INFO | ROLLBACK
2026-08-24 17:50:49,690 | INFO | BEGIN (implicit)
2026-08-24 17:50:49,691 | INFO | SELECT usuarios.username AS usuarios_username, usuarios.password_hashed AS usuarios_password_hashed 
FROM usuarios 
WHERE usuarios.username = %(username_1)s 
 LIMIT %(param_1)s
2026-08-24 17:50:49,691 | INFO | [generated in 0.00024s] {'username_1': 'admin', 'param_1': 1}
2026-08-24 17:50:49,694 | INFO | ROLLBACK
2026-08-24 17:51:19,414 | INFO | BEGIN (implicit)
2026-08-24 17:51:19,415 | INFO | SELECT usuarios.username AS usuarios_username, usuarios.password_hashed AS usuarios_password_hashed 
FROM usuarios 
WHERE usuarios.username = %(username_1)s 
 LIMIT %(param_1)s
2026-08-24 17:51:19,415 | INFO | [cached since 29.72s ago] {'username_1': 'admin', 'param_1': 1}
2026-08-24 17:51:19,417 | INFO | ROLLBACK
2026-08-24 17:51:41,613 | INFO | BEGIN (implicit)
2026-08-24 17:51:41,614 | INFO | SELECT usuarios.username AS usuarios_username, usuarios.password_hashed AS usuarios_password_hashed 
FROM usuarios 
WHERE usuarios.username = %(username_1)s 
 LIMIT %(param_1)s
2026-08-24 17:51:41,614 | INFO | [cached since 51.92s ago] {'username_1': 'admin', 'param_1': 1}
2026-08-24 17:51:41,617 | INFO | INSERT INTO usuarios (username, password_hashed) VALUES (%(username)s, %(password_hashed)s)
2026-08-24 17:51:41,618 | INFO | [generated in 0.00037s] {'username': 'admin', 'password_hashed': '5ac0852e770506dcd80f1a36d20ba7878bf82244b836d9324593bd14bc56dcb5'}
2026-08-24 17:51:41,624 | INFO | COMMIT
2026-08-24 17:57:31,638 | INFO | BEGIN (implicit)
2026-08-24 17:57:31,639 | INFO | SELECT usuarios.username AS usuarios_username, usuarios.password_hashed AS usuarios_password_hashed 
FROM usuarios 
WHERE usuarios.username = %(username_1)s 
 LIMIT %(param_1)s
2026-08-24 17:57:31,639 | INFO | [cached since 401.9s ago] {'username_1': 'admin', 'param_1': 1}
2026-08-24 17:57:31,643 | INFO | ROLLBACK
2026-08-24 17:57:49,304 | INFO | BEGIN (implicit)
2026-08-24 17:57:49,304 | INFO | SELECT usuarios.username AS usuarios_username, usuarios.password_hashed AS usuarios_password_hashed 
FROM usuarios 
WHERE usuarios.username = %(username_1)s 
 LIMIT %(param_1)s
2026-08-24 17:57:49,305 | INFO | [cached since 419.6s ago] {'username_1': 'admin', 'param_1': 1}
2026-08-24 17:57:49,307 | INFO | ROLLBACK
2026-08-24 17:58:01,729 | INFO | BEGIN (implicit)
2026-08-24 17:58:01,729 | INFO | SELECT usuarios.username AS usuarios_username, usuarios.password_hashed AS usuarios_password_hashed 
FROM usuarios 
WHERE usuarios.username = %(username_1)s 
 LIMIT %(param_1)s
2026-08-24 17:58:01,730 | INFO | [cached since 432s ago] {'username_1': 'admin', 'param_1': 1}
2026-08-24 17:58:01,736 | INFO | ROLLBACK
2026-08-24 17:58:42,770 | INFO | BEGIN (implicit)
2026-08-24 17:58:42,770 | INFO | SELECT productos.id AS productos_id, productos.nombre AS productos_nombre, productos.precio AS productos_precio 
FROM productos
2026-08-24 17:58:42,771 | INFO | [cached since 480.4s ago] {}
2026-08-24 17:58:42,774 | INFO | ROLLBACK
2026-08-24 17:58:47,540 | INFO | BEGIN (implicit)
2026-08-24 17:58:47,542 | INFO | SELECT productos.id AS productos_id, productos.nombre AS productos_nombre, productos.precio AS productos_precio 
FROM productos
2026-08-24 17:58:47,544 | INFO | [cached since 485.2s ago] {}
2026-08-24 17:58:47,555 | INFO | ROLLBACK
2026-08-24 17:58:50,855 | INFO | BEGIN (implicit)
2026-08-24 17:58:50,855 | INFO | SELECT usuarios.username AS usuarios_username, usuarios.password_hashed AS usuarios_password_hashed 
FROM usuarios 
WHERE usuarios.username = %(username_1)s 
 LIMIT %(param_1)s
2026-08-24 17:58:50,856 | INFO | [cached since 481.2s ago] {'username_1': 'admin', 'param_1': 1}
2026-08-24 17:58:50,858 | INFO | ROLLBACK
2026-08-24 17:59:02,407 | INFO | BEGIN (implicit)
2026-08-24 17:59:02,408 | INFO | INSERT INTO productos (nombre, precio) VALUES (%(nombre)s, %(precio)s) RETURNING productos.id
2026-08-24 17:59:02,408 | INFO | [generated in 0.00025s] {'nombre': 'Producto 1', 'precio': 1000.0}
2026-08-24 17:59:02,412 | INFO | COMMIT
2026-08-24 17:59:02,413 | INFO | BEGIN (implicit)
2026-08-24 17:59:02,413 | INFO | SELECT productos.id, productos.nombre, productos.precio 
FROM productos 
WHERE productos.id = %(pk_1)s
2026-08-24 17:59:02,414 | INFO | [generated in 0.00025s] {'pk_1': 1}
2026-08-24 17:59:02,416 | INFO | ROLLBACK
2026-08-24 17:59:02,421 | INFO | BEGIN (implicit)
2026-08-24 17:59:02,422 | INFO | SELECT productos.id AS productos_id, productos.nombre AS productos_nombre, productos.precio AS productos_precio 
FROM productos
2026-08-24 17:59:02,422 | INFO | [cached since 500.1s ago] {}
2026-08-24 17:59:02,423 | INFO | ROLLBACK
2026-08-24 17:59:15,723 | INFO | BEGIN (implicit)
2026-08-24 17:59:15,723 | INFO | INSERT INTO productos (nombre, precio) VALUES (%(nombre)s, %(precio)s) RETURNING productos.id
2026-08-24 17:59:15,724 | INFO | [cached since 13.32s ago] {'nombre': 'Producto 2', 'precio': 2000.0}
2026-08-24 17:59:15,724 | INFO | COMMIT
2026-08-24 17:59:15,727 | INFO | BEGIN (implicit)
2026-08-24 17:59:15,728 | INFO | SELECT productos.id, productos.nombre, productos.precio 
FROM productos 
WHERE productos.id = %(pk_1)s
2026-08-24 17:59:15,728 | INFO | [cached since 13.31s ago] {'pk_1': 2}
2026-08-24 17:59:15,729 | INFO | ROLLBACK
2026-08-24 17:59:15,732 | INFO | BEGIN (implicit)
2026-08-24 17:59:15,732 | INFO | SELECT productos.id AS productos_id, productos.nombre AS productos_nombre, productos.precio AS productos_precio 
FROM productos
2026-08-24 17:59:15,733 | INFO | [cached since 513.4s ago] {}
2026-08-24 17:59:15,734 | INFO | ROLLBACK
2026-08-24 17:59:24,370 | INFO | BEGIN (implicit)
2026-08-24 17:59:24,370 | INFO | INSERT INTO productos (nombre, precio) VALUES (%(nombre)s, %(precio)s) RETURNING productos.id
2026-08-24 17:59:24,371 | INFO | [cached since 21.96s ago] {'nombre': 'Producto 3', 'precio': 3000.0}
2026-08-24 17:59:24,371 | INFO | COMMIT
2026-08-24 17:59:24,375 | INFO | BEGIN (implicit)
2026-08-24 17:59:24,375 | INFO | SELECT productos.id, productos.nombre, productos.precio 
FROM productos 
WHERE productos.id = %(pk_1)s
2026-08-24 17:59:24,375 | INFO | [cached since 21.96s ago] {'pk_1': 3}
2026-08-24 17:59:24,376 | INFO | ROLLBACK
2026-08-24 17:59:24,380 | INFO | BEGIN (implicit)
2026-08-24 17:59:24,380 | INFO | SELECT productos.id AS productos_id, productos.nombre AS productos_nombre, productos.precio AS productos_precio 
FROM productos
2026-08-24 17:59:24,380 | INFO | [cached since 522.1s ago] {}
2026-08-24 17:59:24,381 | INFO | ROLLBACK
2026-08-24 17:59:31,171 | INFO | BEGIN (implicit)
2026-08-24 17:59:31,172 | INFO | INSERT INTO productos (nombre, precio) VALUES (%(nombre)s, %(precio)s) RETURNING productos.id
2026-08-24 17:59:31,172 | INFO | [cached since 28.76s ago] {'nombre': 'Producto 4', 'precio': 4000.0}
2026-08-24 17:59:31,173 | INFO | COMMIT
2026-08-24 17:59:31,175 | INFO | BEGIN (implicit)
2026-08-24 17:59:31,176 | INFO | SELECT productos.id, productos.nombre, productos.precio 
FROM productos 
WHERE productos.id = %(pk_1)s
2026-08-24 17:59:31,176 | INFO | [cached since 28.76s ago] {'pk_1': 4}
2026-08-24 17:59:31,177 | INFO | ROLLBACK
2026-08-24 17:59:31,180 | INFO | BEGIN (implicit)
2026-08-24 17:59:31,181 | INFO | SELECT productos.id AS productos_id, productos.nombre AS productos_nombre, productos.precio AS productos_precio 
FROM productos
2026-08-24 17:59:31,181 | INFO | [cached since 528.9s ago] {}
2026-08-24 17:59:31,182 | INFO | ROLLBACK
2026-08-24 17:59:39,323 | INFO | BEGIN (implicit)
2026-08-24 17:59:39,323 | INFO | INSERT INTO productos (nombre, precio) VALUES (%(nombre)s, %(precio)s) RETURNING productos.id
2026-08-24 17:59:39,324 | INFO | [cached since 36.92s ago] {'nombre': 'Producto 5', 'precio': 5000.0}
2026-08-24 17:59:39,324 | INFO | COMMIT
2026-08-24 17:59:39,327 | INFO | BEGIN (implicit)
2026-08-24 17:59:39,327 | INFO | SELECT productos.id, productos.nombre, productos.precio 
FROM productos 
WHERE productos.id = %(pk_1)s
2026-08-24 17:59:39,328 | INFO | [cached since 36.91s ago] {'pk_1': 5}
2026-08-24 17:59:39,329 | INFO | ROLLBACK
2026-08-24 17:59:39,332 | INFO | BEGIN (implicit)
2026-08-24 17:59:39,332 | INFO | SELECT productos.id AS productos_id, productos.nombre AS productos_nombre, productos.precio AS productos_precio 
FROM productos
2026-08-24 17:59:39,333 | INFO | [cached since 537s ago] {}
2026-08-24 17:59:39,334 | INFO | ROLLBACK
2026-08-25 11:31:44,281 | INFO | select pg_catalog.version()
2026-08-25 11:31:44,281 | INFO | [raw sql] {}
2026-08-25 11:31:44,282 | INFO | select current_schema()
2026-08-25 11:31:44,282 | INFO | [raw sql] {}
2026-08-25 11:31:44,283 | INFO | show standard_conforming_strings
2026-08-25 11:31:44,283 | INFO | [raw sql] {}
2026-08-25 11:31:44,284 | INFO | BEGIN (implicit)
2026-08-25 11:31:44,286 | INFO | SELECT pg_catalog.pg_class.relname 
FROM pg_catalog.pg_class JOIN pg_catalog.pg_namespace ON pg_catalog.pg_namespace.oid = pg_catalog.pg_class.relnamespace 
WHERE pg_catalog.pg_class.relname = %(table_name)s AND pg_catalog.pg_class.relkind = ANY (ARRAY[%(param_1)s, %(param_2)s, %(param_3)s, %(param_4)s, %(param_5)s]) AND pg_catalog.pg_table_is_visible(pg_catalog.pg_class.oid) AND pg_catalog.pg_namespace.nspname != %(nspname_1)s
2026-08-25 11:31:44,287 | INFO | [generated in 0.00021s] {'table_name': 'productos', 'param_1': 'r', 'param_2': 'p', 'param_3': 'f', 'param_4': 'v', 'param_5': 'm', 'nspname_1': 'pg_catalog'}
2026-08-25 11:31:44,290 | INFO | SELECT pg_catalog.pg_class.relname 
FROM pg_catalog.pg_class JOIN pg_catalog.pg_namespace ON pg_catalog.pg_namespace.oid = pg_catalog.pg_class.relnamespace 
WHERE pg_catalog.pg_class.relname = %(table_name)s AND pg_catalog.pg_class.relkind = ANY (ARRAY[%(param_1)s, %(param_2)s, %(param_3)s, %(param_4)s, %(param_5)s]) AND pg_catalog.pg_table_is_visible(pg_catalog.pg_class.oid) AND pg_catalog.pg_namespace.nspname != %(nspname_1)s
2026-08-25 11:31:44,290 | INFO | [cached since 0.003501s ago] {'table_name': 'usuarios', 'param_1': 'r', 'param_2': 'p', 'param_3': 'f', 'param_4': 'v', 'param_5': 'm', 'nspname_1': 'pg_catalog'}
2026-08-25 11:31:44,290 | INFO | COMMIT
2026-08-25 11:33:18,892 | INFO | select pg_catalog.version()
2026-08-25 11:33:18,893 | INFO | [raw sql] {}
2026-08-25 11:33:18,894 | INFO | select current_schema()
2026-08-25 11:33:18,894 | INFO | [raw sql] {}
2026-08-25 11:33:18,895 | INFO | show standard_conforming_strings
2026-08-25 11:33:18,895 | INFO | [raw sql] {}
2026-08-25 11:33:18,896 | INFO | BEGIN (implicit)
2026-08-25 11:33:18,899 | INFO | SELECT pg_catalog.pg_class.relname 
FROM pg_catalog.pg_class JOIN pg_catalog.pg_namespace ON pg_catalog.pg_namespace.oid = pg_catalog.pg_class.relnamespace 
WHERE pg_catalog.pg_class.relname = %(table_name)s AND pg_catalog.pg_class.relkind = ANY (ARRAY[%(param_1)s, %(param_2)s, %(param_3)s, %(param_4)s, %(param_5)s]) AND pg_catalog.pg_table_is_visible(pg_catalog.pg_class.oid) AND pg_catalog.pg_namespace.nspname != %(nspname_1)s
2026-08-25 11:33:18,899 | INFO | [generated in 0.00037s] {'table_name': 'productos', 'param_1': 'r', 'param_2': 'p', 'param_3': 'f', 'param_4': 'v', 'param_5': 'm', 'nspname_1': 'pg_catalog'}
2026-08-25 11:33:18,901 | INFO | SELECT pg_catalog.pg_class.relname 
FROM pg_catalog.pg_class JOIN pg_catalog.pg_namespace ON pg_catalog.pg_namespace.oid = pg_catalog.pg_class.relnamespace 
WHERE pg_catalog.pg_class.relname = %(table_name)s AND pg_catalog.pg_class.relkind = ANY (ARRAY[%(param_1)s, %(param_2)s, %(param_3)s, %(param_4)s, %(param_5)s]) AND pg_catalog.pg_table_is_visible(pg_catalog.pg_class.oid) AND pg_catalog.pg_namespace.nspname != %(nspname_1)s
2026-08-25 11:33:18,902 | INFO | [cached since 0.00301s ago] {'table_name': 'usuarios', 'param_1': 'r', 'param_2': 'p', 'param_3': 'f', 'param_4': 'v', 'param_5': 'm', 'nspname_1': 'pg_catalog'}
2026-08-25 11:33:18,902 | INFO | COMMIT
2026-08-25 11:37:16,469 | INFO | select pg_catalog.version()
2026-08-25 11:37:16,470 | INFO | [raw sql] {}
2026-08-25 11:37:16,472 | INFO | select current_schema()
2026-08-25 11:37:16,472 | INFO | [raw sql] {}
2026-08-25 11:37:16,473 | INFO | show standard_conforming_strings
2026-08-25 11:37:16,473 | INFO | [raw sql] {}
2026-08-25 11:37:16,474 | INFO | BEGIN (implicit)
2026-08-25 11:37:16,477 | INFO | SELECT pg_catalog.pg_class.relname 
FROM pg_catalog.pg_class JOIN pg_catalog.pg_namespace ON pg_catalog.pg_namespace.oid = pg_catalog.pg_class.relnamespace 
WHERE pg_catalog.pg_class.relname = %(table_name)s AND pg_catalog.pg_class.relkind = ANY (ARRAY[%(param_1)s, %(param_2)s, %(param_3)s, %(param_4)s, %(param_5)s]) AND pg_catalog.pg_table_is_visible(pg_catalog.pg_class.oid) AND pg_catalog.pg_namespace.nspname != %(nspname_1)s
2026-08-25 11:37:16,477 | INFO | [generated in 0.00027s] {'table_name': 'productos', 'param_1': 'r', 'param_2': 'p', 'param_3': 'f', 'param_4': 'v', 'param_5': 'm', 'nspname_1': 'pg_catalog'}
2026-08-25 11:37:16,479 | INFO | SELECT pg_catalog.pg_class.relname 
FROM pg_catalog.pg_class JOIN pg_catalog.pg_namespace ON pg_catalog.pg_namespace.oid = pg_catalog.pg_class.relnamespace 
WHERE pg_catalog.pg_class.relname = %(table_name)s AND pg_catalog.pg_class.relkind = ANY (ARRAY[%(param_1)s, %(param_2)s, %(param_3)s, %(param_4)s, %(param_5)s]) AND pg_catalog.pg_table_is_visible(pg_catalog.pg_class.oid) AND pg_catalog.pg_namespace.nspname != %(nspname_1)s
2026-08-25 11:37:16,479 | INFO | [cached since 0.002519s ago] {'table_name': 'usuarios', 'param_1': 'r', 'param_2': 'p', 'param_3': 'f', 'param_4': 'v', 'param_5': 'm', 'nspname_1': 'pg_catalog'}
2026-08-25 11:37:16,480 | INFO | COMMIT
2026-08-25 11:37:58,350 | INFO | select pg_catalog.version()
2026-08-25 11:37:58,350 | INFO | [raw sql] {}
2026-08-25 11:37:58,351 | INFO | select current_schema()
2026-08-25 11:37:58,352 | INFO | [raw sql] {}
2026-08-25 11:37:58,353 | INFO | show standard_conforming_strings
2026-08-25 11:37:58,353 | INFO | [raw sql] {}
2026-08-25 11:37:58,354 | INFO | BEGIN (implicit)
2026-08-25 11:37:58,358 | INFO | SELECT pg_catalog.pg_class.relname 
FROM pg_catalog.pg_class JOIN pg_catalog.pg_namespace ON pg_catalog.pg_namespace.oid = pg_catalog.pg_class.relnamespace 
WHERE pg_catalog.pg_class.relname = %(table_name)s AND pg_catalog.pg_class.relkind = ANY (ARRAY[%(param_1)s, %(param_2)s, %(param_3)s, %(param_4)s, %(param_5)s]) AND pg_catalog.pg_table_is_visible(pg_catalog.pg_class.oid) AND pg_catalog.pg_namespace.nspname != %(nspname_1)s
2026-08-25 11:37:58,358 | INFO | [generated in 0.00034s] {'table_name': 'productos', 'param_1': 'r', 'param_2': 'p', 'param_3': 'f', 'param_4': 'v', 'param_5': 'm', 'nspname_1': 'pg_catalog'}
2026-08-25 11:37:58,360 | INFO | SELECT pg_catalog.pg_class.relname 
FROM pg_catalog.pg_class JOIN pg_catalog.pg_namespace ON pg_catalog.pg_namespace.oid = pg_catalog.pg_class.relnamespace 
WHERE pg_catalog.pg_class.relname = %(table_name)s AND pg_catalog.pg_class.relkind = ANY (ARRAY[%(param_1)s, %(param_2)s, %(param_3)s, %(param_4)s, %(param_5)s]) AND pg_catalog.pg_table_is_visible(pg_catalog.pg_class.oid) AND pg_catalog.pg_namespace.nspname != %(nspname_1)s
2026-08-25 11:37:58,361 | INFO | [cached since 0.002957s ago] {'table_name': 'usuarios', 'param_1': 'r', 'param_2': 'p', 'param_3': 'f', 'param_4': 'v', 'param_5': 'm', 'nspname_1': 'pg_catalog'}
2026-08-25 11:37:58,361 | INFO | COMMIT
2026-08-25 11:45:34,163 | INFO | select pg_catalog.version()
2026-08-25 11:45:34,163 | INFO | [raw sql] {}
2026-08-25 11:45:34,164 | INFO | select current_schema()
2026-08-25 11:45:34,164 | INFO | [raw sql] {}
2026-08-25 11:45:34,165 | INFO | show standard_conforming_strings
2026-08-25 11:45:34,165 | INFO | [raw sql] {}
2026-08-25 11:45:34,166 | INFO | BEGIN (implicit)
2026-08-25 11:45:34,170 | INFO | SELECT pg_catalog.pg_class.relname 
FROM pg_catalog.pg_class JOIN pg_catalog.pg_namespace ON pg_catalog.pg_namespace.oid = pg_catalog.pg_class.relnamespace 
WHERE pg_catalog.pg_class.relname = %(table_name)s AND pg_catalog.pg_class.relkind = ANY (ARRAY[%(param_1)s, %(param_2)s, %(param_3)s, %(param_4)s, %(param_5)s]) AND pg_catalog.pg_table_is_visible(pg_catalog.pg_class.oid) AND pg_catalog.pg_namespace.nspname != %(nspname_1)s
2026-08-25 11:45:34,170 | INFO | [generated in 0.00039s] {'table_name': 'productos', 'param_1': 'r', 'param_2': 'p', 'param_3': 'f', 'param_4': 'v', 'param_5': 'm', 'nspname_1': 'pg_catalog'}
2026-08-25 11:45:34,172 | INFO | SELECT pg_catalog.pg_class.relname 
FROM pg_catalog.pg_class JOIN pg_catalog.pg_namespace ON pg_catalog.pg_namespace.oid = pg_catalog.pg_class.relnamespace 
WHERE pg_catalog.pg_class.relname = %(table_name)s AND pg_catalog.pg_class.relkind = ANY (ARRAY[%(param_1)s, %(param_2)s, %(param_3)s, %(param_4)s, %(param_5)s]) AND pg_catalog.pg_table_is_visible(pg_catalog.pg_class.oid) AND pg_catalog.pg_namespace.nspname != %(nspname_1)s
2026-08-25 11:45:34,173 | INFO | [cached since 0.003065s ago] {'table_name': 'usuarios', 'param_1': 'r', 'param_2': 'p', 'param_3': 'f', 'param_4': 'v', 'param_5': 'm', 'nspname_1': 'pg_catalog'}
2026-08-25 11:45:34,173 | INFO | COMMIT
2026-08-25 11:45:56,981 | INFO | BEGIN (implicit)
2026-08-25 11:45:56,983 | INFO | SELECT productos.id AS productos_id, productos.nombre AS productos_nombre, productos.precio AS productos_precio 
FROM productos
2026-08-25 11:45:56,983 | INFO | [generated in 0.00034s] {}
2026-08-25 11:45:56,990 | INFO | ROLLBACK
2026-08-25 11:46:13,707 | INFO | BEGIN (implicit)
2026-08-25 11:46:13,707 | INFO | SELECT productos.id AS productos_id, productos.nombre AS productos_nombre, productos.precio AS productos_precio 
FROM productos
2026-08-25 11:46:13,708 | INFO | [cached since 16.73s ago] {}
2026-08-25 11:46:13,713 | INFO | ROLLBACK
2026-08-25 11:46:19,777 | INFO | BEGIN (implicit)
2026-08-25 11:46:19,778 | INFO | SELECT usuarios.username AS usuarios_username, usuarios.password_hashed AS usuarios_password_hashed 
FROM usuarios 
WHERE usuarios.username = %(username_1)s 
 LIMIT %(param_1)s
2026-08-25 11:46:19,778 | INFO | [generated in 0.00024s] {'username_1': 'admin', 'param_1': 1}
2026-08-25 11:46:19,781 | INFO | ROLLBACK
2026-08-25 11:46:19,784 | INFO | BEGIN (implicit)
2026-08-25 11:46:19,784 | INFO | SELECT productos.id AS productos_id, productos.nombre AS productos_nombre, productos.precio AS productos_precio 
FROM productos
2026-08-25 11:46:19,784 | INFO | [cached since 22.8s ago] {}
2026-08-25 11:46:19,786 | INFO | ROLLBACK
2026-08-25 11:46:39,479 | INFO | BEGIN (implicit)
2026-08-25 11:46:39,479 | INFO | SELECT productos.id AS productos_id, productos.nombre AS productos_nombre, productos.precio AS productos_precio 
FROM productos
2026-08-25 11:46:39,479 | INFO | [cached since 42.5s ago] {}
2026-08-25 11:46:39,482 | INFO | ROLLBACK
2026-08-25 11:46:39,685 | INFO | BEGIN (implicit)
2026-08-25 11:46:39,686 | INFO | SELECT productos.id AS productos_id, productos.nombre AS productos_nombre, productos.precio AS productos_precio 
FROM productos
2026-08-25 11:46:39,687 | INFO | [cached since 42.7s ago] {}
2026-08-25 11:46:39,691 | INFO | ROLLBACK
2026-08-25 11:46:52,413 | INFO | select pg_catalog.version()
2026-08-25 11:46:52,414 | INFO | [raw sql] {}
2026-08-25 11:46:52,415 | INFO | select current_schema()
2026-08-25 11:46:52,416 | INFO | [raw sql] {}
2026-08-25 11:46:52,417 | INFO | show standard_conforming_strings
2026-08-25 11:46:52,417 | INFO | [raw sql] {}
2026-08-25 11:46:52,418 | INFO | BEGIN (implicit)
2026-08-25 11:46:52,421 | INFO | SELECT pg_catalog.pg_class.relname 
FROM pg_catalog.pg_class JOIN pg_catalog.pg_namespace ON pg_catalog.pg_namespace.oid = pg_catalog.pg_class.relnamespace 
WHERE pg_catalog.pg_class.relname = %(table_name)s AND pg_catalog.pg_class.relkind = ANY (ARRAY[%(param_1)s, %(param_2)s, %(param_3)s, %(param_4)s, %(param_5)s]) AND pg_catalog.pg_table_is_visible(pg_catalog.pg_class.oid) AND pg_catalog.pg_namespace.nspname != %(nspname_1)s
2026-08-25 11:46:52,422 | INFO | [generated in 0.00063s] {'table_name': 'productos', 'param_1': 'r', 'param_2': 'p', 'param_3': 'f', 'param_4': 'v', 'param_5': 'm', 'nspname_1': 'pg_catalog'}
2026-08-25 11:46:52,425 | INFO | SELECT pg_catalog.pg_class.relname 
FROM pg_catalog.pg_class JOIN pg_catalog.pg_namespace ON pg_catalog.pg_namespace.oid = pg_catalog.pg_class.relnamespace 
WHERE pg_catalog.pg_class.relname = %(table_name)s AND pg_catalog.pg_class.relkind = ANY (ARRAY[%(param_1)s, %(param_2)s, %(param_3)s, %(param_4)s, %(param_5)s]) AND pg_catalog.pg_table_is_visible(pg_catalog.pg_class.oid) AND pg_catalog.pg_namespace.nspname != %(nspname_1)s
2026-08-25 11:46:52,425 | INFO | [cached since 0.00409s ago] {'table_name': 'usuarios', 'param_1': 'r', 'param_2': 'p', 'param_3': 'f', 'param_4': 'v', 'param_5': 'm', 'nspname_1': 'pg_catalog'}
2026-08-25 11:46:52,426 | INFO | COMMIT
2026-08-25 11:46:55,164 | INFO | BEGIN (implicit)
2026-08-25 11:46:55,165 | INFO | SELECT productos.id AS productos_id, productos.nombre AS productos_nombre, productos.precio AS productos_precio 
FROM productos
2026-08-25 11:46:55,166 | INFO | [generated in 0.00027s] {}
2026-08-25 11:46:55,170 | INFO | ROLLBACK
2026-08-25 11:46:56,426 | INFO | BEGIN (implicit)
2026-08-25 11:46:56,426 | INFO | SELECT productos.id AS productos_id, productos.nombre AS productos_nombre, productos.precio AS productos_precio 
FROM productos
2026-08-25 11:46:56,426 | INFO | [cached since 1.261s ago] {}
2026-08-25 11:46:56,428 | INFO | ROLLBACK
2026-08-25 11:50:51,247 | INFO | select pg_catalog.version()
2026-08-25 11:50:51,247 | INFO | [raw sql] {}
2026-08-25 11:50:51,248 | INFO | select current_schema()
2026-08-25 11:50:51,249 | INFO | [raw sql] {}
2026-08-25 11:50:51,249 | INFO | show standard_conforming_strings
2026-08-25 11:50:51,250 | INFO | [raw sql] {}
2026-08-25 11:50:51,250 | INFO | BEGIN (implicit)
2026-08-25 11:50:51,254 | INFO | SELECT pg_catalog.pg_class.relname 
FROM pg_catalog.pg_class JOIN pg_catalog.pg_namespace ON pg_catalog.pg_namespace.oid = pg_catalog.pg_class.relnamespace 
WHERE pg_catalog.pg_class.relname = %(table_name)s AND pg_catalog.pg_class.relkind = ANY (ARRAY[%(param_1)s, %(param_2)s, %(param_3)s, %(param_4)s, %(param_5)s]) AND pg_catalog.pg_table_is_visible(pg_catalog.pg_class.oid) AND pg_catalog.pg_namespace.nspname != %(nspname_1)s
2026-08-25 11:50:51,254 | INFO | [generated in 0.00041s] {'table_name': 'productos', 'param_1': 'r', 'param_2': 'p', 'param_3': 'f', 'param_4': 'v', 'param_5': 'm', 'nspname_1': 'pg_catalog'}
2026-08-25 11:50:51,257 | INFO | SELECT pg_catalog.pg_class.relname 
FROM pg_catalog.pg_class JOIN pg_catalog.pg_namespace ON pg_catalog.pg_namespace.oid = pg_catalog.pg_class.relnamespace 
WHERE pg_catalog.pg_class.relname = %(table_name)s AND pg_catalog.pg_class.relkind = ANY (ARRAY[%(param_1)s, %(param_2)s, %(param_3)s, %(param_4)s, %(param_5)s]) AND pg_catalog.pg_table_is_visible(pg_catalog.pg_class.oid) AND pg_catalog.pg_namespace.nspname != %(nspname_1)s
2026-08-25 11:50:51,257 | INFO | [cached since 0.003637s ago] {'table_name': 'usuarios', 'param_1': 'r', 'param_2': 'p', 'param_3': 'f', 'param_4': 'v', 'param_5': 'm', 'nspname_1': 'pg_catalog'}
2026-08-25 11:50:51,258 | INFO | COMMIT
2026-08-25 11:50:58,904 | INFO | select pg_catalog.version()
2026-08-25 11:50:58,904 | INFO | [raw sql] {}
2026-08-25 11:50:58,906 | INFO | select current_schema()
2026-08-25 11:50:58,906 | INFO | [raw sql] {}
2026-08-25 11:50:58,907 | INFO | show standard_conforming_strings
2026-08-25 11:50:58,907 | INFO | [raw sql] {}
2026-08-25 11:50:58,908 | INFO | BEGIN (implicit)
2026-08-25 11:50:58,911 | INFO | SELECT pg_catalog.pg_class.relname 
FROM pg_catalog.pg_class JOIN pg_catalog.pg_namespace ON pg_catalog.pg_namespace.oid = pg_catalog.pg_class.relnamespace 
WHERE pg_catalog.pg_class.relname = %(table_name)s AND pg_catalog.pg_class.relkind = ANY (ARRAY[%(param_1)s, %(param_2)s, %(param_3)s, %(param_4)s, %(param_5)s]) AND pg_catalog.pg_table_is_visible(pg_catalog.pg_class.oid) AND pg_catalog.pg_namespace.nspname != %(nspname_1)s
2026-08-25 11:50:58,911 | INFO | [generated in 0.00026s] {'table_name': 'productos', 'param_1': 'r', 'param_2': 'p', 'param_3': 'f', 'param_4': 'v', 'param_5': 'm', 'nspname_1': 'pg_catalog'}
2026-08-25 11:50:58,913 | INFO | SELECT pg_catalog.pg_class.relname 
FROM pg_catalog.pg_class JOIN pg_catalog.pg_namespace ON pg_catalog.pg_namespace.oid = pg_catalog.pg_class.relnamespace 
WHERE pg_catalog.pg_class.relname = %(table_name)s AND pg_catalog.pg_class.relkind = ANY (ARRAY[%(param_1)s, %(param_2)s, %(param_3)s, %(param_4)s, %(param_5)s]) AND pg_catalog.pg_table_is_visible(pg_catalog.pg_class.oid) AND pg_catalog.pg_namespace.nspname != %(nspname_1)s
2026-08-25 11:50:58,914 | INFO | [cached since 0.002886s ago] {'table_name': 'usuarios', 'param_1': 'r', 'param_2': 'p', 'param_3': 'f', 'param_4': 'v', 'param_5': 'm', 'nspname_1': 'pg_catalog'}
2026-08-25 11:50:58,914 | INFO | COMMIT
2026-08-25 11:51:05,995 | INFO | BEGIN (implicit)
2026-08-25 11:51:05,997 | INFO | SELECT productos.id AS productos_id, productos.nombre AS productos_nombre, productos.precio AS productos_precio 
FROM productos
2026-08-25 11:51:05,997 | INFO | [generated in 0.00029s] {}
2026-08-25 11:51:06,002 | INFO | ROLLBACK
2026-08-25 11:51:12,876 | INFO | BEGIN (implicit)
2026-08-25 11:51:12,877 | INFO | SELECT usuarios.username AS usuarios_username, usuarios.password_hashed AS usuarios_password_hashed 
FROM usuarios 
WHERE usuarios.username = %(username_1)s 
 LIMIT %(param_1)s
2026-08-25 11:51:12,877 | INFO | [generated in 0.00032s] {'username_1': 'admin', 'param_1': 1}
2026-08-25 11:51:12,880 | INFO | ROLLBACK
2026-08-25 11:51:12,884 | INFO | BEGIN (implicit)
2026-08-25 11:51:12,884 | INFO | SELECT productos.id AS productos_id, productos.nombre AS productos_nombre, productos.precio AS productos_precio 
FROM productos
2026-08-25 11:51:12,884 | INFO | [cached since 6.887s ago] {}
2026-08-25 11:51:12,885 | INFO | ROLLBACK
2026-08-25 11:59:21,148 | INFO | select pg_catalog.version()
2026-08-25 11:59:21,148 | INFO | [raw sql] {}
2026-08-25 11:59:21,149 | INFO | select current_schema()
2026-08-25 11:59:21,150 | INFO | [raw sql] {}
2026-08-25 11:59:21,150 | INFO | show standard_conforming_strings
2026-08-25 11:59:21,151 | INFO | [raw sql] {}
2026-08-25 11:59:21,152 | INFO | BEGIN (implicit)
2026-08-25 11:59:21,155 | INFO | SELECT pg_catalog.pg_class.relname 
FROM pg_catalog.pg_class JOIN pg_catalog.pg_namespace ON pg_catalog.pg_namespace.oid = pg_catalog.pg_class.relnamespace 
WHERE pg_catalog.pg_class.relname = %(table_name)s AND pg_catalog.pg_class.relkind = ANY (ARRAY[%(param_1)s, %(param_2)s, %(param_3)s, %(param_4)s, %(param_5)s]) AND pg_catalog.pg_table_is_visible(pg_catalog.pg_class.oid) AND pg_catalog.pg_namespace.nspname != %(nspname_1)s
2026-08-25 11:59:21,156 | INFO | [generated in 0.00032s] {'table_name': 'productos', 'param_1': 'r', 'param_2': 'p', 'param_3': 'f', 'param_4': 'v', 'param_5': 'm', 'nspname_1': 'pg_catalog'}
2026-08-25 11:59:21,158 | INFO | SELECT pg_catalog.pg_class.relname 
FROM pg_catalog.pg_class JOIN pg_catalog.pg_namespace ON pg_catalog.pg_namespace.oid = pg_catalog.pg_class.relnamespace 
WHERE pg_catalog.pg_class.relname = %(table_name)s AND pg_catalog.pg_class.relkind = ANY (ARRAY[%(param_1)s, %(param_2)s, %(param_3)s, %(param_4)s, %(param_5)s]) AND pg_catalog.pg_table_is_visible(pg_catalog.pg_class.oid) AND pg_catalog.pg_namespace.nspname != %(nspname_1)s
2026-08-25 11:59:21,158 | INFO | [cached since 0.002724s ago] {'table_name': 'usuarios', 'param_1': 'r', 'param_2': 'p', 'param_3': 'f', 'param_4': 'v', 'param_5': 'm', 'nspname_1': 'pg_catalog'}
2026-08-25 11:59:21,159 | INFO | COMMIT
2026-08-25 12:01:04,625 | INFO | select pg_catalog.version()
2026-08-25 12:01:04,626 | INFO | [raw sql] {}
2026-08-25 12:01:04,627 | INFO | select current_schema()
2026-08-25 12:01:04,627 | INFO | [raw sql] {}
2026-08-25 12:01:04,628 | INFO | show standard_conforming_strings
2026-08-25 12:01:04,629 | INFO | [raw sql] {}
2026-08-25 12:01:04,630 | INFO | BEGIN (implicit)
2026-08-25 12:01:04,632 | INFO | SELECT pg_catalog.pg_class.relname 
FROM pg_catalog.pg_class JOIN pg_catalog.pg_namespace ON pg_catalog.pg_namespace.oid = pg_catalog.pg_class.relnamespace 
WHERE pg_catalog.pg_class.relname = %(table_name)s AND pg_catalog.pg_class.relkind = ANY (ARRAY[%(param_1)s, %(param_2)s, %(param_3)s, %(param_4)s, %(param_5)s]) AND pg_catalog.pg_table_is_visible(pg_catalog.pg_class.oid) AND pg_catalog.pg_namespace.nspname != %(nspname_1)s
2026-08-25 12:01:04,633 | INFO | [generated in 0.00025s] {'table_name': 'productos', 'param_1': 'r', 'param_2': 'p', 'param_3': 'f', 'param_4': 'v', 'param_5': 'm', 'nspname_1': 'pg_catalog'}
2026-08-25 12:01:04,635 | INFO | SELECT pg_catalog.pg_class.relname 
FROM pg_catalog.pg_class JOIN pg_catalog.pg_namespace ON pg_catalog.pg_namespace.oid = pg_catalog.pg_class.relnamespace 
WHERE pg_catalog.pg_class.relname = %(table_name)s AND pg_catalog.pg_class.relkind = ANY (ARRAY[%(param_1)s, %(param_2)s, %(param_3)s, %(param_4)s, %(param_5)s]) AND pg_catalog.pg_table_is_visible(pg_catalog.pg_class.oid) AND pg_catalog.pg_namespace.nspname != %(nspname_1)s
2026-08-25 12:01:04,636 | INFO | [cached since 0.003322s ago] {'table_name': 'usuarios', 'param_1': 'r', 'param_2': 'p', 'param_3': 'f', 'param_4': 'v', 'param_5': 'm', 'nspname_1': 'pg_catalog'}
2026-08-25 12:01:04,637 | INFO | COMMIT
2026-08-25 12:04:15,402 | INFO | select pg_catalog.version()
2026-08-25 12:04:15,402 | INFO | [raw sql] {}
2026-08-25 12:04:15,403 | INFO | select current_schema()
2026-08-25 12:04:15,404 | INFO | [raw sql] {}
2026-08-25 12:04:15,404 | INFO | show standard_conforming_strings
2026-08-25 12:04:15,405 | INFO | [raw sql] {}
2026-08-25 12:04:15,406 | INFO | BEGIN (implicit)
2026-08-25 12:04:15,408 | INFO | SELECT pg_catalog.pg_class.relname 
FROM pg_catalog.pg_class JOIN pg_catalog.pg_namespace ON pg_catalog.pg_namespace.oid = pg_catalog.pg_class.relnamespace 
WHERE pg_catalog.pg_class.relname = %(table_name)s AND pg_catalog.pg_class.relkind = ANY (ARRAY[%(param_1)s, %(param_2)s, %(param_3)s, %(param_4)s, %(param_5)s]) AND pg_catalog.pg_table_is_visible(pg_catalog.pg_class.oid) AND pg_catalog.pg_namespace.nspname != %(nspname_1)s
2026-08-25 12:04:15,409 | INFO | [generated in 0.00029s] {'table_name': 'productos', 'param_1': 'r', 'param_2': 'p', 'param_3': 'f', 'param_4': 'v', 'param_5': 'm', 'nspname_1': 'pg_catalog'}
2026-08-25 12:04:15,411 | INFO | SELECT pg_catalog.pg_class.relname 
FROM pg_catalog.pg_class JOIN pg_catalog.pg_namespace ON pg_catalog.pg_namespace.oid = pg_catalog.pg_class.relnamespace 
WHERE pg_catalog.pg_class.relname = %(table_name)s AND pg_catalog.pg_class.relkind = ANY (ARRAY[%(param_1)s, %(param_2)s, %(param_3)s, %(param_4)s, %(param_5)s]) AND pg_catalog.pg_table_is_visible(pg_catalog.pg_class.oid) AND pg_catalog.pg_namespace.nspname != %(nspname_1)s
2026-08-25 12:04:15,411 | INFO | [cached since 0.002625s ago] {'table_name': 'usuarios', 'param_1': 'r', 'param_2': 'p', 'param_3': 'f', 'param_4': 'v', 'param_5': 'm', 'nspname_1': 'pg_catalog'}
2026-08-25 12:04:15,412 | INFO | COMMIT
2026-08-25 12:05:01,383 | INFO | select pg_catalog.version()
2026-08-25 12:05:01,384 | INFO | [raw sql] {}
2026-08-25 12:05:01,385 | INFO | select current_schema()
2026-08-25 12:05:01,385 | INFO | [raw sql] {}
2026-08-25 12:05:01,386 | INFO | show standard_conforming_strings
2026-08-25 12:05:01,387 | INFO | [raw sql] {}
2026-08-25 12:05:01,387 | INFO | BEGIN (implicit)
2026-08-25 12:05:01,390 | INFO | SELECT pg_catalog.pg_class.relname 
FROM pg_catalog.pg_class JOIN pg_catalog.pg_namespace ON pg_catalog.pg_namespace.oid = pg_catalog.pg_class.relnamespace 
WHERE pg_catalog.pg_class.relname = %(table_name)s AND pg_catalog.pg_class.relkind = ANY (ARRAY[%(param_1)s, %(param_2)s, %(param_3)s, %(param_4)s, %(param_5)s]) AND pg_catalog.pg_table_is_visible(pg_catalog.pg_class.oid) AND pg_catalog.pg_namespace.nspname != %(nspname_1)s
2026-08-25 12:05:01,390 | INFO | [generated in 0.00027s] {'table_name': 'productos', 'param_1': 'r', 'param_2': 'p', 'param_3': 'f', 'param_4': 'v', 'param_5': 'm', 'nspname_1': 'pg_catalog'}
2026-08-25 12:05:01,392 | INFO | SELECT pg_catalog.pg_class.relname 
FROM pg_catalog.pg_class JOIN pg_catalog.pg_namespace ON pg_catalog.pg_namespace.oid = pg_catalog.pg_class.relnamespace 
WHERE pg_catalog.pg_class.relname = %(table_name)s AND pg_catalog.pg_class.relkind = ANY (ARRAY[%(param_1)s, %(param_2)s, %(param_3)s, %(param_4)s, %(param_5)s]) AND pg_catalog.pg_table_is_visible(pg_catalog.pg_class.oid) AND pg_catalog.pg_namespace.nspname != %(nspname_1)s
2026-08-25 12:05:01,393 | INFO | [cached since 0.002514s ago] {'table_name': 'usuarios', 'param_1': 'r', 'param_2': 'p', 'param_3': 'f', 'param_4': 'v', 'param_5': 'm', 'nspname_1': 'pg_catalog'}
2026-08-25 12:05:01,393 | INFO | COMMIT
2026-08-25 12:09:20,747 | INFO | select pg_catalog.version()
2026-08-25 12:09:20,748 | INFO | [raw sql] {}
2026-08-25 12:09:20,749 | INFO | select current_schema()
2026-08-25 12:09:20,749 | INFO | [raw sql] {}
2026-08-25 12:09:20,750 | INFO | show standard_conforming_strings
2026-08-25 12:09:20,750 | INFO | [raw sql] {}
2026-08-25 12:09:20,751 | INFO | BEGIN (implicit)
2026-08-25 12:09:20,755 | INFO | SELECT pg_catalog.pg_class.relname 
FROM pg_catalog.pg_class JOIN pg_catalog.pg_namespace ON pg_catalog.pg_namespace.oid = pg_catalog.pg_class.relnamespace 
WHERE pg_catalog.pg_class.relname = %(table_name)s AND pg_catalog.pg_class.relkind = ANY (ARRAY[%(param_1)s, %(param_2)s, %(param_3)s, %(param_4)s, %(param_5)s]) AND pg_catalog.pg_table_is_visible(pg_catalog.pg_class.oid) AND pg_catalog.pg_namespace.nspname != %(nspname_1)s
2026-08-25 12:09:20,755 | INFO | [generated in 0.00033s] {'table_name': 'productos', 'param_1': 'r', 'param_2': 'p', 'param_3': 'f', 'param_4': 'v', 'param_5': 'm', 'nspname_1': 'pg_catalog'}
2026-08-25 12:09:20,757 | INFO | SELECT pg_catalog.pg_class.relname 
FROM pg_catalog.pg_class JOIN pg_catalog.pg_namespace ON pg_catalog.pg_namespace.oid = pg_catalog.pg_class.relnamespace 
WHERE pg_catalog.pg_class.relname = %(table_name)s AND pg_catalog.pg_class.relkind = ANY (ARRAY[%(param_1)s, %(param_2)s, %(param_3)s, %(param_4)s, %(param_5)s]) AND pg_catalog.pg_table_is_visible(pg_catalog.pg_class.oid) AND pg_catalog.pg_namespace.nspname != %(nspname_1)s
2026-08-25 12:09:20,757 | INFO | [cached since 0.002769s ago] {'table_name': 'usuarios', 'param_1': 'r', 'param_2': 'p', 'param_3': 'f', 'param_4': 'v', 'param_5': 'm', 'nspname_1': 'pg_catalog'}
2026-08-25 12:09:20,758 | INFO | COMMIT
2026-08-25 12:09:26,449 | INFO | BEGIN (implicit)
2026-08-25 12:09:26,457 | INFO | SELECT productos.id AS productos_id, productos.nombre AS productos_nombre, productos.precio AS productos_precio 
FROM productos
2026-08-25 12:09:26,458 | INFO | [generated in 0.00067s] {}
2026-08-25 12:09:26,464 | INFO | ROLLBACK
2026-08-25 12:09:26,642 | INFO | BEGIN (implicit)
2026-08-25 12:09:26,642 | INFO | SELECT productos.id AS productos_id, productos.nombre AS productos_nombre, productos.precio AS productos_precio 
FROM productos
2026-08-25 12:09:26,643 | INFO | [cached since 0.1858s ago] {}
2026-08-25 12:09:26,647 | INFO | ROLLBACK
2026-08-25 12:09:26,798 | INFO | BEGIN (implicit)
2026-08-25 12:09:26,799 | INFO | SELECT productos.id AS productos_id, productos.nombre AS productos_nombre, productos.precio AS productos_precio 
FROM productos
2026-08-25 12:09:26,800 | INFO | [cached since 0.3428s ago] {}
2026-08-25 12:09:26,804 | INFO | ROLLBACK
2026-08-25 12:09:27,006 | INFO | BEGIN (implicit)
2026-08-25 12:09:27,006 | INFO | SELECT productos.id AS productos_id, productos.nombre AS productos_nombre, productos.precio AS productos_precio 
FROM productos
2026-08-25 12:09:27,007 | INFO | [cached since 0.5495s ago] {}
2026-08-25 12:09:27,009 | INFO | ROLLBACK
2026-08-25 12:09:28,340 | INFO | BEGIN (implicit)
2026-08-25 12:09:28,340 | INFO | SELECT productos.id AS productos_id, productos.nombre AS productos_nombre, productos.precio AS productos_precio 
FROM productos
2026-08-25 12:09:28,341 | INFO | [cached since 1.884s ago] {}
2026-08-25 12:09:28,343 | INFO | ROLLBACK
2026-08-25 12:09:28,516 | INFO | BEGIN (implicit)
2026-08-25 12:09:28,516 | INFO | SELECT productos.id AS productos_id, productos.nombre AS productos_nombre, productos.precio AS productos_precio 
FROM productos
2026-08-25 12:09:28,517 | INFO | [cached since 2.06s ago] {}
2026-08-25 12:09:28,520 | INFO | ROLLBACK
2026-08-25 12:09:28,739 | INFO | BEGIN (implicit)
2026-08-25 12:09:28,739 | INFO | SELECT productos.id AS productos_id, productos.nombre AS productos_nombre, productos.precio AS productos_precio 
FROM productos
2026-08-25 12:09:28,740 | INFO | [cached since 2.282s ago] {}
2026-08-25 12:09:28,742 | INFO | ROLLBACK
2026-08-25 12:09:41,457 | INFO | BEGIN (implicit)
2026-08-25 12:09:41,458 | INFO | SELECT usuarios.username AS usuarios_username, usuarios.password_hashed AS usuarios_password_hashed 
FROM usuarios 
WHERE usuarios.username = %(username_1)s 
 LIMIT %(param_1)s
2026-08-25 12:09:41,459 | INFO | [generated in 0.00024s] {'username_1': 'admin', 'param_1': 1}
2026-08-25 12:09:41,462 | INFO | ROLLBACK
2026-08-25 12:09:41,467 | INFO | BEGIN (implicit)
2026-08-25 12:09:41,468 | INFO | SELECT productos.id AS productos_id, productos.nombre AS productos_nombre, productos.precio AS productos_precio 
FROM productos
2026-08-25 12:09:41,469 | INFO | [cached since 15.01s ago] {}
2026-08-25 12:09:41,473 | INFO | ROLLBACK
2026-08-25 12:24:21,865 | INFO | select pg_catalog.version()
2026-08-25 12:24:21,866 | INFO | [raw sql] {}
2026-08-25 12:24:21,867 | INFO | select current_schema()
2026-08-25 12:24:21,867 | INFO | [raw sql] {}
2026-08-25 12:24:21,868 | INFO | show standard_conforming_strings
2026-08-25 12:24:21,868 | INFO | [raw sql] {}
2026-08-25 12:24:21,869 | INFO | BEGIN (implicit)
2026-08-25 12:24:21,873 | INFO | SELECT pg_catalog.pg_class.relname 
FROM pg_catalog.pg_class JOIN pg_catalog.pg_namespace ON pg_catalog.pg_namespace.oid = pg_catalog.pg_class.relnamespace 
WHERE pg_catalog.pg_class.relname = %(table_name)s AND pg_catalog.pg_class.relkind = ANY (ARRAY[%(param_1)s, %(param_2)s, %(param_3)s, %(param_4)s, %(param_5)s]) AND pg_catalog.pg_table_is_visible(pg_catalog.pg_class.oid) AND pg_catalog.pg_namespace.nspname != %(nspname_1)s
2026-08-25 12:24:21,873 | INFO | [generated in 0.00044s] {'table_name': 'productos', 'param_1': 'r', 'param_2': 'p', 'param_3': 'f', 'param_4': 'v', 'param_5': 'm', 'nspname_1': 'pg_catalog'}
2026-08-25 12:24:21,875 | INFO | SELECT pg_catalog.pg_class.relname 
FROM pg_catalog.pg_class JOIN pg_catalog.pg_namespace ON pg_catalog.pg_namespace.oid = pg_catalog.pg_class.relnamespace 
WHERE pg_catalog.pg_class.relname = %(table_name)s AND pg_catalog.pg_class.relkind = ANY (ARRAY[%(param_1)s, %(param_2)s, %(param_3)s, %(param_4)s, %(param_5)s]) AND pg_catalog.pg_table_is_visible(pg_catalog.pg_class.oid) AND pg_catalog.pg_namespace.nspname != %(nspname_1)s
2026-08-25 12:24:21,876 | INFO | [cached since 0.003063s ago] {'table_name': 'usuarios', 'param_1': 'r', 'param_2': 'p', 'param_3': 'f', 'param_4': 'v', 'param_5': 'm', 'nspname_1': 'pg_catalog'}
2026-08-25 12:24:21,877 | INFO | COMMIT
2026-08-25 12:26:10,552 | INFO | select pg_catalog.version()
2026-08-25 12:26:10,552 | INFO | [raw sql] {}
2026-08-25 12:26:10,554 | INFO | select current_schema()
2026-08-25 12:26:10,554 | INFO | [raw sql] {}
2026-08-25 12:26:10,555 | INFO | show standard_conforming_strings
2026-08-25 12:26:10,555 | INFO | [raw sql] {}
2026-08-25 12:26:10,556 | INFO | BEGIN (implicit)
2026-08-25 12:26:10,559 | INFO | SELECT pg_catalog.pg_class.relname 
FROM pg_catalog.pg_class JOIN pg_catalog.pg_namespace ON pg_catalog.pg_namespace.oid = pg_catalog.pg_class.relnamespace 
WHERE pg_catalog.pg_class.relname = %(table_name)s AND pg_catalog.pg_class.relkind = ANY (ARRAY[%(param_1)s, %(param_2)s, %(param_3)s, %(param_4)s, %(param_5)s]) AND pg_catalog.pg_table_is_visible(pg_catalog.pg_class.oid) AND pg_catalog.pg_namespace.nspname != %(nspname_1)s
2026-08-25 12:26:10,559 | INFO | [generated in 0.00027s] {'table_name': 'productos', 'param_1': 'r', 'param_2': 'p', 'param_3': 'f', 'param_4': 'v', 'param_5': 'm', 'nspname_1': 'pg_catalog'}
2026-08-25 12:26:10,561 | INFO | SELECT pg_catalog.pg_class.relname 
FROM pg_catalog.pg_class JOIN pg_catalog.pg_namespace ON pg_catalog.pg_namespace.oid = pg_catalog.pg_class.relnamespace 
WHERE pg_catalog.pg_class.relname = %(table_name)s AND pg_catalog.pg_class.relkind = ANY (ARRAY[%(param_1)s, %(param_2)s, %(param_3)s, %(param_4)s, %(param_5)s]) AND pg_catalog.pg_table_is_visible(pg_catalog.pg_class.oid) AND pg_catalog.pg_namespace.nspname != %(nspname_1)s
2026-08-25 12:26:10,561 | INFO | [cached since 0.002812s ago] {'table_name': 'usuarios', 'param_1': 'r', 'param_2': 'p', 'param_3': 'f', 'param_4': 'v', 'param_5': 'm', 'nspname_1': 'pg_catalog'}
2026-08-25 12:26:10,562 | INFO | COMMIT
2026-08-25 12:30:37,410 | INFO | select pg_catalog.version()
2026-08-25 12:30:37,411 | INFO | [raw sql] {}
2026-08-25 12:30:37,412 | INFO | select current_schema()
2026-08-25 12:30:37,413 | INFO | [raw sql] {}
2026-08-25 12:30:37,413 | INFO | show standard_conforming_strings
2026-08-25 12:30:37,414 | INFO | [raw sql] {}
2026-08-25 12:30:37,414 | INFO | BEGIN (implicit)
2026-08-25 12:30:37,419 | INFO | SELECT pg_catalog.pg_class.relname 
FROM pg_catalog.pg_class JOIN pg_catalog.pg_namespace ON pg_catalog.pg_namespace.oid = pg_catalog.pg_class.relnamespace 
WHERE pg_catalog.pg_class.relname = %(table_name)s AND pg_catalog.pg_class.relkind = ANY (ARRAY[%(param_1)s, %(param_2)s, %(param_3)s, %(param_4)s, %(param_5)s]) AND pg_catalog.pg_table_is_visible(pg_catalog.pg_class.oid) AND pg_catalog.pg_namespace.nspname != %(nspname_1)s
2026-08-25 12:30:37,420 | INFO | [generated in 0.00045s] {'table_name': 'productos', 'param_1': 'r', 'param_2': 'p', 'param_3': 'f', 'param_4': 'v', 'param_5': 'm', 'nspname_1': 'pg_catalog'}
2026-08-25 12:30:37,422 | INFO | SELECT pg_catalog.pg_class.relname 
FROM pg_catalog.pg_class JOIN pg_catalog.pg_namespace ON pg_catalog.pg_namespace.oid = pg_catalog.pg_class.relnamespace 
WHERE pg_catalog.pg_class.relname = %(table_name)s AND pg_catalog.pg_class.relkind = ANY (ARRAY[%(param_1)s, %(param_2)s, %(param_3)s, %(param_4)s, %(param_5)s]) AND pg_catalog.pg_table_is_visible(pg_catalog.pg_class.oid) AND pg_catalog.pg_namespace.nspname != %(nspname_1)s
2026-08-25 12:30:37,423 | INFO | [cached since 0.003506s ago] {'table_name': 'usuarios', 'param_1': 'r', 'param_2': 'p', 'param_3': 'f', 'param_4': 'v', 'param_5': 'm', 'nspname_1': 'pg_catalog'}
2026-08-25 12:30:37,424 | INFO | 
CREATE TABLE productos (
	id SERIAL NOT NULL, 
	nombre VARCHAR NOT NULL, 
	precio FLOAT NOT NULL, 
	"UsuarioCreacion" VARCHAR NOT NULL, 
	"FechaCreacion" TIMESTAMP WITH TIME ZONE NOT NULL, 
	"UsuarioModificacion" VARCHAR, 
	"FechaModificacion" TIMESTAMP WITH TIME ZONE, 
	"EstadoTupla" BOOLEAN NOT NULL, 
	PRIMARY KEY (id)
)


2026-08-25 12:30:37,424 | INFO | [no key 0.00032s] {}
2026-08-25 12:30:37,439 | INFO | CREATE INDEX ix_productos_id ON productos (id)
2026-08-25 12:30:37,440 | INFO | [no key 0.00032s] {}
2026-08-25 12:30:37,442 | INFO | 
CREATE TABLE usuarios (
	username VARCHAR NOT NULL, 
	password_hashed VARCHAR NOT NULL, 
	"UsuarioCreacion" VARCHAR NOT NULL, 
	"FechaCreacion" TIMESTAMP WITH TIME ZONE NOT NULL, 
	"UsuarioModificacion" VARCHAR, 
	"FechaModificacion" TIMESTAMP WITH TIME ZONE, 
	"EstadoTupla" BOOLEAN NOT NULL, 
	PRIMARY KEY (username)
)


2026-08-25 12:30:37,443 | INFO | [no key 0.00032s] {}
2026-08-25 12:30:37,449 | INFO | CREATE INDEX ix_usuarios_username ON usuarios (username)
2026-08-25 12:30:37,449 | INFO | [no key 0.00053s] {}
2026-08-25 12:30:37,454 | INFO | COMMIT
2026-08-25 12:30:42,338 | INFO | BEGIN (implicit)
2026-08-25 12:30:42,340 | INFO | SELECT usuarios.username AS usuarios_username, usuarios.password_hashed AS usuarios_password_hashed, usuarios."UsuarioCreacion" AS "usuarios_UsuarioCreacion", usuarios."FechaCreacion" AS "usuarios_FechaCreacion", usuarios."UsuarioModificacion" AS "usuarios_UsuarioModificacion", usuarios."FechaModificacion" AS "usuarios_FechaModificacion", usuarios."EstadoTupla" AS "usuarios_EstadoTupla" 
FROM usuarios 
WHERE usuarios.username = %(username_1)s 
 LIMIT %(param_1)s
2026-08-25 12:30:42,340 | INFO | [generated in 0.00024s] {'username_1': 'admin', 'param_1': 1}
2026-08-25 12:30:42,343 | INFO | ROLLBACK
2026-08-25 12:31:11,861 | INFO | select pg_catalog.version()
2026-08-25 12:31:11,861 | INFO | [raw sql] {}
2026-08-25 12:31:11,863 | INFO | select current_schema()
2026-08-25 12:31:11,863 | INFO | [raw sql] {}
2026-08-25 12:31:11,864 | INFO | show standard_conforming_strings
2026-08-25 12:31:11,864 | INFO | [raw sql] {}
2026-08-25 12:31:11,865 | INFO | BEGIN (implicit)
2026-08-25 12:31:11,869 | INFO | SELECT pg_catalog.pg_class.relname 
FROM pg_catalog.pg_class JOIN pg_catalog.pg_namespace ON pg_catalog.pg_namespace.oid = pg_catalog.pg_class.relnamespace 
WHERE pg_catalog.pg_class.relname = %(table_name)s AND pg_catalog.pg_class.relkind = ANY (ARRAY[%(param_1)s, %(param_2)s, %(param_3)s, %(param_4)s, %(param_5)s]) AND pg_catalog.pg_table_is_visible(pg_catalog.pg_class.oid) AND pg_catalog.pg_namespace.nspname != %(nspname_1)s
2026-08-25 12:31:11,869 | INFO | [generated in 0.00033s] {'table_name': 'productos', 'param_1': 'r', 'param_2': 'p', 'param_3': 'f', 'param_4': 'v', 'param_5': 'm', 'nspname_1': 'pg_catalog'}
2026-08-25 12:31:11,872 | INFO | SELECT pg_catalog.pg_class.relname 
FROM pg_catalog.pg_class JOIN pg_catalog.pg_namespace ON pg_catalog.pg_namespace.oid = pg_catalog.pg_class.relnamespace 
WHERE pg_catalog.pg_class.relname = %(table_name)s AND pg_catalog.pg_class.relkind = ANY (ARRAY[%(param_1)s, %(param_2)s, %(param_3)s, %(param_4)s, %(param_5)s]) AND pg_catalog.pg_table_is_visible(pg_catalog.pg_class.oid) AND pg_catalog.pg_namespace.nspname != %(nspname_1)s
2026-08-25 12:31:11,872 | INFO | [cached since 0.003241s ago] {'table_name': 'usuarios', 'param_1': 'r', 'param_2': 'p', 'param_3': 'f', 'param_4': 'v', 'param_5': 'm', 'nspname_1': 'pg_catalog'}
2026-08-25 12:31:11,873 | INFO | COMMIT
2026-08-25 12:31:44,427 | INFO | BEGIN (implicit)
2026-08-25 12:31:44,429 | INFO | SELECT usuarios.username AS usuarios_username, usuarios.password_hashed AS usuarios_password_hashed, usuarios."UsuarioCreacion" AS "usuarios_UsuarioCreacion", usuarios."FechaCreacion" AS "usuarios_FechaCreacion", usuarios."UsuarioModificacion" AS "usuarios_UsuarioModificacion", usuarios."FechaModificacion" AS "usuarios_FechaModificacion", usuarios."EstadoTupla" AS "usuarios_EstadoTupla" 
FROM usuarios 
WHERE usuarios.username = %(username_1)s 
 LIMIT %(param_1)s
2026-08-25 12:31:44,429 | INFO | [generated in 0.00034s] {'username_1': 'admin', 'param_1': 1}
2026-08-25 12:31:44,432 | INFO | INSERT INTO usuarios (username, password_hashed, "UsuarioCreacion", "FechaCreacion", "UsuarioModificacion", "FechaModificacion", "EstadoTupla") VALUES (%(username)s, %(password_hashed)s, %(UsuarioCreacion)s, %(FechaCreacion)s, %(UsuarioModificacion)s, %(FechaModificacion)s, %(EstadoTupla)s)
2026-08-25 12:31:44,433 | INFO | [generated in 0.00049s] {'username': 'admin', 'password_hashed': '5ac0852e770506dcd80f1a36d20ba7878bf82244b836d9324593bd14bc56dcb5', 'UsuarioCreacion': 'sistema', 'FechaCreacion': datetime.datetime(2026, 8, 25, 16, 31, 44, 432548, tzinfo=datetime.timezone.utc), 'UsuarioModificacion': None, 'FechaModificacion': None, 'EstadoTupla': True}
2026-08-25 12:31:44,438 | INFO | COMMIT
2026-08-25 12:32:10,113 | INFO | BEGIN (implicit)
2026-08-25 12:32:10,122 | INFO | SELECT usuarios.username AS usuarios_username, usuarios.password_hashed AS usuarios_password_hashed, usuarios."UsuarioCreacion" AS "usuarios_UsuarioCreacion", usuarios."FechaCreacion" AS "usuarios_FechaCreacion", usuarios."UsuarioModificacion" AS "usuarios_UsuarioModificacion", usuarios."FechaModificacion" AS "usuarios_FechaModificacion", usuarios."EstadoTupla" AS "usuarios_EstadoTupla" 
FROM usuarios 
WHERE usuarios.username = %(username_1)s 
 LIMIT %(param_1)s
2026-08-25 12:32:10,122 | INFO | [cached since 25.69s ago] {'username_1': 'admin', 'param_1': 1}
2026-08-25 12:32:10,127 | INFO | ROLLBACK
2026-08-25 12:32:43,753 | INFO | BEGIN (implicit)
2026-08-25 12:32:43,754 | INFO | SELECT usuarios.username AS usuarios_username, usuarios.password_hashed AS usuarios_password_hashed, usuarios."UsuarioCreacion" AS "usuarios_UsuarioCreacion", usuarios."FechaCreacion" AS "usuarios_FechaCreacion", usuarios."UsuarioModificacion" AS "usuarios_UsuarioModificacion", usuarios."FechaModificacion" AS "usuarios_FechaModificacion", usuarios."EstadoTupla" AS "usuarios_EstadoTupla" 
FROM usuarios 
WHERE usuarios.username = %(username_1)s 
 LIMIT %(param_1)s
2026-08-25 12:32:43,754 | INFO | [cached since 59.33s ago] {'username_1': 'admin', 'param_1': 1}
2026-08-25 12:32:43,756 | INFO | ROLLBACK
2026-08-25 12:32:43,762 | INFO | BEGIN (implicit)
2026-08-25 12:32:43,763 | INFO | SELECT productos.id AS productos_id, productos.nombre AS productos_nombre, productos.precio AS productos_precio, productos."UsuarioCreacion" AS "productos_UsuarioCreacion", productos."FechaCreacion" AS "productos_FechaCreacion", productos."UsuarioModificacion" AS "productos_UsuarioModificacion", productos."FechaModificacion" AS "productos_FechaModificacion", productos."EstadoTupla" AS "productos_EstadoTupla" 
FROM productos 
WHERE productos."EstadoTupla" = true
2026-08-25 12:32:43,763 | INFO | [generated in 0.00022s] {}
2026-08-25 12:32:43,766 | INFO | ROLLBACK
2026-08-25 12:33:03,039 | INFO | BEGIN (implicit)
2026-08-25 12:33:03,041 | INFO | INSERT INTO productos (nombre, precio, "UsuarioCreacion", "FechaCreacion", "UsuarioModificacion", "FechaModificacion", "EstadoTupla") VALUES (%(nombre)s, %(precio)s, %(UsuarioCreacion)s, %(FechaCreacion)s, %(UsuarioModificacion)s, %(FechaModificacion)s, %(EstadoTupla)s) RETURNING productos.id
2026-08-25 12:33:03,041 | INFO | [generated in 0.00051s] {'nombre': 'Producto 1', 'precio': 1000.0, 'UsuarioCreacion': 'admin', 'FechaCreacion': datetime.datetime(2026, 8, 25, 16, 33, 3, 41076, tzinfo=datetime.timezone.utc), 'UsuarioModificacion': None, 'FechaModificacion': None, 'EstadoTupla': True}
2026-08-25 12:33:03,044 | INFO | COMMIT
2026-08-25 12:33:03,045 | INFO | BEGIN (implicit)
2026-08-25 12:33:03,046 | INFO | SELECT productos.id, productos.nombre, productos.precio, productos."UsuarioCreacion", productos."FechaCreacion", productos."UsuarioModificacion", productos."FechaModificacion", productos."EstadoTupla" 
FROM productos 
WHERE productos.id = %(pk_1)s
2026-08-25 12:33:03,046 | INFO | [generated in 0.00023s] {'pk_1': 1}
2026-08-25 12:33:03,048 | INFO | ROLLBACK
2026-08-25 12:33:03,054 | INFO | BEGIN (implicit)
2026-08-25 12:33:03,055 | INFO | SELECT productos.id AS productos_id, productos.nombre AS productos_nombre, productos.precio AS productos_precio, productos."UsuarioCreacion" AS "productos_UsuarioCreacion", productos."FechaCreacion" AS "productos_FechaCreacion", productos."UsuarioModificacion" AS "productos_UsuarioModificacion", productos."FechaModificacion" AS "productos_FechaModificacion", productos."EstadoTupla" AS "productos_EstadoTupla" 
FROM productos 
WHERE productos."EstadoTupla" = true
2026-08-25 12:33:03,055 | INFO | [cached since 19.29s ago] {}
2026-08-25 12:33:03,056 | INFO | ROLLBACK
2026-08-25 12:33:14,071 | INFO | BEGIN (implicit)
2026-08-25 12:33:14,071 | INFO | INSERT INTO productos (nombre, precio, "UsuarioCreacion", "FechaCreacion", "UsuarioModificacion", "FechaModificacion", "EstadoTupla") VALUES (%(nombre)s, %(precio)s, %(UsuarioCreacion)s, %(FechaCreacion)s, %(UsuarioModificacion)s, %(FechaModificacion)s, %(EstadoTupla)s) RETURNING productos.id
2026-08-25 12:33:14,071 | INFO | [cached since 11.03s ago] {'nombre': 'Producto 2', 'precio': 2000.0, 'UsuarioCreacion': 'admin', 'FechaCreacion': datetime.datetime(2026, 8, 25, 16, 33, 14, 71732, tzinfo=datetime.timezone.utc), 'UsuarioModificacion': None, 'FechaModificacion': None, 'EstadoTupla': True}
2026-08-25 12:33:14,072 | INFO | COMMIT
2026-08-25 12:33:14,075 | INFO | BEGIN (implicit)
2026-08-25 12:33:14,075 | INFO | SELECT productos.id, productos.nombre, productos.precio, productos."UsuarioCreacion", productos."FechaCreacion", productos."UsuarioModificacion", productos."FechaModificacion", productos."EstadoTupla" 
FROM productos 
WHERE productos.id = %(pk_1)s
2026-08-25 12:33:14,076 | INFO | [cached since 11.03s ago] {'pk_1': 2}
2026-08-25 12:33:14,077 | INFO | ROLLBACK
2026-08-25 12:33:14,080 | INFO | BEGIN (implicit)
2026-08-25 12:33:14,081 | INFO | SELECT productos.id AS productos_id, productos.nombre AS productos_nombre, productos.precio AS productos_precio, productos."UsuarioCreacion" AS "productos_UsuarioCreacion", productos."FechaCreacion" AS "productos_FechaCreacion", productos."UsuarioModificacion" AS "productos_UsuarioModificacion", productos."FechaModificacion" AS "productos_FechaModificacion", productos."EstadoTupla" AS "productos_EstadoTupla" 
FROM productos 
WHERE productos."EstadoTupla" = true
2026-08-25 12:33:14,081 | INFO | [cached since 30.32s ago] {}
2026-08-25 12:33:14,082 | INFO | ROLLBACK
2026-08-25 12:38:07,643 | INFO | select pg_catalog.version()
2026-08-25 12:38:07,643 | INFO | [raw sql] {}
2026-08-25 12:38:07,645 | INFO | select current_schema()
2026-08-25 12:38:07,646 | INFO | [raw sql] {}
2026-08-25 12:38:07,646 | INFO | show standard_conforming_strings
2026-08-25 12:38:07,647 | INFO | [raw sql] {}
2026-08-25 12:38:07,648 | INFO | BEGIN (implicit)
2026-08-25 12:38:07,652 | INFO | SELECT pg_catalog.pg_class.relname 
FROM pg_catalog.pg_class JOIN pg_catalog.pg_namespace ON pg_catalog.pg_namespace.oid = pg_catalog.pg_class.relnamespace 
WHERE pg_catalog.pg_class.relname = %(table_name)s AND pg_catalog.pg_class.relkind = ANY (ARRAY[%(param_1)s, %(param_2)s, %(param_3)s, %(param_4)s, %(param_5)s]) AND pg_catalog.pg_table_is_visible(pg_catalog.pg_class.oid) AND pg_catalog.pg_namespace.nspname != %(nspname_1)s
2026-08-25 12:38:07,652 | INFO | [generated in 0.00038s] {'table_name': 'productos', 'param_1': 'r', 'param_2': 'p', 'param_3': 'f', 'param_4': 'v', 'param_5': 'm', 'nspname_1': 'pg_catalog'}
2026-08-25 12:38:07,654 | INFO | SELECT pg_catalog.pg_class.relname 
FROM pg_catalog.pg_class JOIN pg_catalog.pg_namespace ON pg_catalog.pg_namespace.oid = pg_catalog.pg_class.relnamespace 
WHERE pg_catalog.pg_class.relname = %(table_name)s AND pg_catalog.pg_class.relkind = ANY (ARRAY[%(param_1)s, %(param_2)s, %(param_3)s, %(param_4)s, %(param_5)s]) AND pg_catalog.pg_table_is_visible(pg_catalog.pg_class.oid) AND pg_catalog.pg_namespace.nspname != %(nspname_1)s
2026-08-25 12:38:07,655 | INFO | [cached since 0.003001s ago] {'table_name': 'usuarios', 'param_1': 'r', 'param_2': 'p', 'param_3': 'f', 'param_4': 'v', 'param_5': 'm', 'nspname_1': 'pg_catalog'}
2026-08-25 12:38:07,655 | INFO | COMMIT
2026-08-25 12:38:13,745 | INFO | select pg_catalog.version()
2026-08-25 12:38:13,745 | INFO | [raw sql] {}
2026-08-25 12:38:13,746 | INFO | select current_schema()
2026-08-25 12:38:13,747 | INFO | [raw sql] {}
2026-08-25 12:38:13,747 | INFO | show standard_conforming_strings
2026-08-25 12:38:13,748 | INFO | [raw sql] {}
2026-08-25 12:38:13,749 | INFO | BEGIN (implicit)
2026-08-25 12:38:13,752 | INFO | SELECT pg_catalog.pg_class.relname 
FROM pg_catalog.pg_class JOIN pg_catalog.pg_namespace ON pg_catalog.pg_namespace.oid = pg_catalog.pg_class.relnamespace 
WHERE pg_catalog.pg_class.relname = %(table_name)s AND pg_catalog.pg_class.relkind = ANY (ARRAY[%(param_1)s, %(param_2)s, %(param_3)s, %(param_4)s, %(param_5)s]) AND pg_catalog.pg_table_is_visible(pg_catalog.pg_class.oid) AND pg_catalog.pg_namespace.nspname != %(nspname_1)s
2026-08-25 12:38:13,752 | INFO | [generated in 0.00035s] {'table_name': 'productos', 'param_1': 'r', 'param_2': 'p', 'param_3': 'f', 'param_4': 'v', 'param_5': 'm', 'nspname_1': 'pg_catalog'}
2026-08-25 12:38:13,755 | INFO | SELECT pg_catalog.pg_class.relname 
FROM pg_catalog.pg_class JOIN pg_catalog.pg_namespace ON pg_catalog.pg_namespace.oid = pg_catalog.pg_class.relnamespace 
WHERE pg_catalog.pg_class.relname = %(table_name)s AND pg_catalog.pg_class.relkind = ANY (ARRAY[%(param_1)s, %(param_2)s, %(param_3)s, %(param_4)s, %(param_5)s]) AND pg_catalog.pg_table_is_visible(pg_catalog.pg_class.oid) AND pg_catalog.pg_namespace.nspname != %(nspname_1)s
2026-08-25 12:38:13,755 | INFO | [cached since 0.003312s ago] {'table_name': 'usuarios', 'param_1': 'r', 'param_2': 'p', 'param_3': 'f', 'param_4': 'v', 'param_5': 'm', 'nspname_1': 'pg_catalog'}
2026-08-25 12:38:13,756 | INFO | COMMIT
2026-08-25 12:38:32,859 | INFO | BEGIN (implicit)
2026-08-25 12:38:32,860 | INFO | SELECT usuarios.username AS usuarios_username, usuarios.password_hashed AS usuarios_password_hashed, usuarios."UsuarioCreacion" AS "usuarios_UsuarioCreacion", usuarios."FechaCreacion" AS "usuarios_FechaCreacion", usuarios."UsuarioModificacion" AS "usuarios_UsuarioModificacion", usuarios."FechaModificacion" AS "usuarios_FechaModificacion", usuarios."EstadoTupla" AS "usuarios_EstadoTupla" 
FROM usuarios 
WHERE usuarios.username = %(username_1)s 
 LIMIT %(param_1)s
2026-08-25 12:38:32,860 | INFO | [generated in 0.00024s] {'username_1': 'admin', 'param_1': 1}
2026-08-25 12:38:32,864 | INFO | ROLLBACK
2026-08-25 12:38:32,871 | INFO | BEGIN (implicit)
2026-08-25 12:38:32,873 | INFO | SELECT productos.id AS productos_id, productos.nombre AS productos_nombre, productos.precio AS productos_precio, productos."UsuarioCreacion" AS "productos_UsuarioCreacion", productos."FechaCreacion" AS "productos_FechaCreacion", productos."UsuarioModificacion" AS "productos_UsuarioModificacion", productos."FechaModificacion" AS "productos_FechaModificacion", productos."EstadoTupla" AS "productos_EstadoTupla" 
FROM productos 
WHERE productos."EstadoTupla" = true
2026-08-25 12:38:32,873 | INFO | [generated in 0.00047s] {}
2026-08-25 12:38:32,877 | INFO | ROLLBACK
2026-08-25 12:38:49,940 | INFO | BEGIN (implicit)
2026-08-25 12:38:49,942 | INFO | INSERT INTO productos (nombre, precio, "UsuarioCreacion", "FechaCreacion", "UsuarioModificacion", "FechaModificacion", "EstadoTupla") VALUES (%(nombre)s, %(precio)s, %(UsuarioCreacion)s, %(FechaCreacion)s, %(UsuarioModificacion)s, %(FechaModificacion)s, %(EstadoTupla)s) RETURNING productos.id
2026-08-25 12:38:49,942 | INFO | [generated in 0.00029s] {'nombre': 'Producto 3', 'precio': 3000.0, 'UsuarioCreacion': 'admin', 'FechaCreacion': datetime.datetime(2026, 8, 25, 16, 38, 49, 942196, tzinfo=datetime.timezone.utc), 'UsuarioModificacion': None, 'FechaModificacion': None, 'EstadoTupla': True}
2026-08-25 12:38:49,943 | INFO | COMMIT
2026-08-25 12:38:49,945 | INFO | BEGIN (implicit)
2026-08-25 12:38:49,946 | INFO | SELECT productos.id, productos.nombre, productos.precio, productos."UsuarioCreacion", productos."FechaCreacion", productos."UsuarioModificacion", productos."FechaModificacion", productos."EstadoTupla" 
FROM productos 
WHERE productos.id = %(pk_1)s
2026-08-25 12:38:49,946 | INFO | [generated in 0.00018s] {'pk_1': 3}
2026-08-25 12:38:49,948 | INFO | ROLLBACK
2026-08-25 12:38:49,954 | INFO | BEGIN (implicit)
2026-08-25 12:38:49,955 | INFO | SELECT productos.id AS productos_id, productos.nombre AS productos_nombre, productos.precio AS productos_precio, productos."UsuarioCreacion" AS "productos_UsuarioCreacion", productos."FechaCreacion" AS "productos_FechaCreacion", productos."UsuarioModificacion" AS "productos_UsuarioModificacion", productos."FechaModificacion" AS "productos_FechaModificacion", productos."EstadoTupla" AS "productos_EstadoTupla" 
FROM productos 
WHERE productos."EstadoTupla" = true
2026-08-25 12:38:49,955 | INFO | [cached since 17.08s ago] {}
2026-08-25 12:38:49,956 | INFO | ROLLBACK
2026-08-25 12:38:57,036 | INFO | BEGIN (implicit)
2026-08-25 12:38:57,036 | INFO | INSERT INTO productos (nombre, precio, "UsuarioCreacion", "FechaCreacion", "UsuarioModificacion", "FechaModificacion", "EstadoTupla") VALUES (%(nombre)s, %(precio)s, %(UsuarioCreacion)s, %(FechaCreacion)s, %(UsuarioModificacion)s, %(FechaModificacion)s, %(EstadoTupla)s) RETURNING productos.id
2026-08-25 12:38:57,036 | INFO | [cached since 7.095s ago] {'nombre': 'Producto 4', 'precio': 4000.0, 'UsuarioCreacion': 'admin', 'FechaCreacion': datetime.datetime(2026, 8, 25, 16, 38, 57, 36518, tzinfo=datetime.timezone.utc), 'UsuarioModificacion': None, 'FechaModificacion': None, 'EstadoTupla': True}
2026-08-25 12:38:57,037 | INFO | COMMIT
2026-08-25 12:38:57,039 | INFO | BEGIN (implicit)
2026-08-25 12:38:57,039 | INFO | SELECT productos.id, productos.nombre, productos.precio, productos."UsuarioCreacion", productos."FechaCreacion", productos."UsuarioModificacion", productos."FechaModificacion", productos."EstadoTupla" 
FROM productos 
WHERE productos.id = %(pk_1)s
2026-08-25 12:38:57,039 | INFO | [cached since 7.094s ago] {'pk_1': 4}
2026-08-25 12:38:57,041 | INFO | ROLLBACK
2026-08-25 12:38:57,044 | INFO | BEGIN (implicit)
2026-08-25 12:38:57,044 | INFO | SELECT productos.id AS productos_id, productos.nombre AS productos_nombre, productos.precio AS productos_precio, productos."UsuarioCreacion" AS "productos_UsuarioCreacion", productos."FechaCreacion" AS "productos_FechaCreacion", productos."UsuarioModificacion" AS "productos_UsuarioModificacion", productos."FechaModificacion" AS "productos_FechaModificacion", productos."EstadoTupla" AS "productos_EstadoTupla" 
FROM productos 
WHERE productos."EstadoTupla" = true
2026-08-25 12:38:57,044 | INFO | [cached since 24.17s ago] {}
2026-08-25 12:38:57,046 | INFO | ROLLBACK
2026-08-25 12:43:46,076 | INFO | select pg_catalog.version()
2026-08-25 12:43:46,077 | INFO | [raw sql] {}
2026-08-25 12:43:46,078 | INFO | select current_schema()
2026-08-25 12:43:46,078 | INFO | [raw sql] {}
2026-08-25 12:43:46,079 | INFO | show standard_conforming_strings
2026-08-25 12:43:46,079 | INFO | [raw sql] {}
2026-08-25 12:43:46,080 | INFO | BEGIN (implicit)
2026-08-25 12:43:46,083 | INFO | SELECT pg_catalog.pg_class.relname 
FROM pg_catalog.pg_class JOIN pg_catalog.pg_namespace ON pg_catalog.pg_namespace.oid = pg_catalog.pg_class.relnamespace 
WHERE pg_catalog.pg_class.relname = %(table_name)s AND pg_catalog.pg_class.relkind = ANY (ARRAY[%(param_1)s, %(param_2)s, %(param_3)s, %(param_4)s, %(param_5)s]) AND pg_catalog.pg_table_is_visible(pg_catalog.pg_class.oid) AND pg_catalog.pg_namespace.nspname != %(nspname_1)s
2026-08-25 12:43:46,083 | INFO | [generated in 0.00051s] {'table_name': 'productos', 'param_1': 'r', 'param_2': 'p', 'param_3': 'f', 'param_4': 'v', 'param_5': 'm', 'nspname_1': 'pg_catalog'}
2026-08-25 12:43:46,085 | INFO | SELECT pg_catalog.pg_class.relname 
FROM pg_catalog.pg_class JOIN pg_catalog.pg_namespace ON pg_catalog.pg_namespace.oid = pg_catalog.pg_class.relnamespace 
WHERE pg_catalog.pg_class.relname = %(table_name)s AND pg_catalog.pg_class.relkind = ANY (ARRAY[%(param_1)s, %(param_2)s, %(param_3)s, %(param_4)s, %(param_5)s]) AND pg_catalog.pg_table_is_visible(pg_catalog.pg_class.oid) AND pg_catalog.pg_namespace.nspname != %(nspname_1)s
2026-08-25 12:43:46,086 | INFO | [cached since 0.003019s ago] {'table_name': 'usuarios', 'param_1': 'r', 'param_2': 'p', 'param_3': 'f', 'param_4': 'v', 'param_5': 'm', 'nspname_1': 'pg_catalog'}
2026-08-25 12:43:46,086 | INFO | COMMIT
2026-08-25 12:51:13,369 | INFO | select pg_catalog.version()
2026-08-25 12:51:13,370 | INFO | [raw sql] {}
2026-08-25 12:51:13,371 | INFO | select current_schema()
2026-08-25 12:51:13,371 | INFO | [raw sql] {}
2026-08-25 12:51:13,372 | INFO | show standard_conforming_strings
2026-08-25 12:51:13,372 | INFO | [raw sql] {}
2026-08-25 12:51:13,373 | INFO | BEGIN (implicit)
2026-08-25 12:51:13,376 | INFO | SELECT pg_catalog.pg_class.relname 
FROM pg_catalog.pg_class JOIN pg_catalog.pg_namespace ON pg_catalog.pg_namespace.oid = pg_catalog.pg_class.relnamespace 
WHERE pg_catalog.pg_class.relname = %(table_name)s AND pg_catalog.pg_class.relkind = ANY (ARRAY[%(param_1)s, %(param_2)s, %(param_3)s, %(param_4)s, %(param_5)s]) AND pg_catalog.pg_table_is_visible(pg_catalog.pg_class.oid) AND pg_catalog.pg_namespace.nspname != %(nspname_1)s
2026-08-25 12:51:13,376 | INFO | [generated in 0.00033s] {'table_name': 'productos', 'param_1': 'r', 'param_2': 'p', 'param_3': 'f', 'param_4': 'v', 'param_5': 'm', 'nspname_1': 'pg_catalog'}
2026-08-25 12:51:13,378 | INFO | SELECT pg_catalog.pg_class.relname 
FROM pg_catalog.pg_class JOIN pg_catalog.pg_namespace ON pg_catalog.pg_namespace.oid = pg_catalog.pg_class.relnamespace 
WHERE pg_catalog.pg_class.relname = %(table_name)s AND pg_catalog.pg_class.relkind = ANY (ARRAY[%(param_1)s, %(param_2)s, %(param_3)s, %(param_4)s, %(param_5)s]) AND pg_catalog.pg_table_is_visible(pg_catalog.pg_class.oid) AND pg_catalog.pg_namespace.nspname != %(nspname_1)s
2026-08-25 12:51:13,379 | INFO | [cached since 0.002822s ago] {'table_name': 'usuarios', 'param_1': 'r', 'param_2': 'p', 'param_3': 'f', 'param_4': 'v', 'param_5': 'm', 'nspname_1': 'pg_catalog'}
2026-08-25 12:51:13,379 | INFO | COMMIT
2026-08-25 12:51:22,028 | INFO | BEGIN (implicit)
2026-08-25 12:51:22,030 | INFO | SELECT productos.id AS productos_id, productos.nombre AS productos_nombre, productos.precio AS productos_precio, productos."UsuarioCreacion" AS "productos_UsuarioCreacion", productos."FechaCreacion" AS "productos_FechaCreacion", productos."UsuarioModificacion" AS "productos_UsuarioModificacion", productos."FechaModificacion" AS "productos_FechaModificacion", productos."EstadoTupla" AS "productos_EstadoTupla" 
FROM productos 
WHERE productos."EstadoTupla" = true
2026-08-25 12:51:22,030 | INFO | [generated in 0.00040s] {}
2026-08-25 12:51:22,036 | INFO | ROLLBACK
2026-08-25 12:51:46,124 | INFO | BEGIN (implicit)
2026-08-25 12:51:46,125 | INFO | SELECT productos.id AS productos_id, productos.nombre AS productos_nombre, productos.precio AS productos_precio, productos."UsuarioCreacion" AS "productos_UsuarioCreacion", productos."FechaCreacion" AS "productos_FechaCreacion", productos."UsuarioModificacion" AS "productos_UsuarioModificacion", productos."FechaModificacion" AS "productos_FechaModificacion", productos."EstadoTupla" AS "productos_EstadoTupla" 
FROM productos 
WHERE productos.id = %(id_1)s 
 LIMIT %(param_1)s
2026-08-25 12:51:46,125 | INFO | [generated in 0.00025s] {'id_1': 4, 'param_1': 1}
2026-08-25 12:51:46,129 | INFO | UPDATE productos SET "UsuarioModificacion"=%(UsuarioModificacion)s, "FechaModificacion"=%(FechaModificacion)s, "EstadoTupla"=%(EstadoTupla)s WHERE productos.id = %(productos_id)s
2026-08-25 12:51:46,129 | INFO | [generated in 0.00037s] {'UsuarioModificacion': 'admin', 'FechaModificacion': datetime.datetime(2026, 8, 25, 16, 51, 46, 127728, tzinfo=datetime.timezone.utc), 'EstadoTupla': False, 'productos_id': 4}
2026-08-25 12:51:46,134 | INFO | COMMIT
2026-08-25 12:51:46,142 | INFO | BEGIN (implicit)
2026-08-25 12:51:46,142 | INFO | SELECT productos.id AS productos_id, productos.nombre AS productos_nombre, productos.precio AS productos_precio, productos."UsuarioCreacion" AS "productos_UsuarioCreacion", productos."FechaCreacion" AS "productos_FechaCreacion", productos."UsuarioModificacion" AS "productos_UsuarioModificacion", productos."FechaModificacion" AS "productos_FechaModificacion", productos."EstadoTupla" AS "productos_EstadoTupla" 
FROM productos 
WHERE productos."EstadoTupla" = true
2026-08-25 12:51:46,142 | INFO | [cached since 24.11s ago] {}
2026-08-25 12:51:46,144 | INFO | ROLLBACK
2026-08-25 12:58:45,745 | INFO | select pg_catalog.version()
2026-08-25 12:58:45,745 | INFO | [raw sql] {}
2026-08-25 12:58:45,747 | INFO | select current_schema()
2026-08-25 12:58:45,747 | INFO | [raw sql] {}
2026-08-25 12:58:45,748 | INFO | show standard_conforming_strings
2026-08-25 12:58:45,748 | INFO | [raw sql] {}
2026-08-25 12:58:45,748 | INFO | BEGIN (implicit)
2026-08-25 12:58:45,751 | INFO | SELECT pg_catalog.pg_class.relname 
FROM pg_catalog.pg_class JOIN pg_catalog.pg_namespace ON pg_catalog.pg_namespace.oid = pg_catalog.pg_class.relnamespace 
WHERE pg_catalog.pg_class.relname = %(table_name)s AND pg_catalog.pg_class.relkind = ANY (ARRAY[%(param_1)s, %(param_2)s, %(param_3)s, %(param_4)s, %(param_5)s]) AND pg_catalog.pg_table_is_visible(pg_catalog.pg_class.oid) AND pg_catalog.pg_namespace.nspname != %(nspname_1)s
2026-08-25 12:58:45,751 | INFO | [generated in 0.00025s] {'table_name': 'productos', 'param_1': 'r', 'param_2': 'p', 'param_3': 'f', 'param_4': 'v', 'param_5': 'm', 'nspname_1': 'pg_catalog'}
2026-08-25 12:58:45,753 | INFO | SELECT pg_catalog.pg_class.relname 
FROM pg_catalog.pg_class JOIN pg_catalog.pg_namespace ON pg_catalog.pg_namespace.oid = pg_catalog.pg_class.relnamespace 
WHERE pg_catalog.pg_class.relname = %(table_name)s AND pg_catalog.pg_class.relkind = ANY (ARRAY[%(param_1)s, %(param_2)s, %(param_3)s, %(param_4)s, %(param_5)s]) AND pg_catalog.pg_table_is_visible(pg_catalog.pg_class.oid) AND pg_catalog.pg_namespace.nspname != %(nspname_1)s
2026-08-25 12:58:45,753 | INFO | [cached since 0.002313s ago] {'table_name': 'usuarios', 'param_1': 'r', 'param_2': 'p', 'param_3': 'f', 'param_4': 'v', 'param_5': 'm', 'nspname_1': 'pg_catalog'}
2026-08-25 12:58:45,754 | INFO | COMMIT
2026-08-25 12:59:49,563 | INFO | select pg_catalog.version()
2026-08-25 12:59:49,564 | INFO | [raw sql] {}
2026-08-25 12:59:49,565 | INFO | select current_schema()
2026-08-25 12:59:49,565 | INFO | [raw sql] {}
2026-08-25 12:59:49,566 | INFO | show standard_conforming_strings
2026-08-25 12:59:49,566 | INFO | [raw sql] {}
2026-08-25 12:59:49,567 | INFO | BEGIN (implicit)
2026-08-25 12:59:49,570 | INFO | SELECT pg_catalog.pg_class.relname 
FROM pg_catalog.pg_class JOIN pg_catalog.pg_namespace ON pg_catalog.pg_namespace.oid = pg_catalog.pg_class.relnamespace 
WHERE pg_catalog.pg_class.relname = %(table_name)s AND pg_catalog.pg_class.relkind = ANY (ARRAY[%(param_1)s, %(param_2)s, %(param_3)s, %(param_4)s, %(param_5)s]) AND pg_catalog.pg_table_is_visible(pg_catalog.pg_class.oid) AND pg_catalog.pg_namespace.nspname != %(nspname_1)s
2026-08-25 12:59:49,570 | INFO | [generated in 0.00033s] {'table_name': 'productos', 'param_1': 'r', 'param_2': 'p', 'param_3': 'f', 'param_4': 'v', 'param_5': 'm', 'nspname_1': 'pg_catalog'}
2026-08-25 12:59:49,572 | INFO | SELECT pg_catalog.pg_class.relname 
FROM pg_catalog.pg_class JOIN pg_catalog.pg_namespace ON pg_catalog.pg_namespace.oid = pg_catalog.pg_class.relnamespace 
WHERE pg_catalog.pg_class.relname = %(table_name)s AND pg_catalog.pg_class.relkind = ANY (ARRAY[%(param_1)s, %(param_2)s, %(param_3)s, %(param_4)s, %(param_5)s]) AND pg_catalog.pg_table_is_visible(pg_catalog.pg_class.oid) AND pg_catalog.pg_namespace.nspname != %(nspname_1)s
2026-08-25 12:59:49,572 | INFO | [cached since 0.002741s ago] {'table_name': 'usuarios', 'param_1': 'r', 'param_2': 'p', 'param_3': 'f', 'param_4': 'v', 'param_5': 'm', 'nspname_1': 'pg_catalog'}
2026-08-25 12:59:49,573 | INFO | COMMIT
2026-08-25 12:59:54,016 | INFO | BEGIN (implicit)
2026-08-25 12:59:54,020 | INFO | SELECT productos.id AS productos_id, productos.nombre AS productos_nombre, productos.precio AS productos_precio, productos."UsuarioCreacion" AS "productos_UsuarioCreacion", productos."FechaCreacion" AS "productos_FechaCreacion", productos."UsuarioModificacion" AS "productos_UsuarioModificacion", productos."FechaModificacion" AS "productos_FechaModificacion", productos."EstadoTupla" AS "productos_EstadoTupla" 
FROM productos 
WHERE productos."EstadoTupla" = true
2026-08-25 12:59:54,020 | INFO | [generated in 0.00035s] {}
2026-08-25 12:59:54,025 | INFO | ROLLBACK
2026-08-25 12:59:55,242 | INFO | BEGIN (implicit)
2026-08-25 12:59:55,243 | INFO | SELECT productos.id AS productos_id, productos.nombre AS productos_nombre, productos.precio AS productos_precio, productos."UsuarioCreacion" AS "productos_UsuarioCreacion", productos."FechaCreacion" AS "productos_FechaCreacion", productos."UsuarioModificacion" AS "productos_UsuarioModificacion", productos."FechaModificacion" AS "productos_FechaModificacion", productos."EstadoTupla" AS "productos_EstadoTupla" 
FROM productos
2026-08-25 12:59:55,243 | INFO | [generated in 0.00038s] {}
2026-08-25 12:59:55,252 | INFO | ROLLBACK
2026-08-25 13:04:55,535 | INFO | select pg_catalog.version()
2026-08-25 13:04:55,536 | INFO | [raw sql] {}
2026-08-25 13:04:55,538 | INFO | select current_schema()
2026-08-25 13:04:55,539 | INFO | [raw sql] {}
2026-08-25 13:04:55,539 | INFO | show standard_conforming_strings
2026-08-25 13:04:55,540 | INFO | [raw sql] {}
2026-08-25 13:04:55,540 | INFO | BEGIN (implicit)
2026-08-25 13:04:55,543 | INFO | SELECT pg_catalog.pg_class.relname 
FROM pg_catalog.pg_class JOIN pg_catalog.pg_namespace ON pg_catalog.pg_namespace.oid = pg_catalog.pg_class.relnamespace 
WHERE pg_catalog.pg_class.relname = %(table_name)s AND pg_catalog.pg_class.relkind = ANY (ARRAY[%(param_1)s, %(param_2)s, %(param_3)s, %(param_4)s, %(param_5)s]) AND pg_catalog.pg_table_is_visible(pg_catalog.pg_class.oid) AND pg_catalog.pg_namespace.nspname != %(nspname_1)s
2026-08-25 13:04:55,543 | INFO | [generated in 0.00022s] {'table_name': 'productos', 'param_1': 'r', 'param_2': 'p', 'param_3': 'f', 'param_4': 'v', 'param_5': 'm', 'nspname_1': 'pg_catalog'}
2026-08-25 13:04:55,545 | INFO | SELECT pg_catalog.pg_class.relname 
FROM pg_catalog.pg_class JOIN pg_catalog.pg_namespace ON pg_catalog.pg_namespace.oid = pg_catalog.pg_class.relnamespace 
WHERE pg_catalog.pg_class.relname = %(table_name)s AND pg_catalog.pg_class.relkind = ANY (ARRAY[%(param_1)s, %(param_2)s, %(param_3)s, %(param_4)s, %(param_5)s]) AND pg_catalog.pg_table_is_visible(pg_catalog.pg_class.oid) AND pg_catalog.pg_namespace.nspname != %(nspname_1)s
2026-08-25 13:04:55,546 | INFO | [cached since 0.002958s ago] {'table_name': 'usuarios', 'param_1': 'r', 'param_2': 'p', 'param_3': 'f', 'param_4': 'v', 'param_5': 'm', 'nspname_1': 'pg_catalog'}
2026-08-25 13:04:55,546 | INFO | COMMIT
2026-08-25 13:06:01,393 | INFO | select pg_catalog.version()
2026-08-25 13:06:01,393 | INFO | [raw sql] {}
2026-08-25 13:06:01,394 | INFO | select current_schema()
2026-08-25 13:06:01,394 | INFO | [raw sql] {}
2026-08-25 13:06:01,395 | INFO | show standard_conforming_strings
2026-08-25 13:06:01,396 | INFO | [raw sql] {}
2026-08-25 13:06:01,397 | INFO | BEGIN (implicit)
2026-08-25 13:06:01,402 | INFO | SELECT pg_catalog.pg_class.relname 
FROM pg_catalog.pg_class JOIN pg_catalog.pg_namespace ON pg_catalog.pg_namespace.oid = pg_catalog.pg_class.relnamespace 
WHERE pg_catalog.pg_class.relname = %(table_name)s AND pg_catalog.pg_class.relkind = ANY (ARRAY[%(param_1)s, %(param_2)s, %(param_3)s, %(param_4)s, %(param_5)s]) AND pg_catalog.pg_table_is_visible(pg_catalog.pg_class.oid) AND pg_catalog.pg_namespace.nspname != %(nspname_1)s
2026-08-25 13:06:01,402 | INFO | [generated in 0.00050s] {'table_name': 'productos', 'param_1': 'r', 'param_2': 'p', 'param_3': 'f', 'param_4': 'v', 'param_5': 'm', 'nspname_1': 'pg_catalog'}
2026-08-25 13:06:01,405 | INFO | SELECT pg_catalog.pg_class.relname 
FROM pg_catalog.pg_class JOIN pg_catalog.pg_namespace ON pg_catalog.pg_namespace.oid = pg_catalog.pg_class.relnamespace 
WHERE pg_catalog.pg_class.relname = %(table_name)s AND pg_catalog.pg_class.relkind = ANY (ARRAY[%(param_1)s, %(param_2)s, %(param_3)s, %(param_4)s, %(param_5)s]) AND pg_catalog.pg_table_is_visible(pg_catalog.pg_class.oid) AND pg_catalog.pg_namespace.nspname != %(nspname_1)s
2026-08-25 13:06:01,405 | INFO | [cached since 0.003292s ago] {'table_name': 'usuarios', 'param_1': 'r', 'param_2': 'p', 'param_3': 'f', 'param_4': 'v', 'param_5': 'm', 'nspname_1': 'pg_catalog'}
2026-08-25 13:06:01,406 | INFO | COMMIT
2026-08-25 13:09:01,809 | INFO | select pg_catalog.version()
2026-08-25 13:09:01,809 | INFO | [raw sql] {}
2026-08-25 13:09:01,811 | INFO | select current_schema()
2026-08-25 13:09:01,811 | INFO | [raw sql] {}
2026-08-25 13:09:01,812 | INFO | show standard_conforming_strings
2026-08-25 13:09:01,812 | INFO | [raw sql] {}
2026-08-25 13:09:01,813 | INFO | BEGIN (implicit)
2026-08-25 13:09:01,817 | INFO | SELECT pg_catalog.pg_class.relname 
FROM pg_catalog.pg_class JOIN pg_catalog.pg_namespace ON pg_catalog.pg_namespace.oid = pg_catalog.pg_class.relnamespace 
WHERE pg_catalog.pg_class.relname = %(table_name)s AND pg_catalog.pg_class.relkind = ANY (ARRAY[%(param_1)s, %(param_2)s, %(param_3)s, %(param_4)s, %(param_5)s]) AND pg_catalog.pg_table_is_visible(pg_catalog.pg_class.oid) AND pg_catalog.pg_namespace.nspname != %(nspname_1)s
2026-08-25 13:09:01,817 | INFO | [generated in 0.00032s] {'table_name': 'productos', 'param_1': 'r', 'param_2': 'p', 'param_3': 'f', 'param_4': 'v', 'param_5': 'm', 'nspname_1': 'pg_catalog'}
2026-08-25 13:09:01,819 | INFO | SELECT pg_catalog.pg_class.relname 
FROM pg_catalog.pg_class JOIN pg_catalog.pg_namespace ON pg_catalog.pg_namespace.oid = pg_catalog.pg_class.relnamespace 
WHERE pg_catalog.pg_class.relname = %(table_name)s AND pg_catalog.pg_class.relkind = ANY (ARRAY[%(param_1)s, %(param_2)s, %(param_3)s, %(param_4)s, %(param_5)s]) AND pg_catalog.pg_table_is_visible(pg_catalog.pg_class.oid) AND pg_catalog.pg_namespace.nspname != %(nspname_1)s
2026-08-25 13:09:01,820 | INFO | [cached since 0.00277s ago] {'table_name': 'usuarios', 'param_1': 'r', 'param_2': 'p', 'param_3': 'f', 'param_4': 'v', 'param_5': 'm', 'nspname_1': 'pg_catalog'}
2026-08-25 13:09:01,820 | INFO | COMMIT
2026-08-25 13:09:06,932 | INFO | BEGIN (implicit)
2026-08-25 13:09:06,935 | INFO | SELECT productos.id AS productos_id, productos.nombre AS productos_nombre, productos.precio AS productos_precio, productos."UsuarioCreacion" AS "productos_UsuarioCreacion", productos."FechaCreacion" AS "productos_FechaCreacion", productos."UsuarioModificacion" AS "productos_UsuarioModificacion", productos."FechaModificacion" AS "productos_FechaModificacion", productos."EstadoTupla" AS "productos_EstadoTupla" 
FROM productos 
WHERE productos."EstadoTupla" = true
2026-08-25 13:09:06,936 | INFO | [generated in 0.00077s] {}
2026-08-25 13:09:06,942 | INFO | ROLLBACK
2026-08-25 13:09:30,451 | INFO | BEGIN (implicit)
2026-08-25 13:09:30,453 | INFO | SELECT usuarios.username AS usuarios_username, usuarios.password_hashed AS usuarios_password_hashed, usuarios."UsuarioCreacion" AS "usuarios_UsuarioCreacion", usuarios."FechaCreacion" AS "usuarios_FechaCreacion", usuarios."UsuarioModificacion" AS "usuarios_UsuarioModificacion", usuarios."FechaModificacion" AS "usuarios_FechaModificacion", usuarios."EstadoTupla" AS "usuarios_EstadoTupla" 
FROM usuarios 
WHERE usuarios.username = %(username_1)s 
 LIMIT %(param_1)s
2026-08-25 13:09:30,453 | INFO | [generated in 0.00047s] {'username_1': 'admin', 'param_1': 1}
2026-08-25 13:09:30,457 | INFO | ROLLBACK
2026-08-25 13:09:30,468 | INFO | BEGIN (implicit)
2026-08-25 13:09:30,470 | INFO | SELECT productos.id AS productos_id, productos.nombre AS productos_nombre, productos.precio AS productos_precio, productos."UsuarioCreacion" AS "productos_UsuarioCreacion", productos."FechaCreacion" AS "productos_FechaCreacion", productos."UsuarioModificacion" AS "productos_UsuarioModificacion", productos."FechaModificacion" AS "productos_FechaModificacion", productos."EstadoTupla" AS "productos_EstadoTupla" 
FROM productos 
WHERE productos."EstadoTupla" = true
2026-08-25 13:09:30,471 | INFO | [cached since 23.54s ago] {}
2026-08-25 13:09:30,473 | INFO | ROLLBACK
2026-08-25 13:11:21,202 | INFO | BEGIN (implicit)
2026-08-25 13:11:21,204 | INFO | INSERT INTO productos (nombre, precio, "UsuarioCreacion", "FechaCreacion", "UsuarioModificacion", "FechaModificacion", "EstadoTupla") VALUES (%(nombre)s, %(precio)s, %(UsuarioCreacion)s, %(FechaCreacion)s, %(UsuarioModificacion)s, %(FechaModificacion)s, %(EstadoTupla)s) RETURNING productos.id
2026-08-25 13:11:21,204 | INFO | [generated in 0.00032s] {'nombre': 'Producto 5', 'precio': 5000.0, 'UsuarioCreacion': 'admin', 'FechaCreacion': datetime.datetime(2026, 8, 25, 17, 11, 21, 204233, tzinfo=datetime.timezone.utc), 'UsuarioModificacion': None, 'FechaModificacion': None, 'EstadoTupla': True}
2026-08-25 13:11:21,206 | INFO | COMMIT
2026-08-25 13:11:21,207 | INFO | BEGIN (implicit)
2026-08-25 13:11:21,208 | INFO | SELECT productos.id, productos.nombre, productos.precio, productos."UsuarioCreacion", productos."FechaCreacion", productos."UsuarioModificacion", productos."FechaModificacion", productos."EstadoTupla" 
FROM productos 
WHERE productos.id = %(pk_1)s
2026-08-25 13:11:21,208 | INFO | [generated in 0.00019s] {'pk_1': 5}
2026-08-25 13:11:21,210 | INFO | ROLLBACK
2026-08-25 13:11:21,214 | INFO | BEGIN (implicit)
2026-08-25 13:11:21,215 | INFO | SELECT productos.id AS productos_id, productos.nombre AS productos_nombre, productos.precio AS productos_precio, productos."UsuarioCreacion" AS "productos_UsuarioCreacion", productos."FechaCreacion" AS "productos_FechaCreacion", productos."UsuarioModificacion" AS "productos_UsuarioModificacion", productos."FechaModificacion" AS "productos_FechaModificacion", productos."EstadoTupla" AS "productos_EstadoTupla" 
FROM productos 
WHERE productos."EstadoTupla" = true
2026-08-25 13:11:21,215 | INFO | [cached since 134.3s ago] {}
2026-08-25 13:11:21,218 | INFO | ROLLBACK
2026-08-25 13:12:08,411 | INFO | BEGIN (implicit)
2026-08-25 13:12:08,412 | INFO | SELECT productos.id AS productos_id, productos.nombre AS productos_nombre, productos.precio AS productos_precio, productos."UsuarioCreacion" AS "productos_UsuarioCreacion", productos."FechaCreacion" AS "productos_FechaCreacion", productos."UsuarioModificacion" AS "productos_UsuarioModificacion", productos."FechaModificacion" AS "productos_FechaModificacion", productos."EstadoTupla" AS "productos_EstadoTupla" 
FROM productos 
WHERE productos.id = %(id_1)s 
 LIMIT %(param_1)s
2026-08-25 13:12:08,412 | INFO | [generated in 0.00025s] {'id_1': 2, 'param_1': 1}
2026-08-25 13:12:08,415 | INFO | UPDATE productos SET "UsuarioModificacion"=%(UsuarioModificacion)s, "FechaModificacion"=%(FechaModificacion)s, "EstadoTupla"=%(EstadoTupla)s WHERE productos.id = %(productos_id)s
2026-08-25 13:12:08,415 | INFO | [generated in 0.00037s] {'UsuarioModificacion': 'admin', 'FechaModificacion': datetime.datetime(2026, 8, 25, 17, 12, 8, 414242, tzinfo=datetime.timezone.utc), 'EstadoTupla': False, 'productos_id': 2}
2026-08-25 13:12:08,418 | INFO | COMMIT
2026-08-25 13:12:08,424 | INFO | BEGIN (implicit)
2026-08-25 13:12:08,424 | INFO | SELECT productos.id AS productos_id, productos.nombre AS productos_nombre, productos.precio AS productos_precio, productos."UsuarioCreacion" AS "productos_UsuarioCreacion", productos."FechaCreacion" AS "productos_FechaCreacion", productos."UsuarioModificacion" AS "productos_UsuarioModificacion", productos."FechaModificacion" AS "productos_FechaModificacion", productos."EstadoTupla" AS "productos_EstadoTupla" 
FROM productos 
WHERE productos."EstadoTupla" = true
2026-08-25 13:12:08,424 | INFO | [cached since 181.5s ago] {}
2026-08-25 13:12:08,426 | INFO | ROLLBACK
2026-08-25 13:21:25,013 | INFO | select pg_catalog.version()
2026-08-25 13:21:25,013 | INFO | [raw sql] {}
2026-08-25 13:21:25,015 | INFO | select current_schema()
2026-08-25 13:21:25,015 | INFO | [raw sql] {}
2026-08-25 13:21:25,016 | INFO | show standard_conforming_strings
2026-08-25 13:21:25,017 | INFO | [raw sql] {}
2026-08-25 13:21:25,017 | INFO | BEGIN (implicit)
2026-08-25 13:21:25,020 | INFO | SELECT pg_catalog.pg_class.relname 
FROM pg_catalog.pg_class JOIN pg_catalog.pg_namespace ON pg_catalog.pg_namespace.oid = pg_catalog.pg_class.relnamespace 
WHERE pg_catalog.pg_class.relname = %(table_name)s AND pg_catalog.pg_class.relkind = ANY (ARRAY[%(param_1)s, %(param_2)s, %(param_3)s, %(param_4)s, %(param_5)s]) AND pg_catalog.pg_table_is_visible(pg_catalog.pg_class.oid) AND pg_catalog.pg_namespace.nspname != %(nspname_1)s
2026-08-25 13:21:25,020 | INFO | [generated in 0.00029s] {'table_name': 'productos', 'param_1': 'r', 'param_2': 'p', 'param_3': 'f', 'param_4': 'v', 'param_5': 'm', 'nspname_1': 'pg_catalog'}
2026-08-25 13:21:25,022 | INFO | SELECT pg_catalog.pg_class.relname 
FROM pg_catalog.pg_class JOIN pg_catalog.pg_namespace ON pg_catalog.pg_namespace.oid = pg_catalog.pg_class.relnamespace 
WHERE pg_catalog.pg_class.relname = %(table_name)s AND pg_catalog.pg_class.relkind = ANY (ARRAY[%(param_1)s, %(param_2)s, %(param_3)s, %(param_4)s, %(param_5)s]) AND pg_catalog.pg_table_is_visible(pg_catalog.pg_class.oid) AND pg_catalog.pg_namespace.nspname != %(nspname_1)s
2026-08-25 13:21:25,023 | INFO | [cached since 0.002569s ago] {'table_name': 'usuarios', 'param_1': 'r', 'param_2': 'p', 'param_3': 'f', 'param_4': 'v', 'param_5': 'm', 'nspname_1': 'pg_catalog'}
2026-08-25 13:21:25,023 | INFO | COMMIT
2026-08-25 13:23:13,860 | INFO | BEGIN (implicit)
2026-08-25 13:23:13,863 | INFO | SELECT productos.id AS productos_id, productos.nombre AS productos_nombre, productos.precio AS productos_precio, productos."UsuarioCreacion" AS "productos_UsuarioCreacion", productos."FechaCreacion" AS "productos_FechaCreacion", productos."UsuarioModificacion" AS "productos_UsuarioModificacion", productos."FechaModificacion" AS "productos_FechaModificacion", productos."EstadoTupla" AS "productos_EstadoTupla" 
FROM productos 
WHERE productos."EstadoTupla" = true
2026-08-25 13:23:13,863 | INFO | [generated in 0.00056s] {}
2026-08-25 13:23:13,867 | INFO | ROLLBACK
2026-08-25 13:23:22,267 | INFO | BEGIN (implicit)
2026-08-25 13:23:22,267 | INFO | SELECT productos.id AS productos_id, productos.nombre AS productos_nombre, productos.precio AS productos_precio, productos."UsuarioCreacion" AS "productos_UsuarioCreacion", productos."FechaCreacion" AS "productos_FechaCreacion", productos."UsuarioModificacion" AS "productos_UsuarioModificacion", productos."FechaModificacion" AS "productos_FechaModificacion", productos."EstadoTupla" AS "productos_EstadoTupla" 
FROM productos 
WHERE productos."EstadoTupla" = true
2026-08-25 13:23:22,268 | INFO | [cached since 8.405s ago] {}
2026-08-25 13:23:22,270 | INFO | ROLLBACK
2026-08-25 13:23:23,967 | INFO | BEGIN (implicit)
2026-08-25 13:23:23,968 | INFO | SELECT productos.id AS productos_id, productos.nombre AS productos_nombre, productos.precio AS productos_precio, productos."UsuarioCreacion" AS "productos_UsuarioCreacion", productos."FechaCreacion" AS "productos_FechaCreacion", productos."UsuarioModificacion" AS "productos_UsuarioModificacion", productos."FechaModificacion" AS "productos_FechaModificacion", productos."EstadoTupla" AS "productos_EstadoTupla" 
FROM productos 
WHERE productos."EstadoTupla" = true
2026-08-25 13:23:23,968 | INFO | [cached since 10.11s ago] {}
2026-08-25 13:23:23,970 | INFO | ROLLBACK
2026-08-25 13:23:26,717 | INFO | BEGIN (implicit)
2026-08-25 13:23:26,718 | INFO | SELECT productos.id AS productos_id, productos.nombre AS productos_nombre, productos.precio AS productos_precio, productos."UsuarioCreacion" AS "productos_UsuarioCreacion", productos."FechaCreacion" AS "productos_FechaCreacion", productos."UsuarioModificacion" AS "productos_UsuarioModificacion", productos."FechaModificacion" AS "productos_FechaModificacion", productos."EstadoTupla" AS "productos_EstadoTupla" 
FROM productos 
WHERE productos."EstadoTupla" = true
2026-08-25 13:23:26,718 | INFO | [cached since 12.86s ago] {}
2026-08-25 13:23:26,720 | INFO | ROLLBACK
2026-08-25 13:23:28,483 | INFO | BEGIN (implicit)
2026-08-25 13:23:28,484 | INFO | SELECT productos.id AS productos_id, productos.nombre AS productos_nombre, productos.precio AS productos_precio, productos."UsuarioCreacion" AS "productos_UsuarioCreacion", productos."FechaCreacion" AS "productos_FechaCreacion", productos."UsuarioModificacion" AS "productos_UsuarioModificacion", productos."FechaModificacion" AS "productos_FechaModificacion", productos."EstadoTupla" AS "productos_EstadoTupla" 
FROM productos 
WHERE productos."EstadoTupla" = true
2026-08-25 13:23:28,484 | INFO | [cached since 14.62s ago] {}
2026-08-25 13:23:28,486 | INFO | ROLLBACK
2026-08-25 13:23:29,517 | INFO | BEGIN (implicit)
2026-08-25 13:23:29,518 | INFO | SELECT productos.id AS productos_id, productos.nombre AS productos_nombre, productos.precio AS productos_precio, productos."UsuarioCreacion" AS "productos_UsuarioCreacion", productos."FechaCreacion" AS "productos_FechaCreacion", productos."UsuarioModificacion" AS "productos_UsuarioModificacion", productos."FechaModificacion" AS "productos_FechaModificacion", productos."EstadoTupla" AS "productos_EstadoTupla" 
FROM productos 
WHERE productos."EstadoTupla" = true
2026-08-25 13:23:29,518 | INFO | [cached since 15.66s ago] {}
2026-08-25 13:23:29,521 | INFO | ROLLBACK
2026-08-25 13:23:41,001 | INFO | BEGIN (implicit)
2026-08-25 13:23:41,001 | INFO | SELECT productos.id AS productos_id, productos.nombre AS productos_nombre, productos.precio AS productos_precio, productos."UsuarioCreacion" AS "productos_UsuarioCreacion", productos."FechaCreacion" AS "productos_FechaCreacion", productos."UsuarioModificacion" AS "productos_UsuarioModificacion", productos."FechaModificacion" AS "productos_FechaModificacion", productos."EstadoTupla" AS "productos_EstadoTupla" 
FROM productos 
WHERE productos."EstadoTupla" = true
2026-08-25 13:23:41,002 | INFO | [cached since 27.14s ago] {}
2026-08-25 13:23:41,004 | INFO | ROLLBACK
2026-08-25 13:23:45,398 | INFO | BEGIN (implicit)
2026-08-25 13:23:45,398 | INFO | SELECT productos.id AS productos_id, productos.nombre AS productos_nombre, productos.precio AS productos_precio, productos."UsuarioCreacion" AS "productos_UsuarioCreacion", productos."FechaCreacion" AS "productos_FechaCreacion", productos."UsuarioModificacion" AS "productos_UsuarioModificacion", productos."FechaModificacion" AS "productos_FechaModificacion", productos."EstadoTupla" AS "productos_EstadoTupla" 
FROM productos 
WHERE productos."EstadoTupla" = true
2026-08-25 13:23:45,399 | INFO | [cached since 31.54s ago] {}
2026-08-25 13:23:45,401 | INFO | ROLLBACK
2026-08-25 13:23:47,834 | INFO | BEGIN (implicit)
2026-08-25 13:23:47,835 | INFO | SELECT productos.id AS productos_id, productos.nombre AS productos_nombre, productos.precio AS productos_precio, productos."UsuarioCreacion" AS "productos_UsuarioCreacion", productos."FechaCreacion" AS "productos_FechaCreacion", productos."UsuarioModificacion" AS "productos_UsuarioModificacion", productos."FechaModificacion" AS "productos_FechaModificacion", productos."EstadoTupla" AS "productos_EstadoTupla" 
FROM productos 
WHERE productos."EstadoTupla" = true
2026-08-25 13:23:47,835 | INFO | [cached since 33.97s ago] {}
2026-08-25 13:23:47,838 | INFO | ROLLBACK
2026-08-25 13:24:10,818 | INFO | BEGIN (implicit)
2026-08-25 13:24:10,819 | INFO | SELECT productos.id AS productos_id, productos.nombre AS productos_nombre, productos.precio AS productos_precio, productos."UsuarioCreacion" AS "productos_UsuarioCreacion", productos."FechaCreacion" AS "productos_FechaCreacion", productos."UsuarioModificacion" AS "productos_UsuarioModificacion", productos."FechaModificacion" AS "productos_FechaModificacion", productos."EstadoTupla" AS "productos_EstadoTupla" 
FROM productos 
WHERE productos."EstadoTupla" = true
2026-08-25 13:24:10,819 | INFO | [cached since 56.96s ago] {}
2026-08-25 13:24:10,823 | INFO | ROLLBACK
2026-08-25 13:24:47,700 | INFO | BEGIN (implicit)
2026-08-25 13:24:47,701 | INFO | SELECT productos.id AS productos_id, productos.nombre AS productos_nombre, productos.precio AS productos_precio, productos."UsuarioCreacion" AS "productos_UsuarioCreacion", productos."FechaCreacion" AS "productos_FechaCreacion", productos."UsuarioModificacion" AS "productos_UsuarioModificacion", productos."FechaModificacion" AS "productos_FechaModificacion", productos."EstadoTupla" AS "productos_EstadoTupla" 
FROM productos 
WHERE productos."EstadoTupla" = true
2026-08-25 13:24:47,701 | INFO | [cached since 93.84s ago] {}
2026-08-25 13:24:47,705 | INFO | ROLLBACK
2026-08-25 15:43:06,824 | INFO | BEGIN (implicit)
2026-08-25 15:43:06,825 | INFO | SELECT productos.id AS productos_id, productos.nombre AS productos_nombre, productos.precio AS productos_precio, productos."UsuarioCreacion" AS "productos_UsuarioCreacion", productos."FechaCreacion" AS "productos_FechaCreacion", productos."UsuarioModificacion" AS "productos_UsuarioModificacion", productos."FechaModificacion" AS "productos_FechaModificacion", productos."EstadoTupla" AS "productos_EstadoTupla" 
FROM productos 
WHERE productos."EstadoTupla" = true
2026-08-25 15:43:06,825 | INFO | [cached since 8393s ago] {}
2026-08-25 15:43:06,832 | INFO | ROLLBACK
2026-08-25 15:43:14,997 | INFO | BEGIN (implicit)
2026-08-25 15:43:14,998 | INFO | SELECT productos.id AS productos_id, productos.nombre AS productos_nombre, productos.precio AS productos_precio, productos."UsuarioCreacion" AS "productos_UsuarioCreacion", productos."FechaCreacion" AS "productos_FechaCreacion", productos."UsuarioModificacion" AS "productos_UsuarioModificacion", productos."FechaModificacion" AS "productos_FechaModificacion", productos."EstadoTupla" AS "productos_EstadoTupla" 
FROM productos 
WHERE productos."EstadoTupla" = true
2026-08-25 15:43:14,998 | INFO | [cached since 8401s ago] {}
2026-08-25 15:43:15,001 | INFO | ROLLBACK
2026-08-25 15:43:17,181 | INFO | BEGIN (implicit)
2026-08-25 15:43:17,182 | INFO | SELECT productos.id AS productos_id, productos.nombre AS productos_nombre, productos.precio AS productos_precio, productos."UsuarioCreacion" AS "productos_UsuarioCreacion", productos."FechaCreacion" AS "productos_FechaCreacion", productos."UsuarioModificacion" AS "productos_UsuarioModificacion", productos."FechaModificacion" AS "productos_FechaModificacion", productos."EstadoTupla" AS "productos_EstadoTupla" 
FROM productos 
WHERE productos."EstadoTupla" = true
2026-08-25 15:43:17,183 | INFO | [cached since 8403s ago] {}
2026-08-25 15:43:17,186 | INFO | ROLLBACK
2026-08-25 16:06:41,762 | INFO | select pg_catalog.version()
2026-08-25 16:06:41,762 | INFO | [raw sql] {}
2026-08-25 16:06:41,764 | INFO | select current_schema()
2026-08-25 16:06:41,764 | INFO | [raw sql] {}
2026-08-25 16:06:41,765 | INFO | show standard_conforming_strings
2026-08-25 16:06:41,765 | INFO | [raw sql] {}
2026-08-25 16:06:41,766 | INFO | BEGIN (implicit)
2026-08-25 16:06:41,769 | INFO | SELECT pg_catalog.pg_class.relname 
FROM pg_catalog.pg_class JOIN pg_catalog.pg_namespace ON pg_catalog.pg_namespace.oid = pg_catalog.pg_class.relnamespace 
WHERE pg_catalog.pg_class.relname = %(table_name)s AND pg_catalog.pg_class.relkind = ANY (ARRAY[%(param_1)s, %(param_2)s, %(param_3)s, %(param_4)s, %(param_5)s]) AND pg_catalog.pg_table_is_visible(pg_catalog.pg_class.oid) AND pg_catalog.pg_namespace.nspname != %(nspname_1)s
2026-08-25 16:06:41,769 | INFO | [generated in 0.00033s] {'table_name': 'productos', 'param_1': 'r', 'param_2': 'p', 'param_3': 'f', 'param_4': 'v', 'param_5': 'm', 'nspname_1': 'pg_catalog'}
2026-08-25 16:06:41,772 | INFO | SELECT pg_catalog.pg_class.relname 
FROM pg_catalog.pg_class JOIN pg_catalog.pg_namespace ON pg_catalog.pg_namespace.oid = pg_catalog.pg_class.relnamespace 
WHERE pg_catalog.pg_class.relname = %(table_name)s AND pg_catalog.pg_class.relkind = ANY (ARRAY[%(param_1)s, %(param_2)s, %(param_3)s, %(param_4)s, %(param_5)s]) AND pg_catalog.pg_table_is_visible(pg_catalog.pg_class.oid) AND pg_catalog.pg_namespace.nspname != %(nspname_1)s
2026-08-25 16:06:41,772 | INFO | [cached since 0.00274s ago] {'table_name': 'usuarios', 'param_1': 'r', 'param_2': 'p', 'param_3': 'f', 'param_4': 'v', 'param_5': 'm', 'nspname_1': 'pg_catalog'}
2026-08-25 16:06:41,772 | INFO | COMMIT
2026-08-25 16:19:49,044 | INFO | select pg_catalog.version()
2026-08-25 16:19:49,045 | INFO | [raw sql] {}
2026-08-25 16:19:49,046 | INFO | select current_schema()
2026-08-25 16:19:49,046 | INFO | [raw sql] {}
2026-08-25 16:19:49,047 | INFO | show standard_conforming_strings
2026-08-25 16:19:49,047 | INFO | [raw sql] {}
2026-08-25 16:19:49,048 | INFO | BEGIN (implicit)
2026-08-25 16:19:49,052 | INFO | SELECT pg_catalog.pg_class.relname 
FROM pg_catalog.pg_class JOIN pg_catalog.pg_namespace ON pg_catalog.pg_namespace.oid = pg_catalog.pg_class.relnamespace 
WHERE pg_catalog.pg_class.relname = %(table_name)s AND pg_catalog.pg_class.relkind = ANY (ARRAY[%(param_1)s, %(param_2)s, %(param_3)s, %(param_4)s, %(param_5)s]) AND pg_catalog.pg_table_is_visible(pg_catalog.pg_class.oid) AND pg_catalog.pg_namespace.nspname != %(nspname_1)s
2026-08-25 16:19:49,052 | INFO | [generated in 0.00031s] {'table_name': 'productos', 'param_1': 'r', 'param_2': 'p', 'param_3': 'f', 'param_4': 'v', 'param_5': 'm', 'nspname_1': 'pg_catalog'}
2026-08-25 16:19:49,054 | INFO | SELECT pg_catalog.pg_class.relname 
FROM pg_catalog.pg_class JOIN pg_catalog.pg_namespace ON pg_catalog.pg_namespace.oid = pg_catalog.pg_class.relnamespace 
WHERE pg_catalog.pg_class.relname = %(table_name)s AND pg_catalog.pg_class.relkind = ANY (ARRAY[%(param_1)s, %(param_2)s, %(param_3)s, %(param_4)s, %(param_5)s]) AND pg_catalog.pg_table_is_visible(pg_catalog.pg_class.oid) AND pg_catalog.pg_namespace.nspname != %(nspname_1)s
2026-08-25 16:19:49,055 | INFO | [cached since 0.003069s ago] {'table_name': 'usuarios', 'param_1': 'r', 'param_2': 'p', 'param_3': 'f', 'param_4': 'v', 'param_5': 'm', 'nspname_1': 'pg_catalog'}
2026-08-25 16:19:49,055 | INFO | COMMIT
2026-08-25 16:38:11,833 | INFO | select pg_catalog.version()
2026-08-25 16:38:11,833 | INFO | [raw sql] {}
2026-08-25 16:38:11,834 | INFO | select current_schema()
2026-08-25 16:38:11,835 | INFO | [raw sql] {}
2026-08-25 16:38:11,835 | INFO | show standard_conforming_strings
2026-08-25 16:38:11,836 | INFO | [raw sql] {}
2026-08-25 16:38:11,836 | INFO | BEGIN (implicit)
2026-08-25 16:38:11,839 | INFO | SELECT pg_catalog.pg_class.relname 
FROM pg_catalog.pg_class JOIN pg_catalog.pg_namespace ON pg_catalog.pg_namespace.oid = pg_catalog.pg_class.relnamespace 
WHERE pg_catalog.pg_class.relname = %(table_name)s AND pg_catalog.pg_class.relkind = ANY (ARRAY[%(param_1)s, %(param_2)s, %(param_3)s, %(param_4)s, %(param_5)s]) AND pg_catalog.pg_table_is_visible(pg_catalog.pg_class.oid) AND pg_catalog.pg_namespace.nspname != %(nspname_1)s
2026-08-25 16:38:11,839 | INFO | [generated in 0.00026s] {'table_name': 'productos', 'param_1': 'r', 'param_2': 'p', 'param_3': 'f', 'param_4': 'v', 'param_5': 'm', 'nspname_1': 'pg_catalog'}
2026-08-25 16:38:11,841 | INFO | SELECT pg_catalog.pg_class.relname 
FROM pg_catalog.pg_class JOIN pg_catalog.pg_namespace ON pg_catalog.pg_namespace.oid = pg_catalog.pg_class.relnamespace 
WHERE pg_catalog.pg_class.relname = %(table_name)s AND pg_catalog.pg_class.relkind = ANY (ARRAY[%(param_1)s, %(param_2)s, %(param_3)s, %(param_4)s, %(param_5)s]) AND pg_catalog.pg_table_is_visible(pg_catalog.pg_class.oid) AND pg_catalog.pg_namespace.nspname != %(nspname_1)s
2026-08-25 16:38:11,842 | INFO | [cached since 0.002519s ago] {'table_name': 'usuarios', 'param_1': 'r', 'param_2': 'p', 'param_3': 'f', 'param_4': 'v', 'param_5': 'm', 'nspname_1': 'pg_catalog'}
2026-08-25 16:38:11,842 | INFO | COMMIT
2026-08-25 17:02:43,638 | INFO | SINGLETON: Inicializando el pool de conexiones único hacia PostgreSQL.
2026-08-25 17:02:43,639 | INFO | INFRAESTRUCTURA: Verificando y creando el esquema de tablas del MVP.
2026-08-25 17:02:43,694 | INFO | select pg_catalog.version()
2026-08-25 17:02:43,694 | INFO | [raw sql] {}
2026-08-25 17:02:43,696 | INFO | select current_schema()
2026-08-25 17:02:43,696 | INFO | [raw sql] {}
2026-08-25 17:02:43,697 | INFO | show standard_conforming_strings
2026-08-25 17:02:43,697 | INFO | [raw sql] {}
2026-08-25 17:02:43,698 | INFO | BEGIN (implicit)
2026-08-25 17:02:43,701 | INFO | SELECT pg_catalog.pg_class.relname 
FROM pg_catalog.pg_class JOIN pg_catalog.pg_namespace ON pg_catalog.pg_namespace.oid = pg_catalog.pg_class.relnamespace 
WHERE pg_catalog.pg_class.relname = %(table_name)s AND pg_catalog.pg_class.relkind = ANY (ARRAY[%(param_1)s, %(param_2)s, %(param_3)s, %(param_4)s, %(param_5)s]) AND pg_catalog.pg_table_is_visible(pg_catalog.pg_class.oid) AND pg_catalog.pg_namespace.nspname != %(nspname_1)s
2026-08-25 17:02:43,701 | INFO | [generated in 0.00029s] {'table_name': 'sucursales', 'param_1': 'r', 'param_2': 'p', 'param_3': 'f', 'param_4': 'v', 'param_5': 'm', 'nspname_1': 'pg_catalog'}
2026-08-25 17:02:43,703 | INFO | SELECT pg_catalog.pg_class.relname 
FROM pg_catalog.pg_class JOIN pg_catalog.pg_namespace ON pg_catalog.pg_namespace.oid = pg_catalog.pg_class.relnamespace 
WHERE pg_catalog.pg_class.relname = %(table_name)s AND pg_catalog.pg_class.relkind = ANY (ARRAY[%(param_1)s, %(param_2)s, %(param_3)s, %(param_4)s, %(param_5)s]) AND pg_catalog.pg_table_is_visible(pg_catalog.pg_class.oid) AND pg_catalog.pg_namespace.nspname != %(nspname_1)s
2026-08-25 17:02:43,703 | INFO | [cached since 0.00273s ago] {'table_name': 'mesas', 'param_1': 'r', 'param_2': 'p', 'param_3': 'f', 'param_4': 'v', 'param_5': 'm', 'nspname_1': 'pg_catalog'}
2026-08-25 17:02:43,704 | INFO | SELECT pg_catalog.pg_class.relname 
FROM pg_catalog.pg_class JOIN pg_catalog.pg_namespace ON pg_catalog.pg_namespace.oid = pg_catalog.pg_class.relnamespace 
WHERE pg_catalog.pg_class.relname = %(table_name)s AND pg_catalog.pg_class.relkind = ANY (ARRAY[%(param_1)s, %(param_2)s, %(param_3)s, %(param_4)s, %(param_5)s]) AND pg_catalog.pg_table_is_visible(pg_catalog.pg_class.oid) AND pg_catalog.pg_namespace.nspname != %(nspname_1)s
2026-08-25 17:02:43,704 | INFO | [cached since 0.00369s ago] {'table_name': 'clientes', 'param_1': 'r', 'param_2': 'p', 'param_3': 'f', 'param_4': 'v', 'param_5': 'm', 'nspname_1': 'pg_catalog'}
2026-08-25 17:02:43,705 | INFO | SELECT pg_catalog.pg_class.relname 
FROM pg_catalog.pg_class JOIN pg_catalog.pg_namespace ON pg_catalog.pg_namespace.oid = pg_catalog.pg_class.relnamespace 
WHERE pg_catalog.pg_class.relname = %(table_name)s AND pg_catalog.pg_class.relkind = ANY (ARRAY[%(param_1)s, %(param_2)s, %(param_3)s, %(param_4)s, %(param_5)s]) AND pg_catalog.pg_table_is_visible(pg_catalog.pg_class.oid) AND pg_catalog.pg_namespace.nspname != %(nspname_1)s
2026-08-25 17:02:43,705 | INFO | [cached since 0.004559s ago] {'table_name': 'pedidos', 'param_1': 'r', 'param_2': 'p', 'param_3': 'f', 'param_4': 'v', 'param_5': 'm', 'nspname_1': 'pg_catalog'}
2026-08-25 17:02:43,706 | INFO | SELECT pg_catalog.pg_class.relname 
FROM pg_catalog.pg_class JOIN pg_catalog.pg_namespace ON pg_catalog.pg_namespace.oid = pg_catalog.pg_class.relnamespace 
WHERE pg_catalog.pg_class.relname = %(table_name)s AND pg_catalog.pg_class.relkind = ANY (ARRAY[%(param_1)s, %(param_2)s, %(param_3)s, %(param_4)s, %(param_5)s]) AND pg_catalog.pg_table_is_visible(pg_catalog.pg_class.oid) AND pg_catalog.pg_namespace.nspname != %(nspname_1)s
2026-08-25 17:02:43,706 | INFO | [cached since 0.005392s ago] {'table_name': 'detalles_pedido', 'param_1': 'r', 'param_2': 'p', 'param_3': 'f', 'param_4': 'v', 'param_5': 'm', 'nspname_1': 'pg_catalog'}
2026-08-25 17:02:43,707 | INFO | SELECT pg_catalog.pg_class.relname 
FROM pg_catalog.pg_class JOIN pg_catalog.pg_namespace ON pg_catalog.pg_namespace.oid = pg_catalog.pg_class.relnamespace 
WHERE pg_catalog.pg_class.relname = %(table_name)s AND pg_catalog.pg_class.relkind = ANY (ARRAY[%(param_1)s, %(param_2)s, %(param_3)s, %(param_4)s, %(param_5)s]) AND pg_catalog.pg_table_is_visible(pg_catalog.pg_class.oid) AND pg_catalog.pg_namespace.nspname != %(nspname_1)s
2026-08-25 17:02:43,707 | INFO | [cached since 0.006179s ago] {'table_name': 'productos', 'param_1': 'r', 'param_2': 'p', 'param_3': 'f', 'param_4': 'v', 'param_5': 'm', 'nspname_1': 'pg_catalog'}
2026-08-25 17:02:43,707 | INFO | SELECT pg_catalog.pg_class.relname 
FROM pg_catalog.pg_class JOIN pg_catalog.pg_namespace ON pg_catalog.pg_namespace.oid = pg_catalog.pg_class.relnamespace 
WHERE pg_catalog.pg_class.relname = %(table_name)s AND pg_catalog.pg_class.relkind = ANY (ARRAY[%(param_1)s, %(param_2)s, %(param_3)s, %(param_4)s, %(param_5)s]) AND pg_catalog.pg_table_is_visible(pg_catalog.pg_class.oid) AND pg_catalog.pg_namespace.nspname != %(nspname_1)s
2026-08-25 17:02:43,708 | INFO | [cached since 0.007152s ago] {'table_name': 'comandas', 'param_1': 'r', 'param_2': 'p', 'param_3': 'f', 'param_4': 'v', 'param_5': 'm', 'nspname_1': 'pg_catalog'}
2026-08-25 17:02:43,708 | INFO | SELECT pg_catalog.pg_class.relname 
FROM pg_catalog.pg_class JOIN pg_catalog.pg_namespace ON pg_catalog.pg_namespace.oid = pg_catalog.pg_class.relnamespace 
WHERE pg_catalog.pg_class.relname = %(table_name)s AND pg_catalog.pg_class.relkind = ANY (ARRAY[%(param_1)s, %(param_2)s, %(param_3)s, %(param_4)s, %(param_5)s]) AND pg_catalog.pg_table_is_visible(pg_catalog.pg_class.oid) AND pg_catalog.pg_namespace.nspname != %(nspname_1)s
2026-08-25 17:02:43,709 | INFO | [cached since 0.007994s ago] {'table_name': 'pagos', 'param_1': 'r', 'param_2': 'p', 'param_3': 'f', 'param_4': 'v', 'param_5': 'm', 'nspname_1': 'pg_catalog'}
2026-08-25 17:02:43,709 | INFO | SELECT pg_catalog.pg_class.relname 
FROM pg_catalog.pg_class JOIN pg_catalog.pg_namespace ON pg_catalog.pg_namespace.oid = pg_catalog.pg_class.relnamespace 
WHERE pg_catalog.pg_class.relname = %(table_name)s AND pg_catalog.pg_class.relkind = ANY (ARRAY[%(param_1)s, %(param_2)s, %(param_3)s, %(param_4)s, %(param_5)s]) AND pg_catalog.pg_table_is_visible(pg_catalog.pg_class.oid) AND pg_catalog.pg_namespace.nspname != %(nspname_1)s
2026-08-25 17:02:43,709 | INFO | [cached since 0.008836s ago] {'table_name': 'usuarios', 'param_1': 'r', 'param_2': 'p', 'param_3': 'f', 'param_4': 'v', 'param_5': 'm', 'nspname_1': 'pg_catalog'}
2026-08-25 17:02:43,710 | INFO | SELECT pg_catalog.pg_class.relname 
FROM pg_catalog.pg_class JOIN pg_catalog.pg_namespace ON pg_catalog.pg_namespace.oid = pg_catalog.pg_class.relnamespace 
WHERE pg_catalog.pg_class.relname = %(table_name)s AND pg_catalog.pg_class.relkind = ANY (ARRAY[%(param_1)s, %(param_2)s, %(param_3)s, %(param_4)s, %(param_5)s]) AND pg_catalog.pg_table_is_visible(pg_catalog.pg_class.oid) AND pg_catalog.pg_namespace.nspname != %(nspname_1)s
2026-08-25 17:02:43,710 | INFO | [cached since 0.009692s ago] {'table_name': 'cuentas_credito', 'param_1': 'r', 'param_2': 'p', 'param_3': 'f', 'param_4': 'v', 'param_5': 'm', 'nspname_1': 'pg_catalog'}
2026-08-25 17:02:43,711 | INFO | SELECT pg_catalog.pg_class.relname 
FROM pg_catalog.pg_class JOIN pg_catalog.pg_namespace ON pg_catalog.pg_namespace.oid = pg_catalog.pg_class.relnamespace 
WHERE pg_catalog.pg_class.relname = %(table_name)s AND pg_catalog.pg_class.relkind = ANY (ARRAY[%(param_1)s, %(param_2)s, %(param_3)s, %(param_4)s, %(param_5)s]) AND pg_catalog.pg_table_is_visible(pg_catalog.pg_class.oid) AND pg_catalog.pg_namespace.nspname != %(nspname_1)s
2026-08-25 17:02:43,711 | INFO | [cached since 0.01044s ago] {'table_name': 'movimientos_credito', 'param_1': 'r', 'param_2': 'p', 'param_3': 'f', 'param_4': 'v', 'param_5': 'm', 'nspname_1': 'pg_catalog'}
2026-08-25 17:02:43,712 | INFO | 
CREATE TABLE sucursales (
	id_sucursal SERIAL NOT NULL, 
	codigo VARCHAR NOT NULL, 
	nombre VARCHAR NOT NULL, 
	direccion VARCHAR NOT NULL, 
	"UsuarioCreacion" VARCHAR NOT NULL, 
	"FechaCreacion" TIMESTAMP WITH TIME ZONE NOT NULL, 
	"UsuarioModificacion" VARCHAR, 
	"FechaModificacion" TIMESTAMP WITH TIME ZONE, 
	"EstadoTupla" BOOLEAN NOT NULL, 
	PRIMARY KEY (id_sucursal), 
	UNIQUE (codigo)
)


2026-08-25 17:02:43,712 | INFO | [no key 0.00016s] {}
2026-08-25 17:02:43,724 | INFO | CREATE INDEX ix_sucursales_id_sucursal ON sucursales (id_sucursal)
2026-08-25 17:02:43,724 | INFO | [no key 0.00023s] {}
2026-08-25 17:02:43,726 | INFO | 
CREATE TABLE clientes (
	id_cliente SERIAL NOT NULL, 
	nombre VARCHAR NOT NULL, 
	rut VARCHAR NOT NULL, 
	telefono VARCHAR NOT NULL, 
	email VARCHAR, 
	direccion VARCHAR, 
	tipo_cliente VARCHAR NOT NULL, 
	observaciones VARCHAR, 
	"UsuarioCreacion" VARCHAR NOT NULL, 
	"FechaCreacion" TIMESTAMP WITH TIME ZONE NOT NULL, 
	"UsuarioModificacion" VARCHAR, 
	"FechaModificacion" TIMESTAMP WITH TIME ZONE, 
	"EstadoTupla" BOOLEAN NOT NULL, 
	PRIMARY KEY (id_cliente), 
	UNIQUE (rut)
)


2026-08-25 17:02:43,726 | INFO | [no key 0.00021s] {}
2026-08-25 17:02:43,733 | INFO | CREATE INDEX ix_clientes_id_cliente ON clientes (id_cliente)
2026-08-25 17:02:43,733 | INFO | [no key 0.00023s] {}
2026-08-25 17:02:43,735 | INFO | 
CREATE TABLE mesas (
	id_mesa SERIAL NOT NULL, 
	id_sucursal INTEGER NOT NULL, 
	numero INTEGER NOT NULL, 
	capacidad INTEGER NOT NULL, 
	"UsuarioCreacion" VARCHAR NOT NULL, 
	"FechaCreacion" TIMESTAMP WITH TIME ZONE NOT NULL, 
	"UsuarioModificacion" VARCHAR, 
	"FechaModificacion" TIMESTAMP WITH TIME ZONE, 
	"EstadoTupla" BOOLEAN NOT NULL, 
	PRIMARY KEY (id_mesa), 
	FOREIGN KEY(id_sucursal) REFERENCES sucursales (id_sucursal)
)


2026-08-25 17:02:43,735 | INFO | [no key 0.00022s] {}
2026-08-25 17:02:43,744 | INFO | CREATE INDEX ix_mesas_id_mesa ON mesas (id_mesa)
2026-08-25 17:02:43,744 | INFO | [no key 0.00031s] {}
2026-08-25 17:02:43,746 | INFO | 
CREATE TABLE cuentas_credito (
	id_cuenta_credito SERIAL NOT NULL, 
	id_cliente INTEGER NOT NULL, 
	saldo FLOAT NOT NULL, 
	limite_credito FLOAT NOT NULL, 
	"UsuarioCreacion" VARCHAR NOT NULL, 
	"FechaCreacion" TIMESTAMP WITH TIME ZONE NOT NULL, 
	"UsuarioModificacion" VARCHAR, 
	"FechaModificacion" TIMESTAMP WITH TIME ZONE, 
	"EstadoTupla" BOOLEAN NOT NULL, 
	PRIMARY KEY (id_cuenta_credito), 
	UNIQUE (id_cliente), 
	FOREIGN KEY(id_cliente) REFERENCES clientes (id_cliente)
)


2026-08-25 17:02:43,747 | INFO | [no key 0.00028s] {}
2026-08-25 17:02:43,754 | INFO | CREATE INDEX ix_cuentas_credito_id_cuenta_credito ON cuentas_credito (id_cuenta_credito)
2026-08-25 17:02:43,754 | INFO | [no key 0.00027s] {}
2026-08-25 17:02:43,757 | INFO | 
CREATE TABLE pedidos (
	id_pedido SERIAL NOT NULL, 
	id_sucursal INTEGER NOT NULL, 
	id_mesa INTEGER, 
	id_cliente INTEGER, 
	id_usuario INTEGER NOT NULL, 
	fecha_hora TIMESTAMP WITH TIME ZONE NOT NULL, 
	canal VARCHAR NOT NULL, 
	estado VARCHAR NOT NULL, 
	"UsuarioCreacion" VARCHAR NOT NULL, 
	"FechaCreacion" TIMESTAMP WITH TIME ZONE NOT NULL, 
	"UsuarioModificacion" VARCHAR, 
	"FechaModificacion" TIMESTAMP WITH TIME ZONE, 
	"EstadoTupla" BOOLEAN NOT NULL, 
	PRIMARY KEY (id_pedido), 
	FOREIGN KEY(id_sucursal) REFERENCES sucursales (id_sucursal), 
	FOREIGN KEY(id_mesa) REFERENCES mesas (id_mesa), 
	FOREIGN KEY(id_cliente) REFERENCES clientes (id_cliente), 
	FOREIGN KEY(id_usuario) REFERENCES usuarios (id_usuario)
)


2026-08-25 17:02:43,757 | INFO | [no key 0.00029s] {}
2026-08-25 17:02:43,783 | INFO | ROLLBACK
2026-08-25 17:06:23,273 | INFO | SINGLETON: Inicializando el pool de conexiones único hacia PostgreSQL.
2026-08-25 17:06:23,274 | INFO | INFRAESTRUCTURA: Verificando y creando el esquema de tablas del MVP.
2026-08-25 17:06:23,331 | INFO | select pg_catalog.version()
2026-08-25 17:06:23,331 | INFO | [raw sql] {}
2026-08-25 17:06:23,333 | INFO | select current_schema()
2026-08-25 17:06:23,333 | INFO | [raw sql] {}
2026-08-25 17:06:23,334 | INFO | show standard_conforming_strings
2026-08-25 17:06:23,334 | INFO | [raw sql] {}
2026-08-25 17:06:23,335 | INFO | BEGIN (implicit)
2026-08-25 17:06:23,338 | INFO | SELECT pg_catalog.pg_class.relname 
FROM pg_catalog.pg_class JOIN pg_catalog.pg_namespace ON pg_catalog.pg_namespace.oid = pg_catalog.pg_class.relnamespace 
WHERE pg_catalog.pg_class.relname = %(table_name)s AND pg_catalog.pg_class.relkind = ANY (ARRAY[%(param_1)s, %(param_2)s, %(param_3)s, %(param_4)s, %(param_5)s]) AND pg_catalog.pg_table_is_visible(pg_catalog.pg_class.oid) AND pg_catalog.pg_namespace.nspname != %(nspname_1)s
2026-08-25 17:06:23,338 | INFO | [generated in 0.00026s] {'table_name': 'sucursales', 'param_1': 'r', 'param_2': 'p', 'param_3': 'f', 'param_4': 'v', 'param_5': 'm', 'nspname_1': 'pg_catalog'}
2026-08-25 17:06:23,340 | INFO | SELECT pg_catalog.pg_class.relname 
FROM pg_catalog.pg_class JOIN pg_catalog.pg_namespace ON pg_catalog.pg_namespace.oid = pg_catalog.pg_class.relnamespace 
WHERE pg_catalog.pg_class.relname = %(table_name)s AND pg_catalog.pg_class.relkind = ANY (ARRAY[%(param_1)s, %(param_2)s, %(param_3)s, %(param_4)s, %(param_5)s]) AND pg_catalog.pg_table_is_visible(pg_catalog.pg_class.oid) AND pg_catalog.pg_namespace.nspname != %(nspname_1)s
2026-08-25 17:06:23,340 | INFO | [cached since 0.002665s ago] {'table_name': 'mesas', 'param_1': 'r', 'param_2': 'p', 'param_3': 'f', 'param_4': 'v', 'param_5': 'm', 'nspname_1': 'pg_catalog'}
2026-08-25 17:06:23,341 | INFO | SELECT pg_catalog.pg_class.relname 
FROM pg_catalog.pg_class JOIN pg_catalog.pg_namespace ON pg_catalog.pg_namespace.oid = pg_catalog.pg_class.relnamespace 
WHERE pg_catalog.pg_class.relname = %(table_name)s AND pg_catalog.pg_class.relkind = ANY (ARRAY[%(param_1)s, %(param_2)s, %(param_3)s, %(param_4)s, %(param_5)s]) AND pg_catalog.pg_table_is_visible(pg_catalog.pg_class.oid) AND pg_catalog.pg_namespace.nspname != %(nspname_1)s
2026-08-25 17:06:23,341 | INFO | [cached since 0.003637s ago] {'table_name': 'clientes', 'param_1': 'r', 'param_2': 'p', 'param_3': 'f', 'param_4': 'v', 'param_5': 'm', 'nspname_1': 'pg_catalog'}
2026-08-25 17:06:23,342 | INFO | SELECT pg_catalog.pg_class.relname 
FROM pg_catalog.pg_class JOIN pg_catalog.pg_namespace ON pg_catalog.pg_namespace.oid = pg_catalog.pg_class.relnamespace 
WHERE pg_catalog.pg_class.relname = %(table_name)s AND pg_catalog.pg_class.relkind = ANY (ARRAY[%(param_1)s, %(param_2)s, %(param_3)s, %(param_4)s, %(param_5)s]) AND pg_catalog.pg_table_is_visible(pg_catalog.pg_class.oid) AND pg_catalog.pg_namespace.nspname != %(nspname_1)s
2026-08-25 17:06:23,342 | INFO | [cached since 0.004417s ago] {'table_name': 'pedidos', 'param_1': 'r', 'param_2': 'p', 'param_3': 'f', 'param_4': 'v', 'param_5': 'm', 'nspname_1': 'pg_catalog'}
2026-08-25 17:06:23,343 | INFO | SELECT pg_catalog.pg_class.relname 
FROM pg_catalog.pg_class JOIN pg_catalog.pg_namespace ON pg_catalog.pg_namespace.oid = pg_catalog.pg_class.relnamespace 
WHERE pg_catalog.pg_class.relname = %(table_name)s AND pg_catalog.pg_class.relkind = ANY (ARRAY[%(param_1)s, %(param_2)s, %(param_3)s, %(param_4)s, %(param_5)s]) AND pg_catalog.pg_table_is_visible(pg_catalog.pg_class.oid) AND pg_catalog.pg_namespace.nspname != %(nspname_1)s
2026-08-25 17:06:23,343 | INFO | [cached since 0.005161s ago] {'table_name': 'detalles_pedido', 'param_1': 'r', 'param_2': 'p', 'param_3': 'f', 'param_4': 'v', 'param_5': 'm', 'nspname_1': 'pg_catalog'}
2026-08-25 17:06:23,343 | INFO | SELECT pg_catalog.pg_class.relname 
FROM pg_catalog.pg_class JOIN pg_catalog.pg_namespace ON pg_catalog.pg_namespace.oid = pg_catalog.pg_class.relnamespace 
WHERE pg_catalog.pg_class.relname = %(table_name)s AND pg_catalog.pg_class.relkind = ANY (ARRAY[%(param_1)s, %(param_2)s, %(param_3)s, %(param_4)s, %(param_5)s]) AND pg_catalog.pg_table_is_visible(pg_catalog.pg_class.oid) AND pg_catalog.pg_namespace.nspname != %(nspname_1)s
2026-08-25 17:06:23,344 | INFO | [cached since 0.005917s ago] {'table_name': 'productos', 'param_1': 'r', 'param_2': 'p', 'param_3': 'f', 'param_4': 'v', 'param_5': 'm', 'nspname_1': 'pg_catalog'}
2026-08-25 17:06:23,344 | INFO | SELECT pg_catalog.pg_class.relname 
FROM pg_catalog.pg_class JOIN pg_catalog.pg_namespace ON pg_catalog.pg_namespace.oid = pg_catalog.pg_class.relnamespace 
WHERE pg_catalog.pg_class.relname = %(table_name)s AND pg_catalog.pg_class.relkind = ANY (ARRAY[%(param_1)s, %(param_2)s, %(param_3)s, %(param_4)s, %(param_5)s]) AND pg_catalog.pg_table_is_visible(pg_catalog.pg_class.oid) AND pg_catalog.pg_namespace.nspname != %(nspname_1)s
2026-08-25 17:06:23,344 | INFO | [cached since 0.006708s ago] {'table_name': 'comandas', 'param_1': 'r', 'param_2': 'p', 'param_3': 'f', 'param_4': 'v', 'param_5': 'm', 'nspname_1': 'pg_catalog'}
2026-08-25 17:06:23,345 | INFO | SELECT pg_catalog.pg_class.relname 
FROM pg_catalog.pg_class JOIN pg_catalog.pg_namespace ON pg_catalog.pg_namespace.oid = pg_catalog.pg_class.relnamespace 
WHERE pg_catalog.pg_class.relname = %(table_name)s AND pg_catalog.pg_class.relkind = ANY (ARRAY[%(param_1)s, %(param_2)s, %(param_3)s, %(param_4)s, %(param_5)s]) AND pg_catalog.pg_table_is_visible(pg_catalog.pg_class.oid) AND pg_catalog.pg_namespace.nspname != %(nspname_1)s
2026-08-25 17:06:23,345 | INFO | [cached since 0.007469s ago] {'table_name': 'pagos', 'param_1': 'r', 'param_2': 'p', 'param_3': 'f', 'param_4': 'v', 'param_5': 'm', 'nspname_1': 'pg_catalog'}
2026-08-25 17:06:23,346 | INFO | SELECT pg_catalog.pg_class.relname 
FROM pg_catalog.pg_class JOIN pg_catalog.pg_namespace ON pg_catalog.pg_namespace.oid = pg_catalog.pg_class.relnamespace 
WHERE pg_catalog.pg_class.relname = %(table_name)s AND pg_catalog.pg_class.relkind = ANY (ARRAY[%(param_1)s, %(param_2)s, %(param_3)s, %(param_4)s, %(param_5)s]) AND pg_catalog.pg_table_is_visible(pg_catalog.pg_class.oid) AND pg_catalog.pg_namespace.nspname != %(nspname_1)s
2026-08-25 17:06:23,346 | INFO | [cached since 0.008203s ago] {'table_name': 'usuarios', 'param_1': 'r', 'param_2': 'p', 'param_3': 'f', 'param_4': 'v', 'param_5': 'm', 'nspname_1': 'pg_catalog'}
2026-08-25 17:06:23,347 | INFO | SELECT pg_catalog.pg_class.relname 
FROM pg_catalog.pg_class JOIN pg_catalog.pg_namespace ON pg_catalog.pg_namespace.oid = pg_catalog.pg_class.relnamespace 
WHERE pg_catalog.pg_class.relname = %(table_name)s AND pg_catalog.pg_class.relkind = ANY (ARRAY[%(param_1)s, %(param_2)s, %(param_3)s, %(param_4)s, %(param_5)s]) AND pg_catalog.pg_table_is_visible(pg_catalog.pg_class.oid) AND pg_catalog.pg_namespace.nspname != %(nspname_1)s
2026-08-25 17:06:23,347 | INFO | [cached since 0.009069s ago] {'table_name': 'cuentas_credito', 'param_1': 'r', 'param_2': 'p', 'param_3': 'f', 'param_4': 'v', 'param_5': 'm', 'nspname_1': 'pg_catalog'}
2026-08-25 17:06:23,348 | INFO | SELECT pg_catalog.pg_class.relname 
FROM pg_catalog.pg_class JOIN pg_catalog.pg_namespace ON pg_catalog.pg_namespace.oid = pg_catalog.pg_class.relnamespace 
WHERE pg_catalog.pg_class.relname = %(table_name)s AND pg_catalog.pg_class.relkind = ANY (ARRAY[%(param_1)s, %(param_2)s, %(param_3)s, %(param_4)s, %(param_5)s]) AND pg_catalog.pg_table_is_visible(pg_catalog.pg_class.oid) AND pg_catalog.pg_namespace.nspname != %(nspname_1)s
2026-08-25 17:06:23,348 | INFO | [cached since 0.01018s ago] {'table_name': 'movimientos_credito', 'param_1': 'r', 'param_2': 'p', 'param_3': 'f', 'param_4': 'v', 'param_5': 'm', 'nspname_1': 'pg_catalog'}
2026-08-25 17:06:23,350 | INFO | 
CREATE TABLE sucursales (
	id_sucursal SERIAL NOT NULL, 
	codigo VARCHAR NOT NULL, 
	nombre VARCHAR NOT NULL, 
	direccion VARCHAR NOT NULL, 
	"UsuarioCreacion" VARCHAR NOT NULL, 
	"FechaCreacion" TIMESTAMP WITH TIME ZONE NOT NULL, 
	"UsuarioModificacion" VARCHAR, 
	"FechaModificacion" TIMESTAMP WITH TIME ZONE, 
	"EstadoTupla" BOOLEAN NOT NULL, 
	PRIMARY KEY (id_sucursal), 
	UNIQUE (codigo)
)


2026-08-25 17:06:23,350 | INFO | [no key 0.00031s] {}
2026-08-25 17:06:23,360 | INFO | CREATE INDEX ix_sucursales_id_sucursal ON sucursales (id_sucursal)
2026-08-25 17:06:23,360 | INFO | [no key 0.00028s] {}
2026-08-25 17:06:23,362 | INFO | 
CREATE TABLE clientes (
	id_cliente SERIAL NOT NULL, 
	nombre VARCHAR NOT NULL, 
	rut VARCHAR NOT NULL, 
	telefono VARCHAR NOT NULL, 
	email VARCHAR, 
	direccion VARCHAR, 
	tipo_cliente VARCHAR NOT NULL, 
	observaciones VARCHAR, 
	"UsuarioCreacion" VARCHAR NOT NULL, 
	"FechaCreacion" TIMESTAMP WITH TIME ZONE NOT NULL, 
	"UsuarioModificacion" VARCHAR, 
	"FechaModificacion" TIMESTAMP WITH TIME ZONE, 
	"EstadoTupla" BOOLEAN NOT NULL, 
	PRIMARY KEY (id_cliente), 
	UNIQUE (rut)
)


2026-08-25 17:06:23,362 | INFO | [no key 0.00024s] {}
2026-08-25 17:06:23,370 | INFO | CREATE INDEX ix_clientes_id_cliente ON clientes (id_cliente)
2026-08-25 17:06:23,370 | INFO | [no key 0.00026s] {}
2026-08-25 17:06:23,372 | INFO | 
CREATE TABLE mesas (
	id_mesa SERIAL NOT NULL, 
	id_sucursal INTEGER NOT NULL, 
	numero INTEGER NOT NULL, 
	capacidad INTEGER NOT NULL, 
	"UsuarioCreacion" VARCHAR NOT NULL, 
	"FechaCreacion" TIMESTAMP WITH TIME ZONE NOT NULL, 
	"UsuarioModificacion" VARCHAR, 
	"FechaModificacion" TIMESTAMP WITH TIME ZONE, 
	"EstadoTupla" BOOLEAN NOT NULL, 
	PRIMARY KEY (id_mesa), 
	FOREIGN KEY(id_sucursal) REFERENCES sucursales (id_sucursal)
)


2026-08-25 17:06:23,372 | INFO | [no key 0.00024s] {}
2026-08-25 17:06:23,378 | INFO | CREATE INDEX ix_mesas_id_mesa ON mesas (id_mesa)
2026-08-25 17:06:23,378 | INFO | [no key 0.00027s] {}
2026-08-25 17:06:23,380 | INFO | 
CREATE TABLE cuentas_credito (
	id_cuenta_credito SERIAL NOT NULL, 
	id_cliente INTEGER NOT NULL, 
	saldo FLOAT NOT NULL, 
	limite_credito FLOAT NOT NULL, 
	"UsuarioCreacion" VARCHAR NOT NULL, 
	"FechaCreacion" TIMESTAMP WITH TIME ZONE NOT NULL, 
	"UsuarioModificacion" VARCHAR, 
	"FechaModificacion" TIMESTAMP WITH TIME ZONE, 
	"EstadoTupla" BOOLEAN NOT NULL, 
	PRIMARY KEY (id_cuenta_credito), 
	UNIQUE (id_cliente), 
	FOREIGN KEY(id_cliente) REFERENCES clientes (id_cliente)
)


2026-08-25 17:06:23,380 | INFO | [no key 0.00027s] {}
2026-08-25 17:06:23,388 | INFO | CREATE INDEX ix_cuentas_credito_id_cuenta_credito ON cuentas_credito (id_cuenta_credito)
2026-08-25 17:06:23,388 | INFO | [no key 0.00032s] {}
2026-08-25 17:06:23,390 | INFO | 
CREATE TABLE pedidos (
	id_pedido SERIAL NOT NULL, 
	id_sucursal INTEGER NOT NULL, 
	id_mesa INTEGER, 
	id_cliente INTEGER, 
	id_usuario INTEGER NOT NULL, 
	fecha_hora TIMESTAMP WITH TIME ZONE NOT NULL, 
	canal VARCHAR NOT NULL, 
	estado VARCHAR NOT NULL, 
	"UsuarioCreacion" VARCHAR NOT NULL, 
	"FechaCreacion" TIMESTAMP WITH TIME ZONE NOT NULL, 
	"UsuarioModificacion" VARCHAR, 
	"FechaModificacion" TIMESTAMP WITH TIME ZONE, 
	"EstadoTupla" BOOLEAN NOT NULL, 
	PRIMARY KEY (id_pedido), 
	FOREIGN KEY(id_sucursal) REFERENCES sucursales (id_sucursal), 
	FOREIGN KEY(id_mesa) REFERENCES mesas (id_mesa), 
	FOREIGN KEY(id_cliente) REFERENCES clientes (id_cliente), 
	FOREIGN KEY(id_usuario) REFERENCES usuarios (id_usuario)
)


2026-08-25 17:06:23,390 | INFO | [no key 0.00026s] {}
2026-08-25 17:06:23,415 | INFO | ROLLBACK
2026-08-25 17:06:49,026 | INFO | SINGLETON: Inicializando el pool de conexiones único hacia PostgreSQL.
2026-08-25 17:06:49,027 | INFO | INFRAESTRUCTURA: Verificando y creando el esquema de tablas del MVP.
2026-08-25 17:06:49,081 | INFO | select pg_catalog.version()
2026-08-25 17:06:49,081 | INFO | [raw sql] {}
2026-08-25 17:06:49,083 | INFO | select current_schema()
2026-08-25 17:06:49,083 | INFO | [raw sql] {}
2026-08-25 17:06:49,084 | INFO | show standard_conforming_strings
2026-08-25 17:06:49,084 | INFO | [raw sql] {}
2026-08-25 17:06:49,085 | INFO | BEGIN (implicit)
2026-08-25 17:06:49,087 | INFO | SELECT pg_catalog.pg_class.relname 
FROM pg_catalog.pg_class JOIN pg_catalog.pg_namespace ON pg_catalog.pg_namespace.oid = pg_catalog.pg_class.relnamespace 
WHERE pg_catalog.pg_class.relname = %(table_name)s AND pg_catalog.pg_class.relkind = ANY (ARRAY[%(param_1)s, %(param_2)s, %(param_3)s, %(param_4)s, %(param_5)s]) AND pg_catalog.pg_table_is_visible(pg_catalog.pg_class.oid) AND pg_catalog.pg_namespace.nspname != %(nspname_1)s
2026-08-25 17:06:49,088 | INFO | [generated in 0.00027s] {'table_name': 'sucursales', 'param_1': 'r', 'param_2': 'p', 'param_3': 'f', 'param_4': 'v', 'param_5': 'm', 'nspname_1': 'pg_catalog'}
2026-08-25 17:06:49,090 | INFO | SELECT pg_catalog.pg_class.relname 
FROM pg_catalog.pg_class JOIN pg_catalog.pg_namespace ON pg_catalog.pg_namespace.oid = pg_catalog.pg_class.relnamespace 
WHERE pg_catalog.pg_class.relname = %(table_name)s AND pg_catalog.pg_class.relkind = ANY (ARRAY[%(param_1)s, %(param_2)s, %(param_3)s, %(param_4)s, %(param_5)s]) AND pg_catalog.pg_table_is_visible(pg_catalog.pg_class.oid) AND pg_catalog.pg_namespace.nspname != %(nspname_1)s
2026-08-25 17:06:49,090 | INFO | [cached since 0.00262s ago] {'table_name': 'mesas', 'param_1': 'r', 'param_2': 'p', 'param_3': 'f', 'param_4': 'v', 'param_5': 'm', 'nspname_1': 'pg_catalog'}
2026-08-25 17:06:49,091 | INFO | SELECT pg_catalog.pg_class.relname 
FROM pg_catalog.pg_class JOIN pg_catalog.pg_namespace ON pg_catalog.pg_namespace.oid = pg_catalog.pg_class.relnamespace 
WHERE pg_catalog.pg_class.relname = %(table_name)s AND pg_catalog.pg_class.relkind = ANY (ARRAY[%(param_1)s, %(param_2)s, %(param_3)s, %(param_4)s, %(param_5)s]) AND pg_catalog.pg_table_is_visible(pg_catalog.pg_class.oid) AND pg_catalog.pg_namespace.nspname != %(nspname_1)s
2026-08-25 17:06:49,091 | INFO | [cached since 0.003446s ago] {'table_name': 'clientes', 'param_1': 'r', 'param_2': 'p', 'param_3': 'f', 'param_4': 'v', 'param_5': 'm', 'nspname_1': 'pg_catalog'}
2026-08-25 17:06:49,091 | INFO | SELECT pg_catalog.pg_class.relname 
FROM pg_catalog.pg_class JOIN pg_catalog.pg_namespace ON pg_catalog.pg_namespace.oid = pg_catalog.pg_class.relnamespace 
WHERE pg_catalog.pg_class.relname = %(table_name)s AND pg_catalog.pg_class.relkind = ANY (ARRAY[%(param_1)s, %(param_2)s, %(param_3)s, %(param_4)s, %(param_5)s]) AND pg_catalog.pg_table_is_visible(pg_catalog.pg_class.oid) AND pg_catalog.pg_namespace.nspname != %(nspname_1)s
2026-08-25 17:06:49,092 | INFO | [cached since 0.004176s ago] {'table_name': 'pedidos', 'param_1': 'r', 'param_2': 'p', 'param_3': 'f', 'param_4': 'v', 'param_5': 'm', 'nspname_1': 'pg_catalog'}
2026-08-25 17:06:49,092 | INFO | SELECT pg_catalog.pg_class.relname 
FROM pg_catalog.pg_class JOIN pg_catalog.pg_namespace ON pg_catalog.pg_namespace.oid = pg_catalog.pg_class.relnamespace 
WHERE pg_catalog.pg_class.relname = %(table_name)s AND pg_catalog.pg_class.relkind = ANY (ARRAY[%(param_1)s, %(param_2)s, %(param_3)s, %(param_4)s, %(param_5)s]) AND pg_catalog.pg_table_is_visible(pg_catalog.pg_class.oid) AND pg_catalog.pg_namespace.nspname != %(nspname_1)s
2026-08-25 17:06:49,092 | INFO | [cached since 0.004942s ago] {'table_name': 'detalles_pedido', 'param_1': 'r', 'param_2': 'p', 'param_3': 'f', 'param_4': 'v', 'param_5': 'm', 'nspname_1': 'pg_catalog'}
2026-08-25 17:06:49,093 | INFO | SELECT pg_catalog.pg_class.relname 
FROM pg_catalog.pg_class JOIN pg_catalog.pg_namespace ON pg_catalog.pg_namespace.oid = pg_catalog.pg_class.relnamespace 
WHERE pg_catalog.pg_class.relname = %(table_name)s AND pg_catalog.pg_class.relkind = ANY (ARRAY[%(param_1)s, %(param_2)s, %(param_3)s, %(param_4)s, %(param_5)s]) AND pg_catalog.pg_table_is_visible(pg_catalog.pg_class.oid) AND pg_catalog.pg_namespace.nspname != %(nspname_1)s
2026-08-25 17:06:49,093 | INFO | [cached since 0.005667s ago] {'table_name': 'productos', 'param_1': 'r', 'param_2': 'p', 'param_3': 'f', 'param_4': 'v', 'param_5': 'm', 'nspname_1': 'pg_catalog'}
2026-08-25 17:06:49,094 | INFO | SELECT pg_catalog.pg_class.relname 
FROM pg_catalog.pg_class JOIN pg_catalog.pg_namespace ON pg_catalog.pg_namespace.oid = pg_catalog.pg_class.relnamespace 
WHERE pg_catalog.pg_class.relname = %(table_name)s AND pg_catalog.pg_class.relkind = ANY (ARRAY[%(param_1)s, %(param_2)s, %(param_3)s, %(param_4)s, %(param_5)s]) AND pg_catalog.pg_table_is_visible(pg_catalog.pg_class.oid) AND pg_catalog.pg_namespace.nspname != %(nspname_1)s
2026-08-25 17:06:49,094 | INFO | [cached since 0.006413s ago] {'table_name': 'comandas', 'param_1': 'r', 'param_2': 'p', 'param_3': 'f', 'param_4': 'v', 'param_5': 'm', 'nspname_1': 'pg_catalog'}
2026-08-25 17:06:49,094 | INFO | SELECT pg_catalog.pg_class.relname 
FROM pg_catalog.pg_class JOIN pg_catalog.pg_namespace ON pg_catalog.pg_namespace.oid = pg_catalog.pg_class.relnamespace 
WHERE pg_catalog.pg_class.relname = %(table_name)s AND pg_catalog.pg_class.relkind = ANY (ARRAY[%(param_1)s, %(param_2)s, %(param_3)s, %(param_4)s, %(param_5)s]) AND pg_catalog.pg_table_is_visible(pg_catalog.pg_class.oid) AND pg_catalog.pg_namespace.nspname != %(nspname_1)s
2026-08-25 17:06:49,095 | INFO | [cached since 0.007214s ago] {'table_name': 'pagos', 'param_1': 'r', 'param_2': 'p', 'param_3': 'f', 'param_4': 'v', 'param_5': 'm', 'nspname_1': 'pg_catalog'}
2026-08-25 17:06:49,095 | INFO | SELECT pg_catalog.pg_class.relname 
FROM pg_catalog.pg_class JOIN pg_catalog.pg_namespace ON pg_catalog.pg_namespace.oid = pg_catalog.pg_class.relnamespace 
WHERE pg_catalog.pg_class.relname = %(table_name)s AND pg_catalog.pg_class.relkind = ANY (ARRAY[%(param_1)s, %(param_2)s, %(param_3)s, %(param_4)s, %(param_5)s]) AND pg_catalog.pg_table_is_visible(pg_catalog.pg_class.oid) AND pg_catalog.pg_namespace.nspname != %(nspname_1)s
2026-08-25 17:06:49,095 | INFO | [cached since 0.007978s ago] {'table_name': 'usuarios', 'param_1': 'r', 'param_2': 'p', 'param_3': 'f', 'param_4': 'v', 'param_5': 'm', 'nspname_1': 'pg_catalog'}
2026-08-25 17:06:49,096 | INFO | SELECT pg_catalog.pg_class.relname 
FROM pg_catalog.pg_class JOIN pg_catalog.pg_namespace ON pg_catalog.pg_namespace.oid = pg_catalog.pg_class.relnamespace 
WHERE pg_catalog.pg_class.relname = %(table_name)s AND pg_catalog.pg_class.relkind = ANY (ARRAY[%(param_1)s, %(param_2)s, %(param_3)s, %(param_4)s, %(param_5)s]) AND pg_catalog.pg_table_is_visible(pg_catalog.pg_class.oid) AND pg_catalog.pg_namespace.nspname != %(nspname_1)s
2026-08-25 17:06:49,096 | INFO | [cached since 0.008643s ago] {'table_name': 'cuentas_credito', 'param_1': 'r', 'param_2': 'p', 'param_3': 'f', 'param_4': 'v', 'param_5': 'm', 'nspname_1': 'pg_catalog'}
2026-08-25 17:06:49,097 | INFO | SELECT pg_catalog.pg_class.relname 
FROM pg_catalog.pg_class JOIN pg_catalog.pg_namespace ON pg_catalog.pg_namespace.oid = pg_catalog.pg_class.relnamespace 
WHERE pg_catalog.pg_class.relname = %(table_name)s AND pg_catalog.pg_class.relkind = ANY (ARRAY[%(param_1)s, %(param_2)s, %(param_3)s, %(param_4)s, %(param_5)s]) AND pg_catalog.pg_table_is_visible(pg_catalog.pg_class.oid) AND pg_catalog.pg_namespace.nspname != %(nspname_1)s
2026-08-25 17:06:49,097 | INFO | [cached since 0.009525s ago] {'table_name': 'movimientos_credito', 'param_1': 'r', 'param_2': 'p', 'param_3': 'f', 'param_4': 'v', 'param_5': 'm', 'nspname_1': 'pg_catalog'}
2026-08-25 17:06:49,099 | INFO | 
CREATE TABLE sucursales (
	id_sucursal SERIAL NOT NULL, 
	codigo VARCHAR NOT NULL, 
	nombre VARCHAR NOT NULL, 
	direccion VARCHAR NOT NULL, 
	"UsuarioCreacion" VARCHAR NOT NULL, 
	"FechaCreacion" TIMESTAMP WITH TIME ZONE NOT NULL, 
	"UsuarioModificacion" VARCHAR, 
	"FechaModificacion" TIMESTAMP WITH TIME ZONE, 
	"EstadoTupla" BOOLEAN NOT NULL, 
	PRIMARY KEY (id_sucursal), 
	UNIQUE (codigo)
)


2026-08-25 17:06:49,099 | INFO | [no key 0.00051s] {}
2026-08-25 17:06:49,109 | INFO | CREATE INDEX ix_sucursales_id_sucursal ON sucursales (id_sucursal)
2026-08-25 17:06:49,109 | INFO | [no key 0.00025s] {}
2026-08-25 17:06:49,111 | INFO | 
CREATE TABLE clientes (
	id_cliente SERIAL NOT NULL, 
	nombre VARCHAR NOT NULL, 
	rut VARCHAR NOT NULL, 
	telefono VARCHAR NOT NULL, 
	email VARCHAR, 
	direccion VARCHAR, 
	tipo_cliente VARCHAR NOT NULL, 
	observaciones VARCHAR, 
	"UsuarioCreacion" VARCHAR NOT NULL, 
	"FechaCreacion" TIMESTAMP WITH TIME ZONE NOT NULL, 
	"UsuarioModificacion" VARCHAR, 
	"FechaModificacion" TIMESTAMP WITH TIME ZONE, 
	"EstadoTupla" BOOLEAN NOT NULL, 
	PRIMARY KEY (id_cliente), 
	UNIQUE (rut)
)


2026-08-25 17:06:49,111 | INFO | [no key 0.00026s] {}
2026-08-25 17:06:49,122 | INFO | CREATE INDEX ix_clientes_id_cliente ON clientes (id_cliente)
2026-08-25 17:06:49,122 | INFO | [no key 0.00029s] {}
2026-08-25 17:06:49,124 | INFO | 
CREATE TABLE mesas (
	id_mesa SERIAL NOT NULL, 
	id_sucursal INTEGER NOT NULL, 
	numero INTEGER NOT NULL, 
	capacidad INTEGER NOT NULL, 
	"UsuarioCreacion" VARCHAR NOT NULL, 
	"FechaCreacion" TIMESTAMP WITH TIME ZONE NOT NULL, 
	"UsuarioModificacion" VARCHAR, 
	"FechaModificacion" TIMESTAMP WITH TIME ZONE, 
	"EstadoTupla" BOOLEAN NOT NULL, 
	PRIMARY KEY (id_mesa), 
	FOREIGN KEY(id_sucursal) REFERENCES sucursales (id_sucursal)
)


2026-08-25 17:06:49,124 | INFO | [no key 0.00021s] {}
2026-08-25 17:06:49,131 | INFO | CREATE INDEX ix_mesas_id_mesa ON mesas (id_mesa)
2026-08-25 17:06:49,132 | INFO | [no key 0.00082s] {}
2026-08-25 17:06:49,134 | INFO | 
CREATE TABLE cuentas_credito (
	id_cuenta_credito SERIAL NOT NULL, 
	id_cliente INTEGER NOT NULL, 
	saldo FLOAT NOT NULL, 
	limite_credito FLOAT NOT NULL, 
	"UsuarioCreacion" VARCHAR NOT NULL, 
	"FechaCreacion" TIMESTAMP WITH TIME ZONE NOT NULL, 
	"UsuarioModificacion" VARCHAR, 
	"FechaModificacion" TIMESTAMP WITH TIME ZONE, 
	"EstadoTupla" BOOLEAN NOT NULL, 
	PRIMARY KEY (id_cuenta_credito), 
	UNIQUE (id_cliente), 
	FOREIGN KEY(id_cliente) REFERENCES clientes (id_cliente)
)


2026-08-25 17:06:49,135 | INFO | [no key 0.00024s] {}
2026-08-25 17:06:49,140 | INFO | CREATE INDEX ix_cuentas_credito_id_cuenta_credito ON cuentas_credito (id_cuenta_credito)
2026-08-25 17:06:49,141 | INFO | [no key 0.00025s] {}
2026-08-25 17:06:49,143 | INFO | 
CREATE TABLE pedidos (
	id_pedido SERIAL NOT NULL, 
	id_sucursal INTEGER NOT NULL, 
	id_mesa INTEGER, 
	id_cliente INTEGER, 
	id_usuario INTEGER NOT NULL, 
	fecha_hora TIMESTAMP WITH TIME ZONE NOT NULL, 
	canal VARCHAR NOT NULL, 
	estado VARCHAR NOT NULL, 
	"UsuarioCreacion" VARCHAR NOT NULL, 
	"FechaCreacion" TIMESTAMP WITH TIME ZONE NOT NULL, 
	"UsuarioModificacion" VARCHAR, 
	"FechaModificacion" TIMESTAMP WITH TIME ZONE, 
	"EstadoTupla" BOOLEAN NOT NULL, 
	PRIMARY KEY (id_pedido), 
	FOREIGN KEY(id_sucursal) REFERENCES sucursales (id_sucursal), 
	FOREIGN KEY(id_mesa) REFERENCES mesas (id_mesa), 
	FOREIGN KEY(id_cliente) REFERENCES clientes (id_cliente), 
	FOREIGN KEY(id_usuario) REFERENCES usuarios (id_usuario)
)


2026-08-25 17:06:49,143 | INFO | [no key 0.00024s] {}
2026-08-25 17:06:49,169 | INFO | ROLLBACK
2026-08-25 17:09:10,206 | INFO | SINGLETON: Inicializando el pool de conexiones único hacia PostgreSQL.
2026-08-25 17:09:10,207 | INFO | INFRAESTRUCTURA: Verificando y creando el esquema de tablas del MVP.
2026-08-25 17:09:10,260 | INFO | select pg_catalog.version()
2026-08-25 17:09:10,261 | INFO | [raw sql] {}
2026-08-25 17:09:10,262 | INFO | select current_schema()
2026-08-25 17:09:10,262 | INFO | [raw sql] {}
2026-08-25 17:09:10,263 | INFO | show standard_conforming_strings
2026-08-25 17:09:10,263 | INFO | [raw sql] {}
2026-08-25 17:09:10,264 | INFO | BEGIN (implicit)
2026-08-25 17:09:10,267 | INFO | SELECT pg_catalog.pg_class.relname 
FROM pg_catalog.pg_class JOIN pg_catalog.pg_namespace ON pg_catalog.pg_namespace.oid = pg_catalog.pg_class.relnamespace 
WHERE pg_catalog.pg_class.relname = %(table_name)s AND pg_catalog.pg_class.relkind = ANY (ARRAY[%(param_1)s, %(param_2)s, %(param_3)s, %(param_4)s, %(param_5)s]) AND pg_catalog.pg_table_is_visible(pg_catalog.pg_class.oid) AND pg_catalog.pg_namespace.nspname != %(nspname_1)s
2026-08-25 17:09:10,267 | INFO | [generated in 0.00027s] {'table_name': 'sucursales', 'param_1': 'r', 'param_2': 'p', 'param_3': 'f', 'param_4': 'v', 'param_5': 'm', 'nspname_1': 'pg_catalog'}
2026-08-25 17:09:10,269 | INFO | SELECT pg_catalog.pg_class.relname 
FROM pg_catalog.pg_class JOIN pg_catalog.pg_namespace ON pg_catalog.pg_namespace.oid = pg_catalog.pg_class.relnamespace 
WHERE pg_catalog.pg_class.relname = %(table_name)s AND pg_catalog.pg_class.relkind = ANY (ARRAY[%(param_1)s, %(param_2)s, %(param_3)s, %(param_4)s, %(param_5)s]) AND pg_catalog.pg_table_is_visible(pg_catalog.pg_class.oid) AND pg_catalog.pg_namespace.nspname != %(nspname_1)s
2026-08-25 17:09:10,270 | INFO | [cached since 0.003068s ago] {'table_name': 'mesas', 'param_1': 'r', 'param_2': 'p', 'param_3': 'f', 'param_4': 'v', 'param_5': 'm', 'nspname_1': 'pg_catalog'}
2026-08-25 17:09:10,271 | INFO | SELECT pg_catalog.pg_class.relname 
FROM pg_catalog.pg_class JOIN pg_catalog.pg_namespace ON pg_catalog.pg_namespace.oid = pg_catalog.pg_class.relnamespace 
WHERE pg_catalog.pg_class.relname = %(table_name)s AND pg_catalog.pg_class.relkind = ANY (ARRAY[%(param_1)s, %(param_2)s, %(param_3)s, %(param_4)s, %(param_5)s]) AND pg_catalog.pg_table_is_visible(pg_catalog.pg_class.oid) AND pg_catalog.pg_namespace.nspname != %(nspname_1)s
2026-08-25 17:09:10,271 | INFO | [cached since 0.004164s ago] {'table_name': 'clientes', 'param_1': 'r', 'param_2': 'p', 'param_3': 'f', 'param_4': 'v', 'param_5': 'm', 'nspname_1': 'pg_catalog'}
2026-08-25 17:09:10,272 | INFO | SELECT pg_catalog.pg_class.relname 
FROM pg_catalog.pg_class JOIN pg_catalog.pg_namespace ON pg_catalog.pg_namespace.oid = pg_catalog.pg_class.relnamespace 
WHERE pg_catalog.pg_class.relname = %(table_name)s AND pg_catalog.pg_class.relkind = ANY (ARRAY[%(param_1)s, %(param_2)s, %(param_3)s, %(param_4)s, %(param_5)s]) AND pg_catalog.pg_table_is_visible(pg_catalog.pg_class.oid) AND pg_catalog.pg_namespace.nspname != %(nspname_1)s
2026-08-25 17:09:10,272 | INFO | [cached since 0.005029s ago] {'table_name': 'pedidos', 'param_1': 'r', 'param_2': 'p', 'param_3': 'f', 'param_4': 'v', 'param_5': 'm', 'nspname_1': 'pg_catalog'}
2026-08-25 17:09:10,272 | INFO | SELECT pg_catalog.pg_class.relname 
FROM pg_catalog.pg_class JOIN pg_catalog.pg_namespace ON pg_catalog.pg_namespace.oid = pg_catalog.pg_class.relnamespace 
WHERE pg_catalog.pg_class.relname = %(table_name)s AND pg_catalog.pg_class.relkind = ANY (ARRAY[%(param_1)s, %(param_2)s, %(param_3)s, %(param_4)s, %(param_5)s]) AND pg_catalog.pg_table_is_visible(pg_catalog.pg_class.oid) AND pg_catalog.pg_namespace.nspname != %(nspname_1)s
2026-08-25 17:09:10,272 | INFO | [cached since 0.005782s ago] {'table_name': 'detalles_pedido', 'param_1': 'r', 'param_2': 'p', 'param_3': 'f', 'param_4': 'v', 'param_5': 'm', 'nspname_1': 'pg_catalog'}
2026-08-25 17:09:10,273 | INFO | SELECT pg_catalog.pg_class.relname 
FROM pg_catalog.pg_class JOIN pg_catalog.pg_namespace ON pg_catalog.pg_namespace.oid = pg_catalog.pg_class.relnamespace 
WHERE pg_catalog.pg_class.relname = %(table_name)s AND pg_catalog.pg_class.relkind = ANY (ARRAY[%(param_1)s, %(param_2)s, %(param_3)s, %(param_4)s, %(param_5)s]) AND pg_catalog.pg_table_is_visible(pg_catalog.pg_class.oid) AND pg_catalog.pg_namespace.nspname != %(nspname_1)s
2026-08-25 17:09:10,273 | INFO | [cached since 0.006578s ago] {'table_name': 'productos', 'param_1': 'r', 'param_2': 'p', 'param_3': 'f', 'param_4': 'v', 'param_5': 'm', 'nspname_1': 'pg_catalog'}
2026-08-25 17:09:10,274 | INFO | SELECT pg_catalog.pg_class.relname 
FROM pg_catalog.pg_class JOIN pg_catalog.pg_namespace ON pg_catalog.pg_namespace.oid = pg_catalog.pg_class.relnamespace 
WHERE pg_catalog.pg_class.relname = %(table_name)s AND pg_catalog.pg_class.relkind = ANY (ARRAY[%(param_1)s, %(param_2)s, %(param_3)s, %(param_4)s, %(param_5)s]) AND pg_catalog.pg_table_is_visible(pg_catalog.pg_class.oid) AND pg_catalog.pg_namespace.nspname != %(nspname_1)s
2026-08-25 17:09:10,274 | INFO | [cached since 0.007355s ago] {'table_name': 'comandas', 'param_1': 'r', 'param_2': 'p', 'param_3': 'f', 'param_4': 'v', 'param_5': 'm', 'nspname_1': 'pg_catalog'}
2026-08-25 17:09:10,275 | INFO | SELECT pg_catalog.pg_class.relname 
FROM pg_catalog.pg_class JOIN pg_catalog.pg_namespace ON pg_catalog.pg_namespace.oid = pg_catalog.pg_class.relnamespace 
WHERE pg_catalog.pg_class.relname = %(table_name)s AND pg_catalog.pg_class.relkind = ANY (ARRAY[%(param_1)s, %(param_2)s, %(param_3)s, %(param_4)s, %(param_5)s]) AND pg_catalog.pg_table_is_visible(pg_catalog.pg_class.oid) AND pg_catalog.pg_namespace.nspname != %(nspname_1)s
2026-08-25 17:09:10,275 | INFO | [cached since 0.008119s ago] {'table_name': 'pagos', 'param_1': 'r', 'param_2': 'p', 'param_3': 'f', 'param_4': 'v', 'param_5': 'm', 'nspname_1': 'pg_catalog'}
2026-08-25 17:09:10,275 | INFO | SELECT pg_catalog.pg_class.relname 
FROM pg_catalog.pg_class JOIN pg_catalog.pg_namespace ON pg_catalog.pg_namespace.oid = pg_catalog.pg_class.relnamespace 
WHERE pg_catalog.pg_class.relname = %(table_name)s AND pg_catalog.pg_class.relkind = ANY (ARRAY[%(param_1)s, %(param_2)s, %(param_3)s, %(param_4)s, %(param_5)s]) AND pg_catalog.pg_table_is_visible(pg_catalog.pg_class.oid) AND pg_catalog.pg_namespace.nspname != %(nspname_1)s
2026-08-25 17:09:10,276 | INFO | [cached since 0.00884s ago] {'table_name': 'usuarios', 'param_1': 'r', 'param_2': 'p', 'param_3': 'f', 'param_4': 'v', 'param_5': 'm', 'nspname_1': 'pg_catalog'}
2026-08-25 17:09:10,276 | INFO | SELECT pg_catalog.pg_class.relname 
FROM pg_catalog.pg_class JOIN pg_catalog.pg_namespace ON pg_catalog.pg_namespace.oid = pg_catalog.pg_class.relnamespace 
WHERE pg_catalog.pg_class.relname = %(table_name)s AND pg_catalog.pg_class.relkind = ANY (ARRAY[%(param_1)s, %(param_2)s, %(param_3)s, %(param_4)s, %(param_5)s]) AND pg_catalog.pg_table_is_visible(pg_catalog.pg_class.oid) AND pg_catalog.pg_namespace.nspname != %(nspname_1)s
2026-08-25 17:09:10,276 | INFO | [cached since 0.009722s ago] {'table_name': 'cuentas_credito', 'param_1': 'r', 'param_2': 'p', 'param_3': 'f', 'param_4': 'v', 'param_5': 'm', 'nspname_1': 'pg_catalog'}
2026-08-25 17:09:10,277 | INFO | SELECT pg_catalog.pg_class.relname 
FROM pg_catalog.pg_class JOIN pg_catalog.pg_namespace ON pg_catalog.pg_namespace.oid = pg_catalog.pg_class.relnamespace 
WHERE pg_catalog.pg_class.relname = %(table_name)s AND pg_catalog.pg_class.relkind = ANY (ARRAY[%(param_1)s, %(param_2)s, %(param_3)s, %(param_4)s, %(param_5)s]) AND pg_catalog.pg_table_is_visible(pg_catalog.pg_class.oid) AND pg_catalog.pg_namespace.nspname != %(nspname_1)s
2026-08-25 17:09:10,277 | INFO | [cached since 0.01043s ago] {'table_name': 'movimientos_credito', 'param_1': 'r', 'param_2': 'p', 'param_3': 'f', 'param_4': 'v', 'param_5': 'm', 'nspname_1': 'pg_catalog'}
2026-08-25 17:09:10,278 | INFO | 
CREATE TABLE sucursales (
	id_sucursal SERIAL NOT NULL, 
	codigo VARCHAR NOT NULL, 
	nombre VARCHAR NOT NULL, 
	direccion VARCHAR NOT NULL, 
	"UsuarioCreacion" VARCHAR NOT NULL, 
	"FechaCreacion" TIMESTAMP WITH TIME ZONE NOT NULL, 
	"UsuarioModificacion" VARCHAR, 
	"FechaModificacion" TIMESTAMP WITH TIME ZONE, 
	"EstadoTupla" BOOLEAN NOT NULL, 
	PRIMARY KEY (id_sucursal), 
	UNIQUE (codigo)
)


2026-08-25 17:09:10,278 | INFO | [no key 0.00022s] {}
2026-08-25 17:09:10,289 | INFO | CREATE INDEX ix_sucursales_id_sucursal ON sucursales (id_sucursal)
2026-08-25 17:09:10,289 | INFO | [no key 0.00023s] {}
2026-08-25 17:09:10,291 | INFO | 
CREATE TABLE clientes (
	id_cliente SERIAL NOT NULL, 
	nombre VARCHAR NOT NULL, 
	rut VARCHAR NOT NULL, 
	telefono VARCHAR NOT NULL, 
	email VARCHAR, 
	direccion VARCHAR, 
	tipo_cliente VARCHAR NOT NULL, 
	observaciones VARCHAR, 
	"UsuarioCreacion" VARCHAR NOT NULL, 
	"FechaCreacion" TIMESTAMP WITH TIME ZONE NOT NULL, 
	"UsuarioModificacion" VARCHAR, 
	"FechaModificacion" TIMESTAMP WITH TIME ZONE, 
	"EstadoTupla" BOOLEAN NOT NULL, 
	PRIMARY KEY (id_cliente), 
	UNIQUE (rut)
)


2026-08-25 17:09:10,291 | INFO | [no key 0.00021s] {}
2026-08-25 17:09:10,299 | INFO | CREATE INDEX ix_clientes_id_cliente ON clientes (id_cliente)
2026-08-25 17:09:10,299 | INFO | [no key 0.00027s] {}
2026-08-25 17:09:10,301 | INFO | 
CREATE TABLE mesas (
	id_mesa SERIAL NOT NULL, 
	id_sucursal INTEGER NOT NULL, 
	numero INTEGER NOT NULL, 
	capacidad INTEGER NOT NULL, 
	"UsuarioCreacion" VARCHAR NOT NULL, 
	"FechaCreacion" TIMESTAMP WITH TIME ZONE NOT NULL, 
	"UsuarioModificacion" VARCHAR, 
	"FechaModificacion" TIMESTAMP WITH TIME ZONE, 
	"EstadoTupla" BOOLEAN NOT NULL, 
	PRIMARY KEY (id_mesa), 
	FOREIGN KEY(id_sucursal) REFERENCES sucursales (id_sucursal)
)


2026-08-25 17:09:10,301 | INFO | [no key 0.00023s] {}
2026-08-25 17:09:10,308 | INFO | CREATE INDEX ix_mesas_id_mesa ON mesas (id_mesa)
2026-08-25 17:09:10,308 | INFO | [no key 0.00022s] {}
2026-08-25 17:09:10,309 | INFO | 
CREATE TABLE cuentas_credito (
	id_cuenta_credito SERIAL NOT NULL, 
	id_cliente INTEGER NOT NULL, 
	saldo FLOAT NOT NULL, 
	limite_credito FLOAT NOT NULL, 
	"UsuarioCreacion" VARCHAR NOT NULL, 
	"FechaCreacion" TIMESTAMP WITH TIME ZONE NOT NULL, 
	"UsuarioModificacion" VARCHAR, 
	"FechaModificacion" TIMESTAMP WITH TIME ZONE, 
	"EstadoTupla" BOOLEAN NOT NULL, 
	PRIMARY KEY (id_cuenta_credito), 
	UNIQUE (id_cliente), 
	FOREIGN KEY(id_cliente) REFERENCES clientes (id_cliente)
)


2026-08-25 17:09:10,310 | INFO | [no key 0.00020s] {}
2026-08-25 17:09:10,316 | INFO | CREATE INDEX ix_cuentas_credito_id_cuenta_credito ON cuentas_credito (id_cuenta_credito)
2026-08-25 17:09:10,316 | INFO | [no key 0.00022s] {}
2026-08-25 17:09:10,319 | INFO | 
CREATE TABLE pedidos (
	id_pedido SERIAL NOT NULL, 
	id_sucursal INTEGER NOT NULL, 
	id_mesa INTEGER, 
	id_cliente INTEGER, 
	id_usuario INTEGER NOT NULL, 
	fecha_hora TIMESTAMP WITH TIME ZONE NOT NULL, 
	canal VARCHAR NOT NULL, 
	estado VARCHAR NOT NULL, 
	"UsuarioCreacion" VARCHAR NOT NULL, 
	"FechaCreacion" TIMESTAMP WITH TIME ZONE NOT NULL, 
	"UsuarioModificacion" VARCHAR, 
	"FechaModificacion" TIMESTAMP WITH TIME ZONE, 
	"EstadoTupla" BOOLEAN NOT NULL, 
	PRIMARY KEY (id_pedido), 
	FOREIGN KEY(id_sucursal) REFERENCES sucursales (id_sucursal), 
	FOREIGN KEY(id_mesa) REFERENCES mesas (id_mesa), 
	FOREIGN KEY(id_cliente) REFERENCES clientes (id_cliente), 
	FOREIGN KEY(id_usuario) REFERENCES usuarios (id_usuario)
)


2026-08-25 17:09:10,319 | INFO | [no key 0.00027s] {}
2026-08-25 17:09:10,342 | INFO | ROLLBACK
2026-08-25 17:10:42,550 | INFO | SINGLETON: Inicializando el pool de conexiones único hacia PostgreSQL.
2026-08-25 17:10:42,551 | INFO | INFRAESTRUCTURA: Verificando y creando el esquema de tablas del MVP.
2026-08-25 17:10:42,605 | INFO | select pg_catalog.version()
2026-08-25 17:10:42,605 | INFO | [raw sql] {}
2026-08-25 17:10:42,607 | INFO | select current_schema()
2026-08-25 17:10:42,607 | INFO | [raw sql] {}
2026-08-25 17:10:42,608 | INFO | show standard_conforming_strings
2026-08-25 17:10:42,608 | INFO | [raw sql] {}
2026-08-25 17:10:42,609 | INFO | BEGIN (implicit)
2026-08-25 17:10:42,611 | INFO | SELECT pg_catalog.pg_class.relname 
FROM pg_catalog.pg_class JOIN pg_catalog.pg_namespace ON pg_catalog.pg_namespace.oid = pg_catalog.pg_class.relnamespace 
WHERE pg_catalog.pg_class.relname = %(table_name)s AND pg_catalog.pg_class.relkind = ANY (ARRAY[%(param_1)s, %(param_2)s, %(param_3)s, %(param_4)s, %(param_5)s]) AND pg_catalog.pg_table_is_visible(pg_catalog.pg_class.oid) AND pg_catalog.pg_namespace.nspname != %(nspname_1)s
2026-08-25 17:10:42,611 | INFO | [generated in 0.00025s] {'table_name': 'sucursales', 'param_1': 'r', 'param_2': 'p', 'param_3': 'f', 'param_4': 'v', 'param_5': 'm', 'nspname_1': 'pg_catalog'}
2026-08-25 17:10:42,614 | INFO | SELECT pg_catalog.pg_class.relname 
FROM pg_catalog.pg_class JOIN pg_catalog.pg_namespace ON pg_catalog.pg_namespace.oid = pg_catalog.pg_class.relnamespace 
WHERE pg_catalog.pg_class.relname = %(table_name)s AND pg_catalog.pg_class.relkind = ANY (ARRAY[%(param_1)s, %(param_2)s, %(param_3)s, %(param_4)s, %(param_5)s]) AND pg_catalog.pg_table_is_visible(pg_catalog.pg_class.oid) AND pg_catalog.pg_namespace.nspname != %(nspname_1)s
2026-08-25 17:10:42,614 | INFO | [cached since 0.002898s ago] {'table_name': 'mesas', 'param_1': 'r', 'param_2': 'p', 'param_3': 'f', 'param_4': 'v', 'param_5': 'm', 'nspname_1': 'pg_catalog'}
2026-08-25 17:10:42,615 | INFO | SELECT pg_catalog.pg_class.relname 
FROM pg_catalog.pg_class JOIN pg_catalog.pg_namespace ON pg_catalog.pg_namespace.oid = pg_catalog.pg_class.relnamespace 
WHERE pg_catalog.pg_class.relname = %(table_name)s AND pg_catalog.pg_class.relkind = ANY (ARRAY[%(param_1)s, %(param_2)s, %(param_3)s, %(param_4)s, %(param_5)s]) AND pg_catalog.pg_table_is_visible(pg_catalog.pg_class.oid) AND pg_catalog.pg_namespace.nspname != %(nspname_1)s
2026-08-25 17:10:42,615 | INFO | [cached since 0.00375s ago] {'table_name': 'clientes', 'param_1': 'r', 'param_2': 'p', 'param_3': 'f', 'param_4': 'v', 'param_5': 'm', 'nspname_1': 'pg_catalog'}
2026-08-25 17:10:42,616 | INFO | SELECT pg_catalog.pg_class.relname 
FROM pg_catalog.pg_class JOIN pg_catalog.pg_namespace ON pg_catalog.pg_namespace.oid = pg_catalog.pg_class.relnamespace 
WHERE pg_catalog.pg_class.relname = %(table_name)s AND pg_catalog.pg_class.relkind = ANY (ARRAY[%(param_1)s, %(param_2)s, %(param_3)s, %(param_4)s, %(param_5)s]) AND pg_catalog.pg_table_is_visible(pg_catalog.pg_class.oid) AND pg_catalog.pg_namespace.nspname != %(nspname_1)s
2026-08-25 17:10:42,616 | INFO | [cached since 0.004455s ago] {'table_name': 'pedidos', 'param_1': 'r', 'param_2': 'p', 'param_3': 'f', 'param_4': 'v', 'param_5': 'm', 'nspname_1': 'pg_catalog'}
2026-08-25 17:10:42,616 | INFO | SELECT pg_catalog.pg_class.relname 
FROM pg_catalog.pg_class JOIN pg_catalog.pg_namespace ON pg_catalog.pg_namespace.oid = pg_catalog.pg_class.relnamespace 
WHERE pg_catalog.pg_class.relname = %(table_name)s AND pg_catalog.pg_class.relkind = ANY (ARRAY[%(param_1)s, %(param_2)s, %(param_3)s, %(param_4)s, %(param_5)s]) AND pg_catalog.pg_table_is_visible(pg_catalog.pg_class.oid) AND pg_catalog.pg_namespace.nspname != %(nspname_1)s
2026-08-25 17:10:42,616 | INFO | [cached since 0.005285s ago] {'table_name': 'detalles_pedido', 'param_1': 'r', 'param_2': 'p', 'param_3': 'f', 'param_4': 'v', 'param_5': 'm', 'nspname_1': 'pg_catalog'}
2026-08-25 17:10:42,617 | INFO | SELECT pg_catalog.pg_class.relname 
FROM pg_catalog.pg_class JOIN pg_catalog.pg_namespace ON pg_catalog.pg_namespace.oid = pg_catalog.pg_class.relnamespace 
WHERE pg_catalog.pg_class.relname = %(table_name)s AND pg_catalog.pg_class.relkind = ANY (ARRAY[%(param_1)s, %(param_2)s, %(param_3)s, %(param_4)s, %(param_5)s]) AND pg_catalog.pg_table_is_visible(pg_catalog.pg_class.oid) AND pg_catalog.pg_namespace.nspname != %(nspname_1)s
2026-08-25 17:10:42,617 | INFO | [cached since 0.006001s ago] {'table_name': 'productos', 'param_1': 'r', 'param_2': 'p', 'param_3': 'f', 'param_4': 'v', 'param_5': 'm', 'nspname_1': 'pg_catalog'}
2026-08-25 17:10:42,618 | INFO | SELECT pg_catalog.pg_class.relname 
FROM pg_catalog.pg_class JOIN pg_catalog.pg_namespace ON pg_catalog.pg_namespace.oid = pg_catalog.pg_class.relnamespace 
WHERE pg_catalog.pg_class.relname = %(table_name)s AND pg_catalog.pg_class.relkind = ANY (ARRAY[%(param_1)s, %(param_2)s, %(param_3)s, %(param_4)s, %(param_5)s]) AND pg_catalog.pg_table_is_visible(pg_catalog.pg_class.oid) AND pg_catalog.pg_namespace.nspname != %(nspname_1)s
2026-08-25 17:10:42,618 | INFO | [cached since 0.006865s ago] {'table_name': 'comandas', 'param_1': 'r', 'param_2': 'p', 'param_3': 'f', 'param_4': 'v', 'param_5': 'm', 'nspname_1': 'pg_catalog'}
2026-08-25 17:10:42,619 | INFO | SELECT pg_catalog.pg_class.relname 
FROM pg_catalog.pg_class JOIN pg_catalog.pg_namespace ON pg_catalog.pg_namespace.oid = pg_catalog.pg_class.relnamespace 
WHERE pg_catalog.pg_class.relname = %(table_name)s AND pg_catalog.pg_class.relkind = ANY (ARRAY[%(param_1)s, %(param_2)s, %(param_3)s, %(param_4)s, %(param_5)s]) AND pg_catalog.pg_table_is_visible(pg_catalog.pg_class.oid) AND pg_catalog.pg_namespace.nspname != %(nspname_1)s
2026-08-25 17:10:42,619 | INFO | [cached since 0.007651s ago] {'table_name': 'pagos', 'param_1': 'r', 'param_2': 'p', 'param_3': 'f', 'param_4': 'v', 'param_5': 'm', 'nspname_1': 'pg_catalog'}
2026-08-25 17:10:42,619 | INFO | SELECT pg_catalog.pg_class.relname 
FROM pg_catalog.pg_class JOIN pg_catalog.pg_namespace ON pg_catalog.pg_namespace.oid = pg_catalog.pg_class.relnamespace 
WHERE pg_catalog.pg_class.relname = %(table_name)s AND pg_catalog.pg_class.relkind = ANY (ARRAY[%(param_1)s, %(param_2)s, %(param_3)s, %(param_4)s, %(param_5)s]) AND pg_catalog.pg_table_is_visible(pg_catalog.pg_class.oid) AND pg_catalog.pg_namespace.nspname != %(nspname_1)s
2026-08-25 17:10:42,620 | INFO | [cached since 0.008331s ago] {'table_name': 'usuarios', 'param_1': 'r', 'param_2': 'p', 'param_3': 'f', 'param_4': 'v', 'param_5': 'm', 'nspname_1': 'pg_catalog'}
2026-08-25 17:10:42,620 | INFO | SELECT pg_catalog.pg_class.relname 
FROM pg_catalog.pg_class JOIN pg_catalog.pg_namespace ON pg_catalog.pg_namespace.oid = pg_catalog.pg_class.relnamespace 
WHERE pg_catalog.pg_class.relname = %(table_name)s AND pg_catalog.pg_class.relkind = ANY (ARRAY[%(param_1)s, %(param_2)s, %(param_3)s, %(param_4)s, %(param_5)s]) AND pg_catalog.pg_table_is_visible(pg_catalog.pg_class.oid) AND pg_catalog.pg_namespace.nspname != %(nspname_1)s
2026-08-25 17:10:42,620 | INFO | [cached since 0.008901s ago] {'table_name': 'cuentas_credito', 'param_1': 'r', 'param_2': 'p', 'param_3': 'f', 'param_4': 'v', 'param_5': 'm', 'nspname_1': 'pg_catalog'}
2026-08-25 17:10:42,621 | INFO | SELECT pg_catalog.pg_class.relname 
FROM pg_catalog.pg_class JOIN pg_catalog.pg_namespace ON pg_catalog.pg_namespace.oid = pg_catalog.pg_class.relnamespace 
WHERE pg_catalog.pg_class.relname = %(table_name)s AND pg_catalog.pg_class.relkind = ANY (ARRAY[%(param_1)s, %(param_2)s, %(param_3)s, %(param_4)s, %(param_5)s]) AND pg_catalog.pg_table_is_visible(pg_catalog.pg_class.oid) AND pg_catalog.pg_namespace.nspname != %(nspname_1)s
2026-08-25 17:10:42,621 | INFO | [cached since 0.009447s ago] {'table_name': 'movimientos_credito', 'param_1': 'r', 'param_2': 'p', 'param_3': 'f', 'param_4': 'v', 'param_5': 'm', 'nspname_1': 'pg_catalog'}
2026-08-25 17:10:42,622 | INFO | 
CREATE TABLE sucursales (
	id_sucursal SERIAL NOT NULL, 
	codigo VARCHAR NOT NULL, 
	nombre VARCHAR NOT NULL, 
	direccion VARCHAR NOT NULL, 
	"UsuarioCreacion" VARCHAR NOT NULL, 
	"FechaCreacion" TIMESTAMP WITH TIME ZONE NOT NULL, 
	"UsuarioModificacion" VARCHAR, 
	"FechaModificacion" TIMESTAMP WITH TIME ZONE, 
	"EstadoTupla" BOOLEAN NOT NULL, 
	PRIMARY KEY (id_sucursal), 
	UNIQUE (codigo)
)


2026-08-25 17:10:42,622 | INFO | [no key 0.00015s] {}
2026-08-25 17:10:42,633 | INFO | CREATE INDEX ix_sucursales_id_sucursal ON sucursales (id_sucursal)
2026-08-25 17:10:42,634 | INFO | [no key 0.00040s] {}
2026-08-25 17:10:42,636 | INFO | 
CREATE TABLE clientes (
	id_cliente SERIAL NOT NULL, 
	nombre VARCHAR NOT NULL, 
	rut VARCHAR NOT NULL, 
	telefono VARCHAR NOT NULL, 
	email VARCHAR, 
	direccion VARCHAR, 
	tipo_cliente VARCHAR NOT NULL, 
	observaciones VARCHAR, 
	"UsuarioCreacion" VARCHAR NOT NULL, 
	"FechaCreacion" TIMESTAMP WITH TIME ZONE NOT NULL, 
	"UsuarioModificacion" VARCHAR, 
	"FechaModificacion" TIMESTAMP WITH TIME ZONE, 
	"EstadoTupla" BOOLEAN NOT NULL, 
	PRIMARY KEY (id_cliente), 
	UNIQUE (rut)
)


2026-08-25 17:10:42,636 | INFO | [no key 0.00021s] {}
2026-08-25 17:10:42,642 | INFO | CREATE INDEX ix_clientes_id_cliente ON clientes (id_cliente)
2026-08-25 17:10:42,642 | INFO | [no key 0.00023s] {}
2026-08-25 17:10:42,644 | INFO | 
CREATE TABLE mesas (
	id_mesa SERIAL NOT NULL, 
	id_sucursal INTEGER NOT NULL, 
	numero INTEGER NOT NULL, 
	capacidad INTEGER NOT NULL, 
	"UsuarioCreacion" VARCHAR NOT NULL, 
	"FechaCreacion" TIMESTAMP WITH TIME ZONE NOT NULL, 
	"UsuarioModificacion" VARCHAR, 
	"FechaModificacion" TIMESTAMP WITH TIME ZONE, 
	"EstadoTupla" BOOLEAN NOT NULL, 
	PRIMARY KEY (id_mesa), 
	FOREIGN KEY(id_sucursal) REFERENCES sucursales (id_sucursal)
)


2026-08-25 17:10:42,644 | INFO | [no key 0.00021s] {}
2026-08-25 17:10:42,650 | INFO | CREATE INDEX ix_mesas_id_mesa ON mesas (id_mesa)
2026-08-25 17:10:42,651 | INFO | [no key 0.00024s] {}
2026-08-25 17:10:42,652 | INFO | 
CREATE TABLE cuentas_credito (
	id_cuenta_credito SERIAL NOT NULL, 
	id_cliente INTEGER NOT NULL, 
	saldo FLOAT NOT NULL, 
	limite_credito FLOAT NOT NULL, 
	"UsuarioCreacion" VARCHAR NOT NULL, 
	"FechaCreacion" TIMESTAMP WITH TIME ZONE NOT NULL, 
	"UsuarioModificacion" VARCHAR, 
	"FechaModificacion" TIMESTAMP WITH TIME ZONE, 
	"EstadoTupla" BOOLEAN NOT NULL, 
	PRIMARY KEY (id_cuenta_credito), 
	UNIQUE (id_cliente), 
	FOREIGN KEY(id_cliente) REFERENCES clientes (id_cliente)
)


2026-08-25 17:10:42,653 | INFO | [no key 0.00017s] {}
2026-08-25 17:10:42,659 | INFO | CREATE INDEX ix_cuentas_credito_id_cuenta_credito ON cuentas_credito (id_cuenta_credito)
2026-08-25 17:10:42,659 | INFO | [no key 0.00021s] {}
2026-08-25 17:10:42,661 | INFO | 
CREATE TABLE pedidos (
	id_pedido SERIAL NOT NULL, 
	id_sucursal INTEGER NOT NULL, 
	id_mesa INTEGER, 
	id_cliente INTEGER, 
	id_usuario INTEGER NOT NULL, 
	fecha_hora TIMESTAMP WITH TIME ZONE NOT NULL, 
	canal VARCHAR NOT NULL, 
	estado VARCHAR NOT NULL, 
	"UsuarioCreacion" VARCHAR NOT NULL, 
	"FechaCreacion" TIMESTAMP WITH TIME ZONE NOT NULL, 
	"UsuarioModificacion" VARCHAR, 
	"FechaModificacion" TIMESTAMP WITH TIME ZONE, 
	"EstadoTupla" BOOLEAN NOT NULL, 
	PRIMARY KEY (id_pedido), 
	FOREIGN KEY(id_sucursal) REFERENCES sucursales (id_sucursal), 
	FOREIGN KEY(id_mesa) REFERENCES mesas (id_mesa), 
	FOREIGN KEY(id_cliente) REFERENCES clientes (id_cliente), 
	FOREIGN KEY(id_usuario) REFERENCES usuarios (id_usuario)
)


2026-08-25 17:10:42,661 | INFO | [no key 0.00024s] {}
2026-08-25 17:10:42,686 | INFO | ROLLBACK
2026-08-25 17:12:19,896 | INFO | SINGLETON: Inicializando el pool de conexiones único hacia PostgreSQL.
2026-08-25 17:12:19,897 | INFO | INFRAESTRUCTURA: Verificando y creando el esquema de tablas del MVP.
2026-08-25 17:12:19,954 | INFO | select pg_catalog.version()
2026-08-25 17:12:19,955 | INFO | [raw sql] {}
2026-08-25 17:12:19,956 | INFO | select current_schema()
2026-08-25 17:12:19,957 | INFO | [raw sql] {}
2026-08-25 17:12:19,958 | INFO | show standard_conforming_strings
2026-08-25 17:12:19,958 | INFO | [raw sql] {}
2026-08-25 17:12:19,959 | INFO | BEGIN (implicit)
2026-08-25 17:12:19,962 | INFO | SELECT pg_catalog.pg_class.relname 
FROM pg_catalog.pg_class JOIN pg_catalog.pg_namespace ON pg_catalog.pg_namespace.oid = pg_catalog.pg_class.relnamespace 
WHERE pg_catalog.pg_class.relname = %(table_name)s AND pg_catalog.pg_class.relkind = ANY (ARRAY[%(param_1)s, %(param_2)s, %(param_3)s, %(param_4)s, %(param_5)s]) AND pg_catalog.pg_table_is_visible(pg_catalog.pg_class.oid) AND pg_catalog.pg_namespace.nspname != %(nspname_1)s
2026-08-25 17:12:19,962 | INFO | [generated in 0.00029s] {'table_name': 'sucursales', 'param_1': 'r', 'param_2': 'p', 'param_3': 'f', 'param_4': 'v', 'param_5': 'm', 'nspname_1': 'pg_catalog'}
2026-08-25 17:12:19,965 | INFO | SELECT pg_catalog.pg_class.relname 
FROM pg_catalog.pg_class JOIN pg_catalog.pg_namespace ON pg_catalog.pg_namespace.oid = pg_catalog.pg_class.relnamespace 
WHERE pg_catalog.pg_class.relname = %(table_name)s AND pg_catalog.pg_class.relkind = ANY (ARRAY[%(param_1)s, %(param_2)s, %(param_3)s, %(param_4)s, %(param_5)s]) AND pg_catalog.pg_table_is_visible(pg_catalog.pg_class.oid) AND pg_catalog.pg_namespace.nspname != %(nspname_1)s
2026-08-25 17:12:19,965 | INFO | [cached since 0.003704s ago] {'table_name': 'mesas', 'param_1': 'r', 'param_2': 'p', 'param_3': 'f', 'param_4': 'v', 'param_5': 'm', 'nspname_1': 'pg_catalog'}
2026-08-25 17:12:19,966 | INFO | SELECT pg_catalog.pg_class.relname 
FROM pg_catalog.pg_class JOIN pg_catalog.pg_namespace ON pg_catalog.pg_namespace.oid = pg_catalog.pg_class.relnamespace 
WHERE pg_catalog.pg_class.relname = %(table_name)s AND pg_catalog.pg_class.relkind = ANY (ARRAY[%(param_1)s, %(param_2)s, %(param_3)s, %(param_4)s, %(param_5)s]) AND pg_catalog.pg_table_is_visible(pg_catalog.pg_class.oid) AND pg_catalog.pg_namespace.nspname != %(nspname_1)s
2026-08-25 17:12:19,966 | INFO | [cached since 0.004725s ago] {'table_name': 'clientes', 'param_1': 'r', 'param_2': 'p', 'param_3': 'f', 'param_4': 'v', 'param_5': 'm', 'nspname_1': 'pg_catalog'}
2026-08-25 17:12:19,967 | INFO | SELECT pg_catalog.pg_class.relname 
FROM pg_catalog.pg_class JOIN pg_catalog.pg_namespace ON pg_catalog.pg_namespace.oid = pg_catalog.pg_class.relnamespace 
WHERE pg_catalog.pg_class.relname = %(table_name)s AND pg_catalog.pg_class.relkind = ANY (ARRAY[%(param_1)s, %(param_2)s, %(param_3)s, %(param_4)s, %(param_5)s]) AND pg_catalog.pg_table_is_visible(pg_catalog.pg_class.oid) AND pg_catalog.pg_namespace.nspname != %(nspname_1)s
2026-08-25 17:12:19,967 | INFO | [cached since 0.005641s ago] {'table_name': 'pedidos', 'param_1': 'r', 'param_2': 'p', 'param_3': 'f', 'param_4': 'v', 'param_5': 'm', 'nspname_1': 'pg_catalog'}
2026-08-25 17:12:19,968 | INFO | SELECT pg_catalog.pg_class.relname 
FROM pg_catalog.pg_class JOIN pg_catalog.pg_namespace ON pg_catalog.pg_namespace.oid = pg_catalog.pg_class.relnamespace 
WHERE pg_catalog.pg_class.relname = %(table_name)s AND pg_catalog.pg_class.relkind = ANY (ARRAY[%(param_1)s, %(param_2)s, %(param_3)s, %(param_4)s, %(param_5)s]) AND pg_catalog.pg_table_is_visible(pg_catalog.pg_class.oid) AND pg_catalog.pg_namespace.nspname != %(nspname_1)s
2026-08-25 17:12:19,968 | INFO | [cached since 0.006462s ago] {'table_name': 'detalles_pedido', 'param_1': 'r', 'param_2': 'p', 'param_3': 'f', 'param_4': 'v', 'param_5': 'm', 'nspname_1': 'pg_catalog'}
2026-08-25 17:12:19,969 | INFO | SELECT pg_catalog.pg_class.relname 
FROM pg_catalog.pg_class JOIN pg_catalog.pg_namespace ON pg_catalog.pg_namespace.oid = pg_catalog.pg_class.relnamespace 
WHERE pg_catalog.pg_class.relname = %(table_name)s AND pg_catalog.pg_class.relkind = ANY (ARRAY[%(param_1)s, %(param_2)s, %(param_3)s, %(param_4)s, %(param_5)s]) AND pg_catalog.pg_table_is_visible(pg_catalog.pg_class.oid) AND pg_catalog.pg_namespace.nspname != %(nspname_1)s
2026-08-25 17:12:19,969 | INFO | [cached since 0.007354s ago] {'table_name': 'productos', 'param_1': 'r', 'param_2': 'p', 'param_3': 'f', 'param_4': 'v', 'param_5': 'm', 'nspname_1': 'pg_catalog'}
2026-08-25 17:12:19,970 | INFO | SELECT pg_catalog.pg_class.relname 
FROM pg_catalog.pg_class JOIN pg_catalog.pg_namespace ON pg_catalog.pg_namespace.oid = pg_catalog.pg_class.relnamespace 
WHERE pg_catalog.pg_class.relname = %(table_name)s AND pg_catalog.pg_class.relkind = ANY (ARRAY[%(param_1)s, %(param_2)s, %(param_3)s, %(param_4)s, %(param_5)s]) AND pg_catalog.pg_table_is_visible(pg_catalog.pg_class.oid) AND pg_catalog.pg_namespace.nspname != %(nspname_1)s
2026-08-25 17:12:19,970 | INFO | [cached since 0.008178s ago] {'table_name': 'comandas', 'param_1': 'r', 'param_2': 'p', 'param_3': 'f', 'param_4': 'v', 'param_5': 'm', 'nspname_1': 'pg_catalog'}
2026-08-25 17:12:19,970 | INFO | SELECT pg_catalog.pg_class.relname 
FROM pg_catalog.pg_class JOIN pg_catalog.pg_namespace ON pg_catalog.pg_namespace.oid = pg_catalog.pg_class.relnamespace 
WHERE pg_catalog.pg_class.relname = %(table_name)s AND pg_catalog.pg_class.relkind = ANY (ARRAY[%(param_1)s, %(param_2)s, %(param_3)s, %(param_4)s, %(param_5)s]) AND pg_catalog.pg_table_is_visible(pg_catalog.pg_class.oid) AND pg_catalog.pg_namespace.nspname != %(nspname_1)s
2026-08-25 17:12:19,971 | INFO | [cached since 0.009008s ago] {'table_name': 'pagos', 'param_1': 'r', 'param_2': 'p', 'param_3': 'f', 'param_4': 'v', 'param_5': 'm', 'nspname_1': 'pg_catalog'}
2026-08-25 17:12:19,971 | INFO | SELECT pg_catalog.pg_class.relname 
FROM pg_catalog.pg_class JOIN pg_catalog.pg_namespace ON pg_catalog.pg_namespace.oid = pg_catalog.pg_class.relnamespace 
WHERE pg_catalog.pg_class.relname = %(table_name)s AND pg_catalog.pg_class.relkind = ANY (ARRAY[%(param_1)s, %(param_2)s, %(param_3)s, %(param_4)s, %(param_5)s]) AND pg_catalog.pg_table_is_visible(pg_catalog.pg_class.oid) AND pg_catalog.pg_namespace.nspname != %(nspname_1)s
2026-08-25 17:12:19,972 | INFO | [cached since 0.009847s ago] {'table_name': 'usuarios', 'param_1': 'r', 'param_2': 'p', 'param_3': 'f', 'param_4': 'v', 'param_5': 'm', 'nspname_1': 'pg_catalog'}
2026-08-25 17:12:19,972 | INFO | SELECT pg_catalog.pg_class.relname 
FROM pg_catalog.pg_class JOIN pg_catalog.pg_namespace ON pg_catalog.pg_namespace.oid = pg_catalog.pg_class.relnamespace 
WHERE pg_catalog.pg_class.relname = %(table_name)s AND pg_catalog.pg_class.relkind = ANY (ARRAY[%(param_1)s, %(param_2)s, %(param_3)s, %(param_4)s, %(param_5)s]) AND pg_catalog.pg_table_is_visible(pg_catalog.pg_class.oid) AND pg_catalog.pg_namespace.nspname != %(nspname_1)s
2026-08-25 17:12:19,972 | INFO | [cached since 0.01068s ago] {'table_name': 'cuentas_credito', 'param_1': 'r', 'param_2': 'p', 'param_3': 'f', 'param_4': 'v', 'param_5': 'm', 'nspname_1': 'pg_catalog'}
2026-08-25 17:12:19,973 | INFO | SELECT pg_catalog.pg_class.relname 
FROM pg_catalog.pg_class JOIN pg_catalog.pg_namespace ON pg_catalog.pg_namespace.oid = pg_catalog.pg_class.relnamespace 
WHERE pg_catalog.pg_class.relname = %(table_name)s AND pg_catalog.pg_class.relkind = ANY (ARRAY[%(param_1)s, %(param_2)s, %(param_3)s, %(param_4)s, %(param_5)s]) AND pg_catalog.pg_table_is_visible(pg_catalog.pg_class.oid) AND pg_catalog.pg_namespace.nspname != %(nspname_1)s
2026-08-25 17:12:19,973 | INFO | [cached since 0.01146s ago] {'table_name': 'movimientos_credito', 'param_1': 'r', 'param_2': 'p', 'param_3': 'f', 'param_4': 'v', 'param_5': 'm', 'nspname_1': 'pg_catalog'}
2026-08-25 17:12:19,974 | INFO | 
CREATE TABLE sucursales (
	id_sucursal SERIAL NOT NULL, 
	codigo VARCHAR NOT NULL, 
	nombre VARCHAR NOT NULL, 
	direccion VARCHAR NOT NULL, 
	"UsuarioCreacion" VARCHAR NOT NULL, 
	"FechaCreacion" TIMESTAMP WITH TIME ZONE NOT NULL, 
	"UsuarioModificacion" VARCHAR, 
	"FechaModificacion" TIMESTAMP WITH TIME ZONE, 
	"EstadoTupla" BOOLEAN NOT NULL, 
	PRIMARY KEY (id_sucursal), 
	UNIQUE (codigo)
)


2026-08-25 17:12:19,974 | INFO | [no key 0.00018s] {}
2026-08-25 17:12:19,985 | INFO | CREATE INDEX ix_sucursales_id_sucursal ON sucursales (id_sucursal)
2026-08-25 17:12:19,986 | INFO | [no key 0.00033s] {}
2026-08-25 17:12:19,987 | INFO | 
CREATE TABLE clientes (
	id_cliente SERIAL NOT NULL, 
	nombre VARCHAR NOT NULL, 
	rut VARCHAR NOT NULL, 
	telefono VARCHAR NOT NULL, 
	email VARCHAR, 
	direccion VARCHAR, 
	tipo_cliente VARCHAR NOT NULL, 
	observaciones VARCHAR, 
	"UsuarioCreacion" VARCHAR NOT NULL, 
	"FechaCreacion" TIMESTAMP WITH TIME ZONE NOT NULL, 
	"UsuarioModificacion" VARCHAR, 
	"FechaModificacion" TIMESTAMP WITH TIME ZONE, 
	"EstadoTupla" BOOLEAN NOT NULL, 
	PRIMARY KEY (id_cliente), 
	UNIQUE (rut)
)


2026-08-25 17:12:19,988 | INFO | [no key 0.00029s] {}
2026-08-25 17:12:19,993 | INFO | CREATE INDEX ix_clientes_id_cliente ON clientes (id_cliente)
2026-08-25 17:12:19,994 | INFO | [no key 0.00028s] {}
2026-08-25 17:12:19,997 | INFO | 
CREATE TABLE productos (
	id_producto SERIAL NOT NULL, 
	nombre VARCHAR NOT NULL, 
	categoria VARCHAR NOT NULL, 
	precio FLOAT NOT NULL, 
	"UsuarioCreacion" VARCHAR NOT NULL, 
	"FechaCreacion" TIMESTAMP WITH TIME ZONE NOT NULL, 
	"UsuarioModificacion" VARCHAR, 
	"FechaModificacion" TIMESTAMP WITH TIME ZONE, 
	"EstadoTupla" BOOLEAN NOT NULL, 
	PRIMARY KEY (id_producto)
)


2026-08-25 17:12:19,997 | INFO | [no key 0.00046s] {}
2026-08-25 17:12:20,003 | INFO | CREATE INDEX ix_productos_id_producto ON productos (id_producto)
2026-08-25 17:12:20,004 | INFO | [no key 0.00027s] {}
2026-08-25 17:12:20,005 | INFO | 
CREATE TABLE usuarios (
	id_usuario SERIAL NOT NULL, 
	username VARCHAR NOT NULL, 
	password_hashed VARCHAR NOT NULL, 
	"UsuarioCreacion" VARCHAR NOT NULL, 
	"FechaCreacion" TIMESTAMP WITH TIME ZONE NOT NULL, 
	"UsuarioModificacion" VARCHAR, 
	"FechaModificacion" TIMESTAMP WITH TIME ZONE, 
	"EstadoTupla" BOOLEAN NOT NULL, 
	PRIMARY KEY (id_usuario)
)


2026-08-25 17:12:20,005 | INFO | [no key 0.00027s] {}
2026-08-25 17:12:20,011 | INFO | CREATE INDEX ix_usuarios_id_usuario ON usuarios (id_usuario)
2026-08-25 17:12:20,011 | INFO | [no key 0.00033s] {}
2026-08-25 17:12:20,014 | INFO | CREATE UNIQUE INDEX ix_usuarios_username ON usuarios (username)
2026-08-25 17:12:20,014 | INFO | [no key 0.00045s] {}
2026-08-25 17:12:20,017 | INFO | 
CREATE TABLE mesas (
	id_mesa SERIAL NOT NULL, 
	id_sucursal INTEGER NOT NULL, 
	numero INTEGER NOT NULL, 
	capacidad INTEGER NOT NULL, 
	"UsuarioCreacion" VARCHAR NOT NULL, 
	"FechaCreacion" TIMESTAMP WITH TIME ZONE NOT NULL, 
	"UsuarioModificacion" VARCHAR, 
	"FechaModificacion" TIMESTAMP WITH TIME ZONE, 
	"EstadoTupla" BOOLEAN NOT NULL, 
	PRIMARY KEY (id_mesa), 
	FOREIGN KEY(id_sucursal) REFERENCES sucursales (id_sucursal)
)


2026-08-25 17:12:20,017 | INFO | [no key 0.00027s] {}
2026-08-25 17:12:20,023 | INFO | CREATE INDEX ix_mesas_id_mesa ON mesas (id_mesa)
2026-08-25 17:12:20,023 | INFO | [no key 0.00026s] {}
2026-08-25 17:12:20,025 | INFO | 
CREATE TABLE cuentas_credito (
	id_cuenta_credito SERIAL NOT NULL, 
	id_cliente INTEGER NOT NULL, 
	saldo FLOAT NOT NULL, 
	limite_credito FLOAT NOT NULL, 
	"UsuarioCreacion" VARCHAR NOT NULL, 
	"FechaCreacion" TIMESTAMP WITH TIME ZONE NOT NULL, 
	"UsuarioModificacion" VARCHAR, 
	"FechaModificacion" TIMESTAMP WITH TIME ZONE, 
	"EstadoTupla" BOOLEAN NOT NULL, 
	PRIMARY KEY (id_cuenta_credito), 
	UNIQUE (id_cliente), 
	FOREIGN KEY(id_cliente) REFERENCES clientes (id_cliente)
)


2026-08-25 17:12:20,026 | INFO | [no key 0.00024s] {}
2026-08-25 17:12:20,033 | INFO | CREATE INDEX ix_cuentas_credito_id_cuenta_credito ON cuentas_credito (id_cuenta_credito)
2026-08-25 17:12:20,033 | INFO | [no key 0.00030s] {}
2026-08-25 17:12:20,035 | INFO | 
CREATE TABLE pedidos (
	id_pedido SERIAL NOT NULL, 
	id_sucursal INTEGER NOT NULL, 
	id_mesa INTEGER, 
	id_cliente INTEGER, 
	id_usuario INTEGER NOT NULL, 
	fecha_hora TIMESTAMP WITH TIME ZONE NOT NULL, 
	canal VARCHAR NOT NULL, 
	estado VARCHAR NOT NULL, 
	"UsuarioCreacion" VARCHAR NOT NULL, 
	"FechaCreacion" TIMESTAMP WITH TIME ZONE NOT NULL, 
	"UsuarioModificacion" VARCHAR, 
	"FechaModificacion" TIMESTAMP WITH TIME ZONE, 
	"EstadoTupla" BOOLEAN NOT NULL, 
	PRIMARY KEY (id_pedido), 
	FOREIGN KEY(id_sucursal) REFERENCES sucursales (id_sucursal), 
	FOREIGN KEY(id_mesa) REFERENCES mesas (id_mesa), 
	FOREIGN KEY(id_cliente) REFERENCES clientes (id_cliente), 
	FOREIGN KEY(id_usuario) REFERENCES usuarios (id_usuario)
)


2026-08-25 17:12:20,035 | INFO | [no key 0.00025s] {}
2026-08-25 17:12:20,041 | INFO | CREATE INDEX ix_pedidos_id_pedido ON pedidos (id_pedido)
2026-08-25 17:12:20,041 | INFO | [no key 0.00025s] {}
2026-08-25 17:12:20,043 | INFO | 
CREATE TABLE movimientos_credito (
	id_movimiento SERIAL NOT NULL, 
	id_cuenta_credito INTEGER NOT NULL, 
	fecha_hora TIMESTAMP WITH TIME ZONE NOT NULL, 
	tipo_movimiento VARCHAR NOT NULL, 
	monto FLOAT NOT NULL, 
	referencia VARCHAR, 
	"UsuarioCreacion" VARCHAR NOT NULL, 
	"FechaCreacion" TIMESTAMP WITH TIME ZONE NOT NULL, 
	"UsuarioModificacion" VARCHAR, 
	"FechaModificacion" TIMESTAMP WITH TIME ZONE, 
	"EstadoTupla" BOOLEAN NOT NULL, 
	PRIMARY KEY (id_movimiento), 
	FOREIGN KEY(id_cuenta_credito) REFERENCES cuentas_credito (id_cuenta_credito)
)


2026-08-25 17:12:20,043 | INFO | [no key 0.00028s] {}
2026-08-25 17:12:20,050 | INFO | CREATE INDEX ix_movimientos_credito_id_movimiento ON movimientos_credito (id_movimiento)
2026-08-25 17:12:20,050 | INFO | [no key 0.00028s] {}
2026-08-25 17:12:20,052 | INFO | 
CREATE TABLE detalles_pedido (
	id_detalle SERIAL NOT NULL, 
	id_pedido INTEGER NOT NULL, 
	id_producto INTEGER NOT NULL, 
	cantidad INTEGER NOT NULL, 
	precio_unitario FLOAT NOT NULL, 
	observaciones VARCHAR, 
	"UsuarioCreacion" VARCHAR NOT NULL, 
	"FechaCreacion" TIMESTAMP WITH TIME ZONE NOT NULL, 
	"UsuarioModificacion" VARCHAR, 
	"FechaModificacion" TIMESTAMP WITH TIME ZONE, 
	"EstadoTupla" BOOLEAN NOT NULL, 
	PRIMARY KEY (id_detalle), 
	FOREIGN KEY(id_pedido) REFERENCES pedidos (id_pedido), 
	FOREIGN KEY(id_producto) REFERENCES productos (id_producto)
)


2026-08-25 17:12:20,052 | INFO | [no key 0.00026s] {}
2026-08-25 17:12:20,057 | INFO | CREATE INDEX ix_detalles_pedido_id_detalle ON detalles_pedido (id_detalle)
2026-08-25 17:12:20,057 | INFO | [no key 0.00036s] {}
2026-08-25 17:12:20,059 | INFO | 
CREATE TABLE comandas (
	id_comanda SERIAL NOT NULL, 
	id_pedido INTEGER NOT NULL, 
	fecha_hora_emision TIMESTAMP WITH TIME ZONE NOT NULL, 
	estado VARCHAR NOT NULL, 
	"UsuarioCreacion" VARCHAR NOT NULL, 
	"FechaCreacion" TIMESTAMP WITH TIME ZONE NOT NULL, 
	"UsuarioModificacion" VARCHAR, 
	"FechaModificacion" TIMESTAMP WITH TIME ZONE, 
	"EstadoTupla" BOOLEAN NOT NULL, 
	PRIMARY KEY (id_comanda), 
	FOREIGN KEY(id_pedido) REFERENCES pedidos (id_pedido)
)


2026-08-25 17:12:20,060 | INFO | [no key 0.00030s] {}
2026-08-25 17:12:20,065 | INFO | CREATE INDEX ix_comandas_id_comanda ON comandas (id_comanda)
2026-08-25 17:12:20,066 | INFO | [no key 0.00027s] {}
2026-08-25 17:12:20,068 | INFO | 
CREATE TABLE pagos (
	id_pago SERIAL NOT NULL, 
	id_pedido INTEGER NOT NULL, 
	medio_pago VARCHAR NOT NULL, 
	monto FLOAT NOT NULL, 
	fecha_hora TIMESTAMP WITH TIME ZONE NOT NULL, 
	"UsuarioCreacion" VARCHAR NOT NULL, 
	"FechaCreacion" TIMESTAMP WITH TIME ZONE NOT NULL, 
	"UsuarioModificacion" VARCHAR, 
	"FechaModificacion" TIMESTAMP WITH TIME ZONE, 
	"EstadoTupla" BOOLEAN NOT NULL, 
	PRIMARY KEY (id_pago), 
	FOREIGN KEY(id_pedido) REFERENCES pedidos (id_pedido)
)


2026-08-25 17:12:20,068 | INFO | [no key 0.00023s] {}
2026-08-25 17:12:20,073 | INFO | CREATE INDEX ix_pagos_id_pago ON pagos (id_pago)
2026-08-25 17:12:20,073 | INFO | [no key 0.00026s] {}
2026-08-25 17:12:20,076 | INFO | COMMIT
2026-08-25 17:14:29,943 | INFO | SINGLETON: Inicializando el pool de conexiones único hacia PostgreSQL.
2026-08-25 17:14:29,944 | INFO | INFRAESTRUCTURA: Verificando y creando el esquema de tablas del MVP.
2026-08-25 17:14:30,000 | INFO | select pg_catalog.version()
2026-08-25 17:14:30,000 | INFO | [raw sql] {}
2026-08-25 17:14:30,001 | INFO | select current_schema()
2026-08-25 17:14:30,002 | INFO | [raw sql] {}
2026-08-25 17:14:30,003 | INFO | show standard_conforming_strings
2026-08-25 17:14:30,003 | INFO | [raw sql] {}
2026-08-25 17:14:30,004 | INFO | BEGIN (implicit)
2026-08-25 17:14:30,006 | INFO | SELECT pg_catalog.pg_class.relname 
FROM pg_catalog.pg_class JOIN pg_catalog.pg_namespace ON pg_catalog.pg_namespace.oid = pg_catalog.pg_class.relnamespace 
WHERE pg_catalog.pg_class.relname = %(table_name)s AND pg_catalog.pg_class.relkind = ANY (ARRAY[%(param_1)s, %(param_2)s, %(param_3)s, %(param_4)s, %(param_5)s]) AND pg_catalog.pg_table_is_visible(pg_catalog.pg_class.oid) AND pg_catalog.pg_namespace.nspname != %(nspname_1)s
2026-08-25 17:14:30,007 | INFO | [generated in 0.00030s] {'table_name': 'sucursales', 'param_1': 'r', 'param_2': 'p', 'param_3': 'f', 'param_4': 'v', 'param_5': 'm', 'nspname_1': 'pg_catalog'}
2026-08-25 17:14:30,009 | INFO | SELECT pg_catalog.pg_class.relname 
FROM pg_catalog.pg_class JOIN pg_catalog.pg_namespace ON pg_catalog.pg_namespace.oid = pg_catalog.pg_class.relnamespace 
WHERE pg_catalog.pg_class.relname = %(table_name)s AND pg_catalog.pg_class.relkind = ANY (ARRAY[%(param_1)s, %(param_2)s, %(param_3)s, %(param_4)s, %(param_5)s]) AND pg_catalog.pg_table_is_visible(pg_catalog.pg_class.oid) AND pg_catalog.pg_namespace.nspname != %(nspname_1)s
2026-08-25 17:14:30,009 | INFO | [cached since 0.002694s ago] {'table_name': 'mesas', 'param_1': 'r', 'param_2': 'p', 'param_3': 'f', 'param_4': 'v', 'param_5': 'm', 'nspname_1': 'pg_catalog'}
2026-08-25 17:14:30,010 | INFO | SELECT pg_catalog.pg_class.relname 
FROM pg_catalog.pg_class JOIN pg_catalog.pg_namespace ON pg_catalog.pg_namespace.oid = pg_catalog.pg_class.relnamespace 
WHERE pg_catalog.pg_class.relname = %(table_name)s AND pg_catalog.pg_class.relkind = ANY (ARRAY[%(param_1)s, %(param_2)s, %(param_3)s, %(param_4)s, %(param_5)s]) AND pg_catalog.pg_table_is_visible(pg_catalog.pg_class.oid) AND pg_catalog.pg_namespace.nspname != %(nspname_1)s
2026-08-25 17:14:30,010 | INFO | [cached since 0.003571s ago] {'table_name': 'clientes', 'param_1': 'r', 'param_2': 'p', 'param_3': 'f', 'param_4': 'v', 'param_5': 'm', 'nspname_1': 'pg_catalog'}
2026-08-25 17:14:30,011 | INFO | SELECT pg_catalog.pg_class.relname 
FROM pg_catalog.pg_class JOIN pg_catalog.pg_namespace ON pg_catalog.pg_namespace.oid = pg_catalog.pg_class.relnamespace 
WHERE pg_catalog.pg_class.relname = %(table_name)s AND pg_catalog.pg_class.relkind = ANY (ARRAY[%(param_1)s, %(param_2)s, %(param_3)s, %(param_4)s, %(param_5)s]) AND pg_catalog.pg_table_is_visible(pg_catalog.pg_class.oid) AND pg_catalog.pg_namespace.nspname != %(nspname_1)s
2026-08-25 17:14:30,011 | INFO | [cached since 0.004401s ago] {'table_name': 'pedidos', 'param_1': 'r', 'param_2': 'p', 'param_3': 'f', 'param_4': 'v', 'param_5': 'm', 'nspname_1': 'pg_catalog'}
2026-08-25 17:14:30,011 | INFO | SELECT pg_catalog.pg_class.relname 
FROM pg_catalog.pg_class JOIN pg_catalog.pg_namespace ON pg_catalog.pg_namespace.oid = pg_catalog.pg_class.relnamespace 
WHERE pg_catalog.pg_class.relname = %(table_name)s AND pg_catalog.pg_class.relkind = ANY (ARRAY[%(param_1)s, %(param_2)s, %(param_3)s, %(param_4)s, %(param_5)s]) AND pg_catalog.pg_table_is_visible(pg_catalog.pg_class.oid) AND pg_catalog.pg_namespace.nspname != %(nspname_1)s
2026-08-25 17:14:30,012 | INFO | [cached since 0.005228s ago] {'table_name': 'detalles_pedido', 'param_1': 'r', 'param_2': 'p', 'param_3': 'f', 'param_4': 'v', 'param_5': 'm', 'nspname_1': 'pg_catalog'}
2026-08-25 17:14:30,012 | INFO | SELECT pg_catalog.pg_class.relname 
FROM pg_catalog.pg_class JOIN pg_catalog.pg_namespace ON pg_catalog.pg_namespace.oid = pg_catalog.pg_class.relnamespace 
WHERE pg_catalog.pg_class.relname = %(table_name)s AND pg_catalog.pg_class.relkind = ANY (ARRAY[%(param_1)s, %(param_2)s, %(param_3)s, %(param_4)s, %(param_5)s]) AND pg_catalog.pg_table_is_visible(pg_catalog.pg_class.oid) AND pg_catalog.pg_namespace.nspname != %(nspname_1)s
2026-08-25 17:14:30,013 | INFO | [cached since 0.006128s ago] {'table_name': 'productos', 'param_1': 'r', 'param_2': 'p', 'param_3': 'f', 'param_4': 'v', 'param_5': 'm', 'nspname_1': 'pg_catalog'}
2026-08-25 17:14:30,014 | INFO | SELECT pg_catalog.pg_class.relname 
FROM pg_catalog.pg_class JOIN pg_catalog.pg_namespace ON pg_catalog.pg_namespace.oid = pg_catalog.pg_class.relnamespace 
WHERE pg_catalog.pg_class.relname = %(table_name)s AND pg_catalog.pg_class.relkind = ANY (ARRAY[%(param_1)s, %(param_2)s, %(param_3)s, %(param_4)s, %(param_5)s]) AND pg_catalog.pg_table_is_visible(pg_catalog.pg_class.oid) AND pg_catalog.pg_namespace.nspname != %(nspname_1)s
2026-08-25 17:14:30,014 | INFO | [cached since 0.007435s ago] {'table_name': 'comandas', 'param_1': 'r', 'param_2': 'p', 'param_3': 'f', 'param_4': 'v', 'param_5': 'm', 'nspname_1': 'pg_catalog'}
2026-08-25 17:14:30,015 | INFO | SELECT pg_catalog.pg_class.relname 
FROM pg_catalog.pg_class JOIN pg_catalog.pg_namespace ON pg_catalog.pg_namespace.oid = pg_catalog.pg_class.relnamespace 
WHERE pg_catalog.pg_class.relname = %(table_name)s AND pg_catalog.pg_class.relkind = ANY (ARRAY[%(param_1)s, %(param_2)s, %(param_3)s, %(param_4)s, %(param_5)s]) AND pg_catalog.pg_table_is_visible(pg_catalog.pg_class.oid) AND pg_catalog.pg_namespace.nspname != %(nspname_1)s
2026-08-25 17:14:30,016 | INFO | [cached since 0.009301s ago] {'table_name': 'pagos', 'param_1': 'r', 'param_2': 'p', 'param_3': 'f', 'param_4': 'v', 'param_5': 'm', 'nspname_1': 'pg_catalog'}
2026-08-25 17:14:30,017 | INFO | SELECT pg_catalog.pg_class.relname 
FROM pg_catalog.pg_class JOIN pg_catalog.pg_namespace ON pg_catalog.pg_namespace.oid = pg_catalog.pg_class.relnamespace 
WHERE pg_catalog.pg_class.relname = %(table_name)s AND pg_catalog.pg_class.relkind = ANY (ARRAY[%(param_1)s, %(param_2)s, %(param_3)s, %(param_4)s, %(param_5)s]) AND pg_catalog.pg_table_is_visible(pg_catalog.pg_class.oid) AND pg_catalog.pg_namespace.nspname != %(nspname_1)s
2026-08-25 17:14:30,017 | INFO | [cached since 0.01035s ago] {'table_name': 'usuarios', 'param_1': 'r', 'param_2': 'p', 'param_3': 'f', 'param_4': 'v', 'param_5': 'm', 'nspname_1': 'pg_catalog'}
2026-08-25 17:14:30,017 | INFO | SELECT pg_catalog.pg_class.relname 
FROM pg_catalog.pg_class JOIN pg_catalog.pg_namespace ON pg_catalog.pg_namespace.oid = pg_catalog.pg_class.relnamespace 
WHERE pg_catalog.pg_class.relname = %(table_name)s AND pg_catalog.pg_class.relkind = ANY (ARRAY[%(param_1)s, %(param_2)s, %(param_3)s, %(param_4)s, %(param_5)s]) AND pg_catalog.pg_table_is_visible(pg_catalog.pg_class.oid) AND pg_catalog.pg_namespace.nspname != %(nspname_1)s
2026-08-25 17:14:30,018 | INFO | [cached since 0.01127s ago] {'table_name': 'cuentas_credito', 'param_1': 'r', 'param_2': 'p', 'param_3': 'f', 'param_4': 'v', 'param_5': 'm', 'nspname_1': 'pg_catalog'}
2026-08-25 17:14:30,018 | INFO | SELECT pg_catalog.pg_class.relname 
FROM pg_catalog.pg_class JOIN pg_catalog.pg_namespace ON pg_catalog.pg_namespace.oid = pg_catalog.pg_class.relnamespace 
WHERE pg_catalog.pg_class.relname = %(table_name)s AND pg_catalog.pg_class.relkind = ANY (ARRAY[%(param_1)s, %(param_2)s, %(param_3)s, %(param_4)s, %(param_5)s]) AND pg_catalog.pg_table_is_visible(pg_catalog.pg_class.oid) AND pg_catalog.pg_namespace.nspname != %(nspname_1)s
2026-08-25 17:14:30,019 | INFO | [cached since 0.01217s ago] {'table_name': 'movimientos_credito', 'param_1': 'r', 'param_2': 'p', 'param_3': 'f', 'param_4': 'v', 'param_5': 'm', 'nspname_1': 'pg_catalog'}
2026-08-25 17:14:30,020 | INFO | COMMIT
2026-08-25 17:16:58,916 | INFO | SINGLETON: Inicializando el pool de conexiones único hacia PostgreSQL.
2026-08-25 17:16:58,917 | INFO | INFRAESTRUCTURA: Verificando y creando el esquema de tablas del MVP.
2026-08-25 17:16:58,973 | INFO | select pg_catalog.version()
2026-08-25 17:16:58,973 | INFO | [raw sql] {}
2026-08-25 17:16:58,975 | INFO | select current_schema()
2026-08-25 17:16:58,975 | INFO | [raw sql] {}
2026-08-25 17:16:58,976 | INFO | show standard_conforming_strings
2026-08-25 17:16:58,976 | INFO | [raw sql] {}
2026-08-25 17:16:58,977 | INFO | BEGIN (implicit)
2026-08-25 17:16:58,980 | INFO | SELECT pg_catalog.pg_class.relname 
FROM pg_catalog.pg_class JOIN pg_catalog.pg_namespace ON pg_catalog.pg_namespace.oid = pg_catalog.pg_class.relnamespace 
WHERE pg_catalog.pg_class.relname = %(table_name)s AND pg_catalog.pg_class.relkind = ANY (ARRAY[%(param_1)s, %(param_2)s, %(param_3)s, %(param_4)s, %(param_5)s]) AND pg_catalog.pg_table_is_visible(pg_catalog.pg_class.oid) AND pg_catalog.pg_namespace.nspname != %(nspname_1)s
2026-08-25 17:16:58,980 | INFO | [generated in 0.00072s] {'table_name': 'sucursales', 'param_1': 'r', 'param_2': 'p', 'param_3': 'f', 'param_4': 'v', 'param_5': 'm', 'nspname_1': 'pg_catalog'}
2026-08-25 17:16:58,982 | INFO | SELECT pg_catalog.pg_class.relname 
FROM pg_catalog.pg_class JOIN pg_catalog.pg_namespace ON pg_catalog.pg_namespace.oid = pg_catalog.pg_class.relnamespace 
WHERE pg_catalog.pg_class.relname = %(table_name)s AND pg_catalog.pg_class.relkind = ANY (ARRAY[%(param_1)s, %(param_2)s, %(param_3)s, %(param_4)s, %(param_5)s]) AND pg_catalog.pg_table_is_visible(pg_catalog.pg_class.oid) AND pg_catalog.pg_namespace.nspname != %(nspname_1)s
2026-08-25 17:16:58,983 | INFO | [cached since 0.003328s ago] {'table_name': 'mesas', 'param_1': 'r', 'param_2': 'p', 'param_3': 'f', 'param_4': 'v', 'param_5': 'm', 'nspname_1': 'pg_catalog'}
2026-08-25 17:16:58,983 | INFO | SELECT pg_catalog.pg_class.relname 
FROM pg_catalog.pg_class JOIN pg_catalog.pg_namespace ON pg_catalog.pg_namespace.oid = pg_catalog.pg_class.relnamespace 
WHERE pg_catalog.pg_class.relname = %(table_name)s AND pg_catalog.pg_class.relkind = ANY (ARRAY[%(param_1)s, %(param_2)s, %(param_3)s, %(param_4)s, %(param_5)s]) AND pg_catalog.pg_table_is_visible(pg_catalog.pg_class.oid) AND pg_catalog.pg_namespace.nspname != %(nspname_1)s
2026-08-25 17:16:58,983 | INFO | [cached since 0.004043s ago] {'table_name': 'clientes', 'param_1': 'r', 'param_2': 'p', 'param_3': 'f', 'param_4': 'v', 'param_5': 'm', 'nspname_1': 'pg_catalog'}
2026-08-25 17:16:58,984 | INFO | SELECT pg_catalog.pg_class.relname 
FROM pg_catalog.pg_class JOIN pg_catalog.pg_namespace ON pg_catalog.pg_namespace.oid = pg_catalog.pg_class.relnamespace 
WHERE pg_catalog.pg_class.relname = %(table_name)s AND pg_catalog.pg_class.relkind = ANY (ARRAY[%(param_1)s, %(param_2)s, %(param_3)s, %(param_4)s, %(param_5)s]) AND pg_catalog.pg_table_is_visible(pg_catalog.pg_class.oid) AND pg_catalog.pg_namespace.nspname != %(nspname_1)s
2026-08-25 17:16:58,984 | INFO | [cached since 0.004679s ago] {'table_name': 'pedidos', 'param_1': 'r', 'param_2': 'p', 'param_3': 'f', 'param_4': 'v', 'param_5': 'm', 'nspname_1': 'pg_catalog'}
2026-08-25 17:16:58,984 | INFO | SELECT pg_catalog.pg_class.relname 
FROM pg_catalog.pg_class JOIN pg_catalog.pg_namespace ON pg_catalog.pg_namespace.oid = pg_catalog.pg_class.relnamespace 
WHERE pg_catalog.pg_class.relname = %(table_name)s AND pg_catalog.pg_class.relkind = ANY (ARRAY[%(param_1)s, %(param_2)s, %(param_3)s, %(param_4)s, %(param_5)s]) AND pg_catalog.pg_table_is_visible(pg_catalog.pg_class.oid) AND pg_catalog.pg_namespace.nspname != %(nspname_1)s
2026-08-25 17:16:58,985 | INFO | [cached since 0.005296s ago] {'table_name': 'detalles_pedido', 'param_1': 'r', 'param_2': 'p', 'param_3': 'f', 'param_4': 'v', 'param_5': 'm', 'nspname_1': 'pg_catalog'}
2026-08-25 17:16:58,985 | INFO | SELECT pg_catalog.pg_class.relname 
FROM pg_catalog.pg_class JOIN pg_catalog.pg_namespace ON pg_catalog.pg_namespace.oid = pg_catalog.pg_class.relnamespace 
WHERE pg_catalog.pg_class.relname = %(table_name)s AND pg_catalog.pg_class.relkind = ANY (ARRAY[%(param_1)s, %(param_2)s, %(param_3)s, %(param_4)s, %(param_5)s]) AND pg_catalog.pg_table_is_visible(pg_catalog.pg_class.oid) AND pg_catalog.pg_namespace.nspname != %(nspname_1)s
2026-08-25 17:16:58,985 | INFO | [cached since 0.005953s ago] {'table_name': 'productos', 'param_1': 'r', 'param_2': 'p', 'param_3': 'f', 'param_4': 'v', 'param_5': 'm', 'nspname_1': 'pg_catalog'}
2026-08-25 17:16:58,986 | INFO | SELECT pg_catalog.pg_class.relname 
FROM pg_catalog.pg_class JOIN pg_catalog.pg_namespace ON pg_catalog.pg_namespace.oid = pg_catalog.pg_class.relnamespace 
WHERE pg_catalog.pg_class.relname = %(table_name)s AND pg_catalog.pg_class.relkind = ANY (ARRAY[%(param_1)s, %(param_2)s, %(param_3)s, %(param_4)s, %(param_5)s]) AND pg_catalog.pg_table_is_visible(pg_catalog.pg_class.oid) AND pg_catalog.pg_namespace.nspname != %(nspname_1)s
2026-08-25 17:16:58,986 | INFO | [cached since 0.006571s ago] {'table_name': 'comandas', 'param_1': 'r', 'param_2': 'p', 'param_3': 'f', 'param_4': 'v', 'param_5': 'm', 'nspname_1': 'pg_catalog'}
2026-08-25 17:16:58,986 | INFO | SELECT pg_catalog.pg_class.relname 
FROM pg_catalog.pg_class JOIN pg_catalog.pg_namespace ON pg_catalog.pg_namespace.oid = pg_catalog.pg_class.relnamespace 
WHERE pg_catalog.pg_class.relname = %(table_name)s AND pg_catalog.pg_class.relkind = ANY (ARRAY[%(param_1)s, %(param_2)s, %(param_3)s, %(param_4)s, %(param_5)s]) AND pg_catalog.pg_table_is_visible(pg_catalog.pg_class.oid) AND pg_catalog.pg_namespace.nspname != %(nspname_1)s
2026-08-25 17:16:58,986 | INFO | [cached since 0.007187s ago] {'table_name': 'pagos', 'param_1': 'r', 'param_2': 'p', 'param_3': 'f', 'param_4': 'v', 'param_5': 'm', 'nspname_1': 'pg_catalog'}
2026-08-25 17:16:58,987 | INFO | SELECT pg_catalog.pg_class.relname 
FROM pg_catalog.pg_class JOIN pg_catalog.pg_namespace ON pg_catalog.pg_namespace.oid = pg_catalog.pg_class.relnamespace 
WHERE pg_catalog.pg_class.relname = %(table_name)s AND pg_catalog.pg_class.relkind = ANY (ARRAY[%(param_1)s, %(param_2)s, %(param_3)s, %(param_4)s, %(param_5)s]) AND pg_catalog.pg_table_is_visible(pg_catalog.pg_class.oid) AND pg_catalog.pg_namespace.nspname != %(nspname_1)s
2026-08-25 17:16:58,987 | INFO | [cached since 0.007758s ago] {'table_name': 'usuarios', 'param_1': 'r', 'param_2': 'p', 'param_3': 'f', 'param_4': 'v', 'param_5': 'm', 'nspname_1': 'pg_catalog'}
2026-08-25 17:16:58,987 | INFO | SELECT pg_catalog.pg_class.relname 
FROM pg_catalog.pg_class JOIN pg_catalog.pg_namespace ON pg_catalog.pg_namespace.oid = pg_catalog.pg_class.relnamespace 
WHERE pg_catalog.pg_class.relname = %(table_name)s AND pg_catalog.pg_class.relkind = ANY (ARRAY[%(param_1)s, %(param_2)s, %(param_3)s, %(param_4)s, %(param_5)s]) AND pg_catalog.pg_table_is_visible(pg_catalog.pg_class.oid) AND pg_catalog.pg_namespace.nspname != %(nspname_1)s
2026-08-25 17:16:58,988 | INFO | [cached since 0.008314s ago] {'table_name': 'cuentas_credito', 'param_1': 'r', 'param_2': 'p', 'param_3': 'f', 'param_4': 'v', 'param_5': 'm', 'nspname_1': 'pg_catalog'}
2026-08-25 17:16:58,988 | INFO | SELECT pg_catalog.pg_class.relname 
FROM pg_catalog.pg_class JOIN pg_catalog.pg_namespace ON pg_catalog.pg_namespace.oid = pg_catalog.pg_class.relnamespace 
WHERE pg_catalog.pg_class.relname = %(table_name)s AND pg_catalog.pg_class.relkind = ANY (ARRAY[%(param_1)s, %(param_2)s, %(param_3)s, %(param_4)s, %(param_5)s]) AND pg_catalog.pg_table_is_visible(pg_catalog.pg_class.oid) AND pg_catalog.pg_namespace.nspname != %(nspname_1)s
2026-08-25 17:16:58,988 | INFO | [cached since 0.008866s ago] {'table_name': 'movimientos_credito', 'param_1': 'r', 'param_2': 'p', 'param_3': 'f', 'param_4': 'v', 'param_5': 'm', 'nspname_1': 'pg_catalog'}
2026-08-25 17:16:58,989 | INFO | COMMIT
2026-08-25 17:17:16,585 | INFO | SINGLETON: Inicializando el pool de conexiones único hacia PostgreSQL.
2026-08-25 17:17:16,586 | INFO | INFRAESTRUCTURA: Verificando y creando el esquema de tablas del MVP.
2026-08-25 17:17:16,642 | INFO | select pg_catalog.version()
2026-08-25 17:17:16,643 | INFO | [raw sql] {}
2026-08-25 17:17:16,644 | INFO | select current_schema()
2026-08-25 17:17:16,644 | INFO | [raw sql] {}
2026-08-25 17:17:16,647 | INFO | show standard_conforming_strings
2026-08-25 17:17:16,647 | INFO | [raw sql] {}
2026-08-25 17:17:16,648 | INFO | BEGIN (implicit)
2026-08-25 17:17:16,650 | INFO | SELECT pg_catalog.pg_class.relname 
FROM pg_catalog.pg_class JOIN pg_catalog.pg_namespace ON pg_catalog.pg_namespace.oid = pg_catalog.pg_class.relnamespace 
WHERE pg_catalog.pg_class.relname = %(table_name)s AND pg_catalog.pg_class.relkind = ANY (ARRAY[%(param_1)s, %(param_2)s, %(param_3)s, %(param_4)s, %(param_5)s]) AND pg_catalog.pg_table_is_visible(pg_catalog.pg_class.oid) AND pg_catalog.pg_namespace.nspname != %(nspname_1)s
2026-08-25 17:17:16,651 | INFO | [generated in 0.00029s] {'table_name': 'sucursales', 'param_1': 'r', 'param_2': 'p', 'param_3': 'f', 'param_4': 'v', 'param_5': 'm', 'nspname_1': 'pg_catalog'}
2026-08-25 17:17:16,653 | INFO | SELECT pg_catalog.pg_class.relname 
FROM pg_catalog.pg_class JOIN pg_catalog.pg_namespace ON pg_catalog.pg_namespace.oid = pg_catalog.pg_class.relnamespace 
WHERE pg_catalog.pg_class.relname = %(table_name)s AND pg_catalog.pg_class.relkind = ANY (ARRAY[%(param_1)s, %(param_2)s, %(param_3)s, %(param_4)s, %(param_5)s]) AND pg_catalog.pg_table_is_visible(pg_catalog.pg_class.oid) AND pg_catalog.pg_namespace.nspname != %(nspname_1)s
2026-08-25 17:17:16,653 | INFO | [cached since 0.002735s ago] {'table_name': 'mesas', 'param_1': 'r', 'param_2': 'p', 'param_3': 'f', 'param_4': 'v', 'param_5': 'm', 'nspname_1': 'pg_catalog'}
2026-08-25 17:17:16,654 | INFO | SELECT pg_catalog.pg_class.relname 
FROM pg_catalog.pg_class JOIN pg_catalog.pg_namespace ON pg_catalog.pg_namespace.oid = pg_catalog.pg_class.relnamespace 
WHERE pg_catalog.pg_class.relname = %(table_name)s AND pg_catalog.pg_class.relkind = ANY (ARRAY[%(param_1)s, %(param_2)s, %(param_3)s, %(param_4)s, %(param_5)s]) AND pg_catalog.pg_table_is_visible(pg_catalog.pg_class.oid) AND pg_catalog.pg_namespace.nspname != %(nspname_1)s
2026-08-25 17:17:16,654 | INFO | [cached since 0.003584s ago] {'table_name': 'clientes', 'param_1': 'r', 'param_2': 'p', 'param_3': 'f', 'param_4': 'v', 'param_5': 'm', 'nspname_1': 'pg_catalog'}
2026-08-25 17:17:16,654 | INFO | SELECT pg_catalog.pg_class.relname 
FROM pg_catalog.pg_class JOIN pg_catalog.pg_namespace ON pg_catalog.pg_namespace.oid = pg_catalog.pg_class.relnamespace 
WHERE pg_catalog.pg_class.relname = %(table_name)s AND pg_catalog.pg_class.relkind = ANY (ARRAY[%(param_1)s, %(param_2)s, %(param_3)s, %(param_4)s, %(param_5)s]) AND pg_catalog.pg_table_is_visible(pg_catalog.pg_class.oid) AND pg_catalog.pg_namespace.nspname != %(nspname_1)s
2026-08-25 17:17:16,655 | INFO | [cached since 0.004415s ago] {'table_name': 'pedidos', 'param_1': 'r', 'param_2': 'p', 'param_3': 'f', 'param_4': 'v', 'param_5': 'm', 'nspname_1': 'pg_catalog'}
2026-08-25 17:17:16,655 | INFO | SELECT pg_catalog.pg_class.relname 
FROM pg_catalog.pg_class JOIN pg_catalog.pg_namespace ON pg_catalog.pg_namespace.oid = pg_catalog.pg_class.relnamespace 
WHERE pg_catalog.pg_class.relname = %(table_name)s AND pg_catalog.pg_class.relkind = ANY (ARRAY[%(param_1)s, %(param_2)s, %(param_3)s, %(param_4)s, %(param_5)s]) AND pg_catalog.pg_table_is_visible(pg_catalog.pg_class.oid) AND pg_catalog.pg_namespace.nspname != %(nspname_1)s
2026-08-25 17:17:16,656 | INFO | [cached since 0.005292s ago] {'table_name': 'detalles_pedido', 'param_1': 'r', 'param_2': 'p', 'param_3': 'f', 'param_4': 'v', 'param_5': 'm', 'nspname_1': 'pg_catalog'}
2026-08-25 17:17:16,656 | INFO | SELECT pg_catalog.pg_class.relname 
FROM pg_catalog.pg_class JOIN pg_catalog.pg_namespace ON pg_catalog.pg_namespace.oid = pg_catalog.pg_class.relnamespace 
WHERE pg_catalog.pg_class.relname = %(table_name)s AND pg_catalog.pg_class.relkind = ANY (ARRAY[%(param_1)s, %(param_2)s, %(param_3)s, %(param_4)s, %(param_5)s]) AND pg_catalog.pg_table_is_visible(pg_catalog.pg_class.oid) AND pg_catalog.pg_namespace.nspname != %(nspname_1)s
2026-08-25 17:17:16,656 | INFO | [cached since 0.006114s ago] {'table_name': 'productos', 'param_1': 'r', 'param_2': 'p', 'param_3': 'f', 'param_4': 'v', 'param_5': 'm', 'nspname_1': 'pg_catalog'}
2026-08-25 17:17:16,657 | INFO | SELECT pg_catalog.pg_class.relname 
FROM pg_catalog.pg_class JOIN pg_catalog.pg_namespace ON pg_catalog.pg_namespace.oid = pg_catalog.pg_class.relnamespace 
WHERE pg_catalog.pg_class.relname = %(table_name)s AND pg_catalog.pg_class.relkind = ANY (ARRAY[%(param_1)s, %(param_2)s, %(param_3)s, %(param_4)s, %(param_5)s]) AND pg_catalog.pg_table_is_visible(pg_catalog.pg_class.oid) AND pg_catalog.pg_namespace.nspname != %(nspname_1)s
2026-08-25 17:17:16,657 | INFO | [cached since 0.006886s ago] {'table_name': 'comandas', 'param_1': 'r', 'param_2': 'p', 'param_3': 'f', 'param_4': 'v', 'param_5': 'm', 'nspname_1': 'pg_catalog'}
2026-08-25 17:17:16,658 | INFO | SELECT pg_catalog.pg_class.relname 
FROM pg_catalog.pg_class JOIN pg_catalog.pg_namespace ON pg_catalog.pg_namespace.oid = pg_catalog.pg_class.relnamespace 
WHERE pg_catalog.pg_class.relname = %(table_name)s AND pg_catalog.pg_class.relkind = ANY (ARRAY[%(param_1)s, %(param_2)s, %(param_3)s, %(param_4)s, %(param_5)s]) AND pg_catalog.pg_table_is_visible(pg_catalog.pg_class.oid) AND pg_catalog.pg_namespace.nspname != %(nspname_1)s
2026-08-25 17:17:16,658 | INFO | [cached since 0.007647s ago] {'table_name': 'pagos', 'param_1': 'r', 'param_2': 'p', 'param_3': 'f', 'param_4': 'v', 'param_5': 'm', 'nspname_1': 'pg_catalog'}
2026-08-25 17:17:16,658 | INFO | SELECT pg_catalog.pg_class.relname 
FROM pg_catalog.pg_class JOIN pg_catalog.pg_namespace ON pg_catalog.pg_namespace.oid = pg_catalog.pg_class.relnamespace 
WHERE pg_catalog.pg_class.relname = %(table_name)s AND pg_catalog.pg_class.relkind = ANY (ARRAY[%(param_1)s, %(param_2)s, %(param_3)s, %(param_4)s, %(param_5)s]) AND pg_catalog.pg_table_is_visible(pg_catalog.pg_class.oid) AND pg_catalog.pg_namespace.nspname != %(nspname_1)s
2026-08-25 17:17:16,659 | INFO | [cached since 0.008391s ago] {'table_name': 'usuarios', 'param_1': 'r', 'param_2': 'p', 'param_3': 'f', 'param_4': 'v', 'param_5': 'm', 'nspname_1': 'pg_catalog'}
2026-08-25 17:17:16,659 | INFO | SELECT pg_catalog.pg_class.relname 
FROM pg_catalog.pg_class JOIN pg_catalog.pg_namespace ON pg_catalog.pg_namespace.oid = pg_catalog.pg_class.relnamespace 
WHERE pg_catalog.pg_class.relname = %(table_name)s AND pg_catalog.pg_class.relkind = ANY (ARRAY[%(param_1)s, %(param_2)s, %(param_3)s, %(param_4)s, %(param_5)s]) AND pg_catalog.pg_table_is_visible(pg_catalog.pg_class.oid) AND pg_catalog.pg_namespace.nspname != %(nspname_1)s
2026-08-25 17:17:16,659 | INFO | [cached since 0.00916s ago] {'table_name': 'cuentas_credito', 'param_1': 'r', 'param_2': 'p', 'param_3': 'f', 'param_4': 'v', 'param_5': 'm', 'nspname_1': 'pg_catalog'}
2026-08-25 17:17:16,660 | INFO | SELECT pg_catalog.pg_class.relname 
FROM pg_catalog.pg_class JOIN pg_catalog.pg_namespace ON pg_catalog.pg_namespace.oid = pg_catalog.pg_class.relnamespace 
WHERE pg_catalog.pg_class.relname = %(table_name)s AND pg_catalog.pg_class.relkind = ANY (ARRAY[%(param_1)s, %(param_2)s, %(param_3)s, %(param_4)s, %(param_5)s]) AND pg_catalog.pg_table_is_visible(pg_catalog.pg_class.oid) AND pg_catalog.pg_namespace.nspname != %(nspname_1)s
2026-08-25 17:17:16,660 | INFO | [cached since 0.009853s ago] {'table_name': 'movimientos_credito', 'param_1': 'r', 'param_2': 'p', 'param_3': 'f', 'param_4': 'v', 'param_5': 'm', 'nspname_1': 'pg_catalog'}
2026-08-25 17:17:16,661 | INFO | COMMIT
2026-08-25 17:17:25,751 | INFO | BEGIN (implicit)
2026-08-25 17:17:25,753 | INFO | SELECT productos.id AS productos_id, productos.nombre AS productos_nombre, productos.precio AS productos_precio, productos."UsuarioCreacion" AS "productos_UsuarioCreacion", productos."FechaCreacion" AS "productos_FechaCreacion", productos."UsuarioModificacion" AS "productos_UsuarioModificacion", productos."FechaModificacion" AS "productos_FechaModificacion", productos."EstadoTupla" AS "productos_EstadoTupla" 
FROM productos 
WHERE productos."EstadoTupla" = true
2026-08-25 17:17:25,753 | INFO | [generated in 0.00027s] {}
2026-08-25 17:20:24,693 | INFO | SINGLETON: Inicializando el pool de conexiones único hacia PostgreSQL.
2026-08-25 17:20:24,694 | INFO | INFRAESTRUCTURA: Verificando y creando el esquema de tablas del MVP.
2026-08-25 17:20:24,749 | INFO | select pg_catalog.version()
2026-08-25 17:20:24,749 | INFO | [raw sql] {}
2026-08-25 17:20:24,751 | INFO | select current_schema()
2026-08-25 17:20:24,751 | INFO | [raw sql] {}
2026-08-25 17:20:24,752 | INFO | show standard_conforming_strings
2026-08-25 17:20:24,752 | INFO | [raw sql] {}
2026-08-25 17:20:24,753 | INFO | BEGIN (implicit)
2026-08-25 17:20:24,756 | INFO | SELECT pg_catalog.pg_class.relname 
FROM pg_catalog.pg_class JOIN pg_catalog.pg_namespace ON pg_catalog.pg_namespace.oid = pg_catalog.pg_class.relnamespace 
WHERE pg_catalog.pg_class.relname = %(table_name)s AND pg_catalog.pg_class.relkind = ANY (ARRAY[%(param_1)s, %(param_2)s, %(param_3)s, %(param_4)s, %(param_5)s]) AND pg_catalog.pg_table_is_visible(pg_catalog.pg_class.oid) AND pg_catalog.pg_namespace.nspname != %(nspname_1)s
2026-08-25 17:20:24,757 | INFO | [generated in 0.00034s] {'table_name': 'sucursales', 'param_1': 'r', 'param_2': 'p', 'param_3': 'f', 'param_4': 'v', 'param_5': 'm', 'nspname_1': 'pg_catalog'}
2026-08-25 17:20:24,759 | INFO | SELECT pg_catalog.pg_class.relname 
FROM pg_catalog.pg_class JOIN pg_catalog.pg_namespace ON pg_catalog.pg_namespace.oid = pg_catalog.pg_class.relnamespace 
WHERE pg_catalog.pg_class.relname = %(table_name)s AND pg_catalog.pg_class.relkind = ANY (ARRAY[%(param_1)s, %(param_2)s, %(param_3)s, %(param_4)s, %(param_5)s]) AND pg_catalog.pg_table_is_visible(pg_catalog.pg_class.oid) AND pg_catalog.pg_namespace.nspname != %(nspname_1)s
2026-08-25 17:20:24,759 | INFO | [cached since 0.002662s ago] {'table_name': 'mesas', 'param_1': 'r', 'param_2': 'p', 'param_3': 'f', 'param_4': 'v', 'param_5': 'm', 'nspname_1': 'pg_catalog'}
2026-08-25 17:20:24,759 | INFO | SELECT pg_catalog.pg_class.relname 
FROM pg_catalog.pg_class JOIN pg_catalog.pg_namespace ON pg_catalog.pg_namespace.oid = pg_catalog.pg_class.relnamespace 
WHERE pg_catalog.pg_class.relname = %(table_name)s AND pg_catalog.pg_class.relkind = ANY (ARRAY[%(param_1)s, %(param_2)s, %(param_3)s, %(param_4)s, %(param_5)s]) AND pg_catalog.pg_table_is_visible(pg_catalog.pg_class.oid) AND pg_catalog.pg_namespace.nspname != %(nspname_1)s
2026-08-25 17:20:24,760 | INFO | [cached since 0.003441s ago] {'table_name': 'clientes', 'param_1': 'r', 'param_2': 'p', 'param_3': 'f', 'param_4': 'v', 'param_5': 'm', 'nspname_1': 'pg_catalog'}
2026-08-25 17:20:24,760 | INFO | SELECT pg_catalog.pg_class.relname 
FROM pg_catalog.pg_class JOIN pg_catalog.pg_namespace ON pg_catalog.pg_namespace.oid = pg_catalog.pg_class.relnamespace 
WHERE pg_catalog.pg_class.relname = %(table_name)s AND pg_catalog.pg_class.relkind = ANY (ARRAY[%(param_1)s, %(param_2)s, %(param_3)s, %(param_4)s, %(param_5)s]) AND pg_catalog.pg_table_is_visible(pg_catalog.pg_class.oid) AND pg_catalog.pg_namespace.nspname != %(nspname_1)s
2026-08-25 17:20:24,760 | INFO | [cached since 0.004206s ago] {'table_name': 'pedidos', 'param_1': 'r', 'param_2': 'p', 'param_3': 'f', 'param_4': 'v', 'param_5': 'm', 'nspname_1': 'pg_catalog'}
2026-08-25 17:20:24,761 | INFO | SELECT pg_catalog.pg_class.relname 
FROM pg_catalog.pg_class JOIN pg_catalog.pg_namespace ON pg_catalog.pg_namespace.oid = pg_catalog.pg_class.relnamespace 
WHERE pg_catalog.pg_class.relname = %(table_name)s AND pg_catalog.pg_class.relkind = ANY (ARRAY[%(param_1)s, %(param_2)s, %(param_3)s, %(param_4)s, %(param_5)s]) AND pg_catalog.pg_table_is_visible(pg_catalog.pg_class.oid) AND pg_catalog.pg_namespace.nspname != %(nspname_1)s
2026-08-25 17:20:24,761 | INFO | [cached since 0.004976s ago] {'table_name': 'detalles_pedido', 'param_1': 'r', 'param_2': 'p', 'param_3': 'f', 'param_4': 'v', 'param_5': 'm', 'nspname_1': 'pg_catalog'}
2026-08-25 17:20:24,762 | INFO | SELECT pg_catalog.pg_class.relname 
FROM pg_catalog.pg_class JOIN pg_catalog.pg_namespace ON pg_catalog.pg_namespace.oid = pg_catalog.pg_class.relnamespace 
WHERE pg_catalog.pg_class.relname = %(table_name)s AND pg_catalog.pg_class.relkind = ANY (ARRAY[%(param_1)s, %(param_2)s, %(param_3)s, %(param_4)s, %(param_5)s]) AND pg_catalog.pg_table_is_visible(pg_catalog.pg_class.oid) AND pg_catalog.pg_namespace.nspname != %(nspname_1)s
2026-08-25 17:20:24,762 | INFO | [cached since 0.005866s ago] {'table_name': 'productos', 'param_1': 'r', 'param_2': 'p', 'param_3': 'f', 'param_4': 'v', 'param_5': 'm', 'nspname_1': 'pg_catalog'}
2026-08-25 17:20:24,763 | INFO | SELECT pg_catalog.pg_class.relname 
FROM pg_catalog.pg_class JOIN pg_catalog.pg_namespace ON pg_catalog.pg_namespace.oid = pg_catalog.pg_class.relnamespace 
WHERE pg_catalog.pg_class.relname = %(table_name)s AND pg_catalog.pg_class.relkind = ANY (ARRAY[%(param_1)s, %(param_2)s, %(param_3)s, %(param_4)s, %(param_5)s]) AND pg_catalog.pg_table_is_visible(pg_catalog.pg_class.oid) AND pg_catalog.pg_namespace.nspname != %(nspname_1)s
2026-08-25 17:20:24,763 | INFO | [cached since 0.00678s ago] {'table_name': 'comandas', 'param_1': 'r', 'param_2': 'p', 'param_3': 'f', 'param_4': 'v', 'param_5': 'm', 'nspname_1': 'pg_catalog'}
2026-08-25 17:20:24,764 | INFO | SELECT pg_catalog.pg_class.relname 
FROM pg_catalog.pg_class JOIN pg_catalog.pg_namespace ON pg_catalog.pg_namespace.oid = pg_catalog.pg_class.relnamespace 
WHERE pg_catalog.pg_class.relname = %(table_name)s AND pg_catalog.pg_class.relkind = ANY (ARRAY[%(param_1)s, %(param_2)s, %(param_3)s, %(param_4)s, %(param_5)s]) AND pg_catalog.pg_table_is_visible(pg_catalog.pg_class.oid) AND pg_catalog.pg_namespace.nspname != %(nspname_1)s
2026-08-25 17:20:24,764 | INFO | [cached since 0.007565s ago] {'table_name': 'pagos', 'param_1': 'r', 'param_2': 'p', 'param_3': 'f', 'param_4': 'v', 'param_5': 'm', 'nspname_1': 'pg_catalog'}
2026-08-25 17:20:24,764 | INFO | SELECT pg_catalog.pg_class.relname 
FROM pg_catalog.pg_class JOIN pg_catalog.pg_namespace ON pg_catalog.pg_namespace.oid = pg_catalog.pg_class.relnamespace 
WHERE pg_catalog.pg_class.relname = %(table_name)s AND pg_catalog.pg_class.relkind = ANY (ARRAY[%(param_1)s, %(param_2)s, %(param_3)s, %(param_4)s, %(param_5)s]) AND pg_catalog.pg_table_is_visible(pg_catalog.pg_class.oid) AND pg_catalog.pg_namespace.nspname != %(nspname_1)s
2026-08-25 17:20:24,764 | INFO | [cached since 0.00834s ago] {'table_name': 'usuarios', 'param_1': 'r', 'param_2': 'p', 'param_3': 'f', 'param_4': 'v', 'param_5': 'm', 'nspname_1': 'pg_catalog'}
2026-08-25 17:20:24,765 | INFO | SELECT pg_catalog.pg_class.relname 
FROM pg_catalog.pg_class JOIN pg_catalog.pg_namespace ON pg_catalog.pg_namespace.oid = pg_catalog.pg_class.relnamespace 
WHERE pg_catalog.pg_class.relname = %(table_name)s AND pg_catalog.pg_class.relkind = ANY (ARRAY[%(param_1)s, %(param_2)s, %(param_3)s, %(param_4)s, %(param_5)s]) AND pg_catalog.pg_table_is_visible(pg_catalog.pg_class.oid) AND pg_catalog.pg_namespace.nspname != %(nspname_1)s
2026-08-25 17:20:24,765 | INFO | [cached since 0.008931s ago] {'table_name': 'cuentas_credito', 'param_1': 'r', 'param_2': 'p', 'param_3': 'f', 'param_4': 'v', 'param_5': 'm', 'nspname_1': 'pg_catalog'}
2026-08-25 17:20:24,765 | INFO | SELECT pg_catalog.pg_class.relname 
FROM pg_catalog.pg_class JOIN pg_catalog.pg_namespace ON pg_catalog.pg_namespace.oid = pg_catalog.pg_class.relnamespace 
WHERE pg_catalog.pg_class.relname = %(table_name)s AND pg_catalog.pg_class.relkind = ANY (ARRAY[%(param_1)s, %(param_2)s, %(param_3)s, %(param_4)s, %(param_5)s]) AND pg_catalog.pg_table_is_visible(pg_catalog.pg_class.oid) AND pg_catalog.pg_namespace.nspname != %(nspname_1)s
2026-08-25 17:20:24,766 | INFO | [cached since 0.009465s ago] {'table_name': 'movimientos_credito', 'param_1': 'r', 'param_2': 'p', 'param_3': 'f', 'param_4': 'v', 'param_5': 'm', 'nspname_1': 'pg_catalog'}
2026-08-25 17:20:24,766 | INFO | COMMIT
2026-08-25 17:20:40,745 | INFO | SINGLETON: Inicializando el pool de conexiones único hacia PostgreSQL.
2026-08-25 17:20:40,746 | INFO | INFRAESTRUCTURA: Verificando y creando el esquema de tablas del MVP.
2026-08-25 17:20:40,801 | INFO | select pg_catalog.version()
2026-08-25 17:20:40,801 | INFO | [raw sql] {}
2026-08-25 17:20:40,803 | INFO | select current_schema()
2026-08-25 17:20:40,803 | INFO | [raw sql] {}
2026-08-25 17:20:40,804 | INFO | show standard_conforming_strings
2026-08-25 17:20:40,805 | INFO | [raw sql] {}
2026-08-25 17:20:40,805 | INFO | BEGIN (implicit)
2026-08-25 17:20:40,808 | INFO | SELECT pg_catalog.pg_class.relname 
FROM pg_catalog.pg_class JOIN pg_catalog.pg_namespace ON pg_catalog.pg_namespace.oid = pg_catalog.pg_class.relnamespace 
WHERE pg_catalog.pg_class.relname = %(table_name)s AND pg_catalog.pg_class.relkind = ANY (ARRAY[%(param_1)s, %(param_2)s, %(param_3)s, %(param_4)s, %(param_5)s]) AND pg_catalog.pg_table_is_visible(pg_catalog.pg_class.oid) AND pg_catalog.pg_namespace.nspname != %(nspname_1)s
2026-08-25 17:20:40,808 | INFO | [generated in 0.00028s] {'table_name': 'sucursales', 'param_1': 'r', 'param_2': 'p', 'param_3': 'f', 'param_4': 'v', 'param_5': 'm', 'nspname_1': 'pg_catalog'}
2026-08-25 17:20:40,811 | INFO | SELECT pg_catalog.pg_class.relname 
FROM pg_catalog.pg_class JOIN pg_catalog.pg_namespace ON pg_catalog.pg_namespace.oid = pg_catalog.pg_class.relnamespace 
WHERE pg_catalog.pg_class.relname = %(table_name)s AND pg_catalog.pg_class.relkind = ANY (ARRAY[%(param_1)s, %(param_2)s, %(param_3)s, %(param_4)s, %(param_5)s]) AND pg_catalog.pg_table_is_visible(pg_catalog.pg_class.oid) AND pg_catalog.pg_namespace.nspname != %(nspname_1)s
2026-08-25 17:20:40,811 | INFO | [cached since 0.002876s ago] {'table_name': 'mesas', 'param_1': 'r', 'param_2': 'p', 'param_3': 'f', 'param_4': 'v', 'param_5': 'm', 'nspname_1': 'pg_catalog'}
2026-08-25 17:20:40,812 | INFO | SELECT pg_catalog.pg_class.relname 
FROM pg_catalog.pg_class JOIN pg_catalog.pg_namespace ON pg_catalog.pg_namespace.oid = pg_catalog.pg_class.relnamespace 
WHERE pg_catalog.pg_class.relname = %(table_name)s AND pg_catalog.pg_class.relkind = ANY (ARRAY[%(param_1)s, %(param_2)s, %(param_3)s, %(param_4)s, %(param_5)s]) AND pg_catalog.pg_table_is_visible(pg_catalog.pg_class.oid) AND pg_catalog.pg_namespace.nspname != %(nspname_1)s
2026-08-25 17:20:40,812 | INFO | [cached since 0.003737s ago] {'table_name': 'clientes', 'param_1': 'r', 'param_2': 'p', 'param_3': 'f', 'param_4': 'v', 'param_5': 'm', 'nspname_1': 'pg_catalog'}
2026-08-25 17:20:40,812 | INFO | SELECT pg_catalog.pg_class.relname 
FROM pg_catalog.pg_class JOIN pg_catalog.pg_namespace ON pg_catalog.pg_namespace.oid = pg_catalog.pg_class.relnamespace 
WHERE pg_catalog.pg_class.relname = %(table_name)s AND pg_catalog.pg_class.relkind = ANY (ARRAY[%(param_1)s, %(param_2)s, %(param_3)s, %(param_4)s, %(param_5)s]) AND pg_catalog.pg_table_is_visible(pg_catalog.pg_class.oid) AND pg_catalog.pg_namespace.nspname != %(nspname_1)s
2026-08-25 17:20:40,813 | INFO | [cached since 0.004734s ago] {'table_name': 'pedidos', 'param_1': 'r', 'param_2': 'p', 'param_3': 'f', 'param_4': 'v', 'param_5': 'm', 'nspname_1': 'pg_catalog'}
2026-08-25 17:20:40,814 | INFO | SELECT pg_catalog.pg_class.relname 
FROM pg_catalog.pg_class JOIN pg_catalog.pg_namespace ON pg_catalog.pg_namespace.oid = pg_catalog.pg_class.relnamespace 
WHERE pg_catalog.pg_class.relname = %(table_name)s AND pg_catalog.pg_class.relkind = ANY (ARRAY[%(param_1)s, %(param_2)s, %(param_3)s, %(param_4)s, %(param_5)s]) AND pg_catalog.pg_table_is_visible(pg_catalog.pg_class.oid) AND pg_catalog.pg_namespace.nspname != %(nspname_1)s
2026-08-25 17:20:40,815 | INFO | [cached since 0.006956s ago] {'table_name': 'detalles_pedido', 'param_1': 'r', 'param_2': 'p', 'param_3': 'f', 'param_4': 'v', 'param_5': 'm', 'nspname_1': 'pg_catalog'}
2026-08-25 17:20:40,816 | INFO | SELECT pg_catalog.pg_class.relname 
FROM pg_catalog.pg_class JOIN pg_catalog.pg_namespace ON pg_catalog.pg_namespace.oid = pg_catalog.pg_class.relnamespace 
WHERE pg_catalog.pg_class.relname = %(table_name)s AND pg_catalog.pg_class.relkind = ANY (ARRAY[%(param_1)s, %(param_2)s, %(param_3)s, %(param_4)s, %(param_5)s]) AND pg_catalog.pg_table_is_visible(pg_catalog.pg_class.oid) AND pg_catalog.pg_namespace.nspname != %(nspname_1)s
2026-08-25 17:20:40,816 | INFO | [cached since 0.008261s ago] {'table_name': 'productos', 'param_1': 'r', 'param_2': 'p', 'param_3': 'f', 'param_4': 'v', 'param_5': 'm', 'nspname_1': 'pg_catalog'}
2026-08-25 17:20:40,817 | INFO | SELECT pg_catalog.pg_class.relname 
FROM pg_catalog.pg_class JOIN pg_catalog.pg_namespace ON pg_catalog.pg_namespace.oid = pg_catalog.pg_class.relnamespace 
WHERE pg_catalog.pg_class.relname = %(table_name)s AND pg_catalog.pg_class.relkind = ANY (ARRAY[%(param_1)s, %(param_2)s, %(param_3)s, %(param_4)s, %(param_5)s]) AND pg_catalog.pg_table_is_visible(pg_catalog.pg_class.oid) AND pg_catalog.pg_namespace.nspname != %(nspname_1)s
2026-08-25 17:20:40,817 | INFO | [cached since 0.009313s ago] {'table_name': 'comandas', 'param_1': 'r', 'param_2': 'p', 'param_3': 'f', 'param_4': 'v', 'param_5': 'm', 'nspname_1': 'pg_catalog'}
2026-08-25 17:20:40,818 | INFO | SELECT pg_catalog.pg_class.relname 
FROM pg_catalog.pg_class JOIN pg_catalog.pg_namespace ON pg_catalog.pg_namespace.oid = pg_catalog.pg_class.relnamespace 
WHERE pg_catalog.pg_class.relname = %(table_name)s AND pg_catalog.pg_class.relkind = ANY (ARRAY[%(param_1)s, %(param_2)s, %(param_3)s, %(param_4)s, %(param_5)s]) AND pg_catalog.pg_table_is_visible(pg_catalog.pg_class.oid) AND pg_catalog.pg_namespace.nspname != %(nspname_1)s
2026-08-25 17:20:40,818 | INFO | [cached since 0.01034s ago] {'table_name': 'pagos', 'param_1': 'r', 'param_2': 'p', 'param_3': 'f', 'param_4': 'v', 'param_5': 'm', 'nspname_1': 'pg_catalog'}
2026-08-25 17:20:40,819 | INFO | SELECT pg_catalog.pg_class.relname 
FROM pg_catalog.pg_class JOIN pg_catalog.pg_namespace ON pg_catalog.pg_namespace.oid = pg_catalog.pg_class.relnamespace 
WHERE pg_catalog.pg_class.relname = %(table_name)s AND pg_catalog.pg_class.relkind = ANY (ARRAY[%(param_1)s, %(param_2)s, %(param_3)s, %(param_4)s, %(param_5)s]) AND pg_catalog.pg_table_is_visible(pg_catalog.pg_class.oid) AND pg_catalog.pg_namespace.nspname != %(nspname_1)s
2026-08-25 17:20:40,819 | INFO | [cached since 0.01132s ago] {'table_name': 'usuarios', 'param_1': 'r', 'param_2': 'p', 'param_3': 'f', 'param_4': 'v', 'param_5': 'm', 'nspname_1': 'pg_catalog'}
2026-08-25 17:20:40,820 | INFO | SELECT pg_catalog.pg_class.relname 
FROM pg_catalog.pg_class JOIN pg_catalog.pg_namespace ON pg_catalog.pg_namespace.oid = pg_catalog.pg_class.relnamespace 
WHERE pg_catalog.pg_class.relname = %(table_name)s AND pg_catalog.pg_class.relkind = ANY (ARRAY[%(param_1)s, %(param_2)s, %(param_3)s, %(param_4)s, %(param_5)s]) AND pg_catalog.pg_table_is_visible(pg_catalog.pg_class.oid) AND pg_catalog.pg_namespace.nspname != %(nspname_1)s
2026-08-25 17:20:40,820 | INFO | [cached since 0.01212s ago] {'table_name': 'cuentas_credito', 'param_1': 'r', 'param_2': 'p', 'param_3': 'f', 'param_4': 'v', 'param_5': 'm', 'nspname_1': 'pg_catalog'}
2026-08-25 17:20:40,821 | INFO | SELECT pg_catalog.pg_class.relname 
FROM pg_catalog.pg_class JOIN pg_catalog.pg_namespace ON pg_catalog.pg_namespace.oid = pg_catalog.pg_class.relnamespace 
WHERE pg_catalog.pg_class.relname = %(table_name)s AND pg_catalog.pg_class.relkind = ANY (ARRAY[%(param_1)s, %(param_2)s, %(param_3)s, %(param_4)s, %(param_5)s]) AND pg_catalog.pg_table_is_visible(pg_catalog.pg_class.oid) AND pg_catalog.pg_namespace.nspname != %(nspname_1)s
2026-08-25 17:20:40,821 | INFO | [cached since 0.01295s ago] {'table_name': 'movimientos_credito', 'param_1': 'r', 'param_2': 'p', 'param_3': 'f', 'param_4': 'v', 'param_5': 'm', 'nspname_1': 'pg_catalog'}
2026-08-25 17:20:40,822 | INFO | COMMIT
2026-08-25 17:20:47,337 | INFO | BEGIN (implicit)
2026-08-25 17:20:47,339 | INFO | SELECT usuarios.id_usuario AS usuarios_id_usuario, usuarios.username AS usuarios_username, usuarios.password_hashed AS usuarios_password_hashed, usuarios."UsuarioCreacion" AS "usuarios_UsuarioCreacion", usuarios."FechaCreacion" AS "usuarios_FechaCreacion", usuarios."UsuarioModificacion" AS "usuarios_UsuarioModificacion", usuarios."FechaModificacion" AS "usuarios_FechaModificacion", usuarios."EstadoTupla" AS "usuarios_EstadoTupla" 
FROM usuarios 
WHERE usuarios.username = %(username_1)s AND usuarios."EstadoTupla" = true 
 LIMIT %(param_1)s
2026-08-25 17:20:47,340 | INFO | [generated in 0.00074s] {'username_1': 'admin', 'param_1': 1}
2026-08-25 17:20:53,982 | INFO | BEGIN (implicit)
2026-08-25 17:20:53,982 | INFO | SELECT usuarios.id_usuario AS usuarios_id_usuario, usuarios.username AS usuarios_username, usuarios.password_hashed AS usuarios_password_hashed, usuarios."UsuarioCreacion" AS "usuarios_UsuarioCreacion", usuarios."FechaCreacion" AS "usuarios_FechaCreacion", usuarios."UsuarioModificacion" AS "usuarios_UsuarioModificacion", usuarios."FechaModificacion" AS "usuarios_FechaModificacion", usuarios."EstadoTupla" AS "usuarios_EstadoTupla" 
FROM usuarios 
WHERE usuarios.username = %(username_1)s AND usuarios."EstadoTupla" = true 
 LIMIT %(param_1)s
2026-08-25 17:20:53,982 | INFO | [cached since 6.643s ago] {'username_1': 'admin', 'param_1': 1}
2026-08-25 17:21:28,796 | INFO | BEGIN (implicit)
2026-08-25 17:21:28,798 | INFO | SELECT usuarios.id_usuario AS usuarios_id_usuario, usuarios.username AS usuarios_username, usuarios.password_hashed AS usuarios_password_hashed, usuarios."UsuarioCreacion" AS "usuarios_UsuarioCreacion", usuarios."FechaCreacion" AS "usuarios_FechaCreacion", usuarios."UsuarioModificacion" AS "usuarios_UsuarioModificacion", usuarios."FechaModificacion" AS "usuarios_FechaModificacion", usuarios."EstadoTupla" AS "usuarios_EstadoTupla" 
FROM usuarios 
WHERE usuarios.username = %(username_1)s 
 LIMIT %(param_1)s
2026-08-25 17:21:28,798 | INFO | [generated in 0.00052s] {'username_1': 'admin', 'param_1': 1}
2026-08-25 17:21:28,803 | INFO | INSERT INTO usuarios (username, password_hashed, "UsuarioCreacion", "FechaCreacion", "UsuarioModificacion", "FechaModificacion", "EstadoTupla") VALUES (%(username)s, %(password_hashed)s, %(UsuarioCreacion)s, %(FechaCreacion)s, %(UsuarioModificacion)s, %(FechaModificacion)s, %(EstadoTupla)s) RETURNING usuarios.id_usuario
2026-08-25 17:21:28,803 | INFO | [generated in 0.00051s] {'username': 'admin', 'password_hashed': '5ac0852e770506dcd80f1a36d20ba7878bf82244b836d9324593bd14bc56dcb5', 'UsuarioCreacion': 'sistema', 'FechaCreacion': datetime.datetime(2026, 8, 25, 21, 21, 28, 803432, tzinfo=datetime.timezone.utc), 'UsuarioModificacion': None, 'FechaModificacion': None, 'EstadoTupla': True}
2026-08-25 17:21:28,807 | INFO | COMMIT
2026-08-25 17:21:47,739 | INFO | BEGIN (implicit)
2026-08-25 17:21:47,740 | INFO | SELECT usuarios.id_usuario AS usuarios_id_usuario, usuarios.username AS usuarios_username, usuarios.password_hashed AS usuarios_password_hashed, usuarios."UsuarioCreacion" AS "usuarios_UsuarioCreacion", usuarios."FechaCreacion" AS "usuarios_FechaCreacion", usuarios."UsuarioModificacion" AS "usuarios_UsuarioModificacion", usuarios."FechaModificacion" AS "usuarios_FechaModificacion", usuarios."EstadoTupla" AS "usuarios_EstadoTupla" 
FROM usuarios 
WHERE usuarios.username = %(username_1)s AND usuarios."EstadoTupla" = true 
 LIMIT %(param_1)s
2026-08-25 17:21:47,740 | INFO | [cached since 60.4s ago] {'username_1': 'admin', 'param_1': 1}
2026-08-25 17:22:25,200 | INFO | BEGIN (implicit)
2026-08-25 17:22:25,201 | INFO | SELECT usuarios.id_usuario AS usuarios_id_usuario, usuarios.username AS usuarios_username, usuarios.password_hashed AS usuarios_password_hashed, usuarios."UsuarioCreacion" AS "usuarios_UsuarioCreacion", usuarios."FechaCreacion" AS "usuarios_FechaCreacion", usuarios."UsuarioModificacion" AS "usuarios_UsuarioModificacion", usuarios."FechaModificacion" AS "usuarios_FechaModificacion", usuarios."EstadoTupla" AS "usuarios_EstadoTupla" 
FROM usuarios 
WHERE usuarios.username = %(username_1)s AND usuarios."EstadoTupla" = true 
 LIMIT %(param_1)s
2026-08-25 17:22:25,202 | INFO | [cached since 97.86s ago] {'username_1': 'admin', 'param_1': 1}
2026-08-25 17:22:25,280 | INFO | BEGIN (implicit)
2026-08-25 17:22:25,282 | INFO | SELECT productos.id AS productos_id, productos.nombre AS productos_nombre, productos.precio AS productos_precio, productos."UsuarioCreacion" AS "productos_UsuarioCreacion", productos."FechaCreacion" AS "productos_FechaCreacion", productos."UsuarioModificacion" AS "productos_UsuarioModificacion", productos."FechaModificacion" AS "productos_FechaModificacion", productos."EstadoTupla" AS "productos_EstadoTupla" 
FROM productos 
WHERE productos."EstadoTupla" = true
2026-08-25 17:22:25,282 | INFO | [generated in 0.00034s] {}
2026-08-25 17:22:45,628 | INFO | BEGIN (implicit)
2026-08-25 17:22:45,628 | INFO | SELECT productos.id AS productos_id, productos.nombre AS productos_nombre, productos.precio AS productos_precio, productos."UsuarioCreacion" AS "productos_UsuarioCreacion", productos."FechaCreacion" AS "productos_FechaCreacion", productos."UsuarioModificacion" AS "productos_UsuarioModificacion", productos."FechaModificacion" AS "productos_FechaModificacion", productos."EstadoTupla" AS "productos_EstadoTupla" 
FROM productos 
WHERE productos."EstadoTupla" = true
2026-08-25 17:22:45,629 | INFO | [cached since 20.35s ago] {}
2026-08-25 17:22:48,388 | INFO | BEGIN (implicit)
2026-08-25 17:22:48,388 | INFO | SELECT productos.id AS productos_id, productos.nombre AS productos_nombre, productos.precio AS productos_precio, productos."UsuarioCreacion" AS "productos_UsuarioCreacion", productos."FechaCreacion" AS "productos_FechaCreacion", productos."UsuarioModificacion" AS "productos_UsuarioModificacion", productos."FechaModificacion" AS "productos_FechaModificacion", productos."EstadoTupla" AS "productos_EstadoTupla" 
FROM productos 
WHERE productos."EstadoTupla" = true
2026-08-25 17:22:48,389 | INFO | [cached since 23.11s ago] {}
2026-08-25 17:27:46,373 | INFO | SINGLETON: Inicializando el pool de conexiones único hacia PostgreSQL.
2026-08-25 17:27:46,374 | INFO | INFRAESTRUCTURA: Verificando y creando el esquema de tablas del MVP.
2026-08-25 17:27:46,433 | INFO | select pg_catalog.version()
2026-08-25 17:27:46,433 | INFO | [raw sql] {}
2026-08-25 17:27:46,435 | INFO | select current_schema()
2026-08-25 17:27:46,435 | INFO | [raw sql] {}
2026-08-25 17:27:46,436 | INFO | show standard_conforming_strings
2026-08-25 17:27:46,436 | INFO | [raw sql] {}
2026-08-25 17:27:46,437 | INFO | BEGIN (implicit)
2026-08-25 17:27:46,440 | INFO | SELECT pg_catalog.pg_class.relname 
FROM pg_catalog.pg_class JOIN pg_catalog.pg_namespace ON pg_catalog.pg_namespace.oid = pg_catalog.pg_class.relnamespace 
WHERE pg_catalog.pg_class.relname = %(table_name)s AND pg_catalog.pg_class.relkind = ANY (ARRAY[%(param_1)s, %(param_2)s, %(param_3)s, %(param_4)s, %(param_5)s]) AND pg_catalog.pg_table_is_visible(pg_catalog.pg_class.oid) AND pg_catalog.pg_namespace.nspname != %(nspname_1)s
2026-08-25 17:27:46,440 | INFO | [generated in 0.00034s] {'table_name': 'sucursales', 'param_1': 'r', 'param_2': 'p', 'param_3': 'f', 'param_4': 'v', 'param_5': 'm', 'nspname_1': 'pg_catalog'}
2026-08-25 17:27:46,443 | INFO | SELECT pg_catalog.pg_class.relname 
FROM pg_catalog.pg_class JOIN pg_catalog.pg_namespace ON pg_catalog.pg_namespace.oid = pg_catalog.pg_class.relnamespace 
WHERE pg_catalog.pg_class.relname = %(table_name)s AND pg_catalog.pg_class.relkind = ANY (ARRAY[%(param_1)s, %(param_2)s, %(param_3)s, %(param_4)s, %(param_5)s]) AND pg_catalog.pg_table_is_visible(pg_catalog.pg_class.oid) AND pg_catalog.pg_namespace.nspname != %(nspname_1)s
2026-08-25 17:27:46,443 | INFO | [cached since 0.00317s ago] {'table_name': 'mesas', 'param_1': 'r', 'param_2': 'p', 'param_3': 'f', 'param_4': 'v', 'param_5': 'm', 'nspname_1': 'pg_catalog'}
2026-08-25 17:27:46,444 | INFO | SELECT pg_catalog.pg_class.relname 
FROM pg_catalog.pg_class JOIN pg_catalog.pg_namespace ON pg_catalog.pg_namespace.oid = pg_catalog.pg_class.relnamespace 
WHERE pg_catalog.pg_class.relname = %(table_name)s AND pg_catalog.pg_class.relkind = ANY (ARRAY[%(param_1)s, %(param_2)s, %(param_3)s, %(param_4)s, %(param_5)s]) AND pg_catalog.pg_table_is_visible(pg_catalog.pg_class.oid) AND pg_catalog.pg_namespace.nspname != %(nspname_1)s
2026-08-25 17:27:46,444 | INFO | [cached since 0.004062s ago] {'table_name': 'clientes', 'param_1': 'r', 'param_2': 'p', 'param_3': 'f', 'param_4': 'v', 'param_5': 'm', 'nspname_1': 'pg_catalog'}
2026-08-25 17:27:46,445 | INFO | SELECT pg_catalog.pg_class.relname 
FROM pg_catalog.pg_class JOIN pg_catalog.pg_namespace ON pg_catalog.pg_namespace.oid = pg_catalog.pg_class.relnamespace 
WHERE pg_catalog.pg_class.relname = %(table_name)s AND pg_catalog.pg_class.relkind = ANY (ARRAY[%(param_1)s, %(param_2)s, %(param_3)s, %(param_4)s, %(param_5)s]) AND pg_catalog.pg_table_is_visible(pg_catalog.pg_class.oid) AND pg_catalog.pg_namespace.nspname != %(nspname_1)s
2026-08-25 17:27:46,445 | INFO | [cached since 0.005019s ago] {'table_name': 'pedidos', 'param_1': 'r', 'param_2': 'p', 'param_3': 'f', 'param_4': 'v', 'param_5': 'm', 'nspname_1': 'pg_catalog'}
2026-08-25 17:27:46,446 | INFO | SELECT pg_catalog.pg_class.relname 
FROM pg_catalog.pg_class JOIN pg_catalog.pg_namespace ON pg_catalog.pg_namespace.oid = pg_catalog.pg_class.relnamespace 
WHERE pg_catalog.pg_class.relname = %(table_name)s AND pg_catalog.pg_class.relkind = ANY (ARRAY[%(param_1)s, %(param_2)s, %(param_3)s, %(param_4)s, %(param_5)s]) AND pg_catalog.pg_table_is_visible(pg_catalog.pg_class.oid) AND pg_catalog.pg_namespace.nspname != %(nspname_1)s
2026-08-25 17:27:46,446 | INFO | [cached since 0.006314s ago] {'table_name': 'detalles_pedido', 'param_1': 'r', 'param_2': 'p', 'param_3': 'f', 'param_4': 'v', 'param_5': 'm', 'nspname_1': 'pg_catalog'}
2026-08-25 17:27:46,447 | INFO | SELECT pg_catalog.pg_class.relname 
FROM pg_catalog.pg_class JOIN pg_catalog.pg_namespace ON pg_catalog.pg_namespace.oid = pg_catalog.pg_class.relnamespace 
WHERE pg_catalog.pg_class.relname = %(table_name)s AND pg_catalog.pg_class.relkind = ANY (ARRAY[%(param_1)s, %(param_2)s, %(param_3)s, %(param_4)s, %(param_5)s]) AND pg_catalog.pg_table_is_visible(pg_catalog.pg_class.oid) AND pg_catalog.pg_namespace.nspname != %(nspname_1)s
2026-08-25 17:27:46,447 | INFO | [cached since 0.007423s ago] {'table_name': 'productos', 'param_1': 'r', 'param_2': 'p', 'param_3': 'f', 'param_4': 'v', 'param_5': 'm', 'nspname_1': 'pg_catalog'}
2026-08-25 17:27:46,448 | INFO | SELECT pg_catalog.pg_class.relname 
FROM pg_catalog.pg_class JOIN pg_catalog.pg_namespace ON pg_catalog.pg_namespace.oid = pg_catalog.pg_class.relnamespace 
WHERE pg_catalog.pg_class.relname = %(table_name)s AND pg_catalog.pg_class.relkind = ANY (ARRAY[%(param_1)s, %(param_2)s, %(param_3)s, %(param_4)s, %(param_5)s]) AND pg_catalog.pg_table_is_visible(pg_catalog.pg_class.oid) AND pg_catalog.pg_namespace.nspname != %(nspname_1)s
2026-08-25 17:27:46,448 | INFO | [cached since 0.008515s ago] {'table_name': 'comandas', 'param_1': 'r', 'param_2': 'p', 'param_3': 'f', 'param_4': 'v', 'param_5': 'm', 'nspname_1': 'pg_catalog'}
2026-08-25 17:27:46,449 | INFO | SELECT pg_catalog.pg_class.relname 
FROM pg_catalog.pg_class JOIN pg_catalog.pg_namespace ON pg_catalog.pg_namespace.oid = pg_catalog.pg_class.relnamespace 
WHERE pg_catalog.pg_class.relname = %(table_name)s AND pg_catalog.pg_class.relkind = ANY (ARRAY[%(param_1)s, %(param_2)s, %(param_3)s, %(param_4)s, %(param_5)s]) AND pg_catalog.pg_table_is_visible(pg_catalog.pg_class.oid) AND pg_catalog.pg_namespace.nspname != %(nspname_1)s
2026-08-25 17:27:46,449 | INFO | [cached since 0.009396s ago] {'table_name': 'pagos', 'param_1': 'r', 'param_2': 'p', 'param_3': 'f', 'param_4': 'v', 'param_5': 'm', 'nspname_1': 'pg_catalog'}
2026-08-25 17:27:46,450 | INFO | SELECT pg_catalog.pg_class.relname 
FROM pg_catalog.pg_class JOIN pg_catalog.pg_namespace ON pg_catalog.pg_namespace.oid = pg_catalog.pg_class.relnamespace 
WHERE pg_catalog.pg_class.relname = %(table_name)s AND pg_catalog.pg_class.relkind = ANY (ARRAY[%(param_1)s, %(param_2)s, %(param_3)s, %(param_4)s, %(param_5)s]) AND pg_catalog.pg_table_is_visible(pg_catalog.pg_class.oid) AND pg_catalog.pg_namespace.nspname != %(nspname_1)s
2026-08-25 17:27:46,450 | INFO | [cached since 0.01032s ago] {'table_name': 'usuarios', 'param_1': 'r', 'param_2': 'p', 'param_3': 'f', 'param_4': 'v', 'param_5': 'm', 'nspname_1': 'pg_catalog'}
2026-08-25 17:27:46,451 | INFO | SELECT pg_catalog.pg_class.relname 
FROM pg_catalog.pg_class JOIN pg_catalog.pg_namespace ON pg_catalog.pg_namespace.oid = pg_catalog.pg_class.relnamespace 
WHERE pg_catalog.pg_class.relname = %(table_name)s AND pg_catalog.pg_class.relkind = ANY (ARRAY[%(param_1)s, %(param_2)s, %(param_3)s, %(param_4)s, %(param_5)s]) AND pg_catalog.pg_table_is_visible(pg_catalog.pg_class.oid) AND pg_catalog.pg_namespace.nspname != %(nspname_1)s
2026-08-25 17:27:46,451 | INFO | [cached since 0.01158s ago] {'table_name': 'cuentas_credito', 'param_1': 'r', 'param_2': 'p', 'param_3': 'f', 'param_4': 'v', 'param_5': 'm', 'nspname_1': 'pg_catalog'}
2026-08-25 17:27:46,452 | INFO | SELECT pg_catalog.pg_class.relname 
FROM pg_catalog.pg_class JOIN pg_catalog.pg_namespace ON pg_catalog.pg_namespace.oid = pg_catalog.pg_class.relnamespace 
WHERE pg_catalog.pg_class.relname = %(table_name)s AND pg_catalog.pg_class.relkind = ANY (ARRAY[%(param_1)s, %(param_2)s, %(param_3)s, %(param_4)s, %(param_5)s]) AND pg_catalog.pg_table_is_visible(pg_catalog.pg_class.oid) AND pg_catalog.pg_namespace.nspname != %(nspname_1)s
2026-08-25 17:27:46,452 | INFO | [cached since 0.01253s ago] {'table_name': 'movimientos_credito', 'param_1': 'r', 'param_2': 'p', 'param_3': 'f', 'param_4': 'v', 'param_5': 'm', 'nspname_1': 'pg_catalog'}
2026-08-25 17:27:46,453 | INFO | COMMIT
2026-08-25 17:27:54,798 | INFO | SINGLETON: Inicializando el pool de conexiones único hacia PostgreSQL.
2026-08-25 17:27:54,799 | INFO | INFRAESTRUCTURA: Verificando y creando el esquema de tablas del MVP.
2026-08-25 17:27:54,854 | INFO | select pg_catalog.version()
2026-08-25 17:27:54,854 | INFO | [raw sql] {}
2026-08-25 17:27:54,855 | INFO | select current_schema()
2026-08-25 17:27:54,855 | INFO | [raw sql] {}
2026-08-25 17:27:54,856 | INFO | show standard_conforming_strings
2026-08-25 17:27:54,856 | INFO | [raw sql] {}
2026-08-25 17:27:54,857 | INFO | BEGIN (implicit)
2026-08-25 17:27:54,860 | INFO | SELECT pg_catalog.pg_class.relname 
FROM pg_catalog.pg_class JOIN pg_catalog.pg_namespace ON pg_catalog.pg_namespace.oid = pg_catalog.pg_class.relnamespace 
WHERE pg_catalog.pg_class.relname = %(table_name)s AND pg_catalog.pg_class.relkind = ANY (ARRAY[%(param_1)s, %(param_2)s, %(param_3)s, %(param_4)s, %(param_5)s]) AND pg_catalog.pg_table_is_visible(pg_catalog.pg_class.oid) AND pg_catalog.pg_namespace.nspname != %(nspname_1)s
2026-08-25 17:27:54,860 | INFO | [generated in 0.00026s] {'table_name': 'sucursales', 'param_1': 'r', 'param_2': 'p', 'param_3': 'f', 'param_4': 'v', 'param_5': 'm', 'nspname_1': 'pg_catalog'}
2026-08-25 17:27:54,863 | INFO | SELECT pg_catalog.pg_class.relname 
FROM pg_catalog.pg_class JOIN pg_catalog.pg_namespace ON pg_catalog.pg_namespace.oid = pg_catalog.pg_class.relnamespace 
WHERE pg_catalog.pg_class.relname = %(table_name)s AND pg_catalog.pg_class.relkind = ANY (ARRAY[%(param_1)s, %(param_2)s, %(param_3)s, %(param_4)s, %(param_5)s]) AND pg_catalog.pg_table_is_visible(pg_catalog.pg_class.oid) AND pg_catalog.pg_namespace.nspname != %(nspname_1)s
2026-08-25 17:27:54,863 | INFO | [cached since 0.003056s ago] {'table_name': 'mesas', 'param_1': 'r', 'param_2': 'p', 'param_3': 'f', 'param_4': 'v', 'param_5': 'm', 'nspname_1': 'pg_catalog'}
2026-08-25 17:27:54,864 | INFO | SELECT pg_catalog.pg_class.relname 
FROM pg_catalog.pg_class JOIN pg_catalog.pg_namespace ON pg_catalog.pg_namespace.oid = pg_catalog.pg_class.relnamespace 
WHERE pg_catalog.pg_class.relname = %(table_name)s AND pg_catalog.pg_class.relkind = ANY (ARRAY[%(param_1)s, %(param_2)s, %(param_3)s, %(param_4)s, %(param_5)s]) AND pg_catalog.pg_table_is_visible(pg_catalog.pg_class.oid) AND pg_catalog.pg_namespace.nspname != %(nspname_1)s
2026-08-25 17:27:54,865 | INFO | [cached since 0.004746s ago] {'table_name': 'clientes', 'param_1': 'r', 'param_2': 'p', 'param_3': 'f', 'param_4': 'v', 'param_5': 'm', 'nspname_1': 'pg_catalog'}
2026-08-25 17:27:54,865 | INFO | SELECT pg_catalog.pg_class.relname 
FROM pg_catalog.pg_class JOIN pg_catalog.pg_namespace ON pg_catalog.pg_namespace.oid = pg_catalog.pg_class.relnamespace 
WHERE pg_catalog.pg_class.relname = %(table_name)s AND pg_catalog.pg_class.relkind = ANY (ARRAY[%(param_1)s, %(param_2)s, %(param_3)s, %(param_4)s, %(param_5)s]) AND pg_catalog.pg_table_is_visible(pg_catalog.pg_class.oid) AND pg_catalog.pg_namespace.nspname != %(nspname_1)s
2026-08-25 17:27:54,866 | INFO | [cached since 0.005764s ago] {'table_name': 'pedidos', 'param_1': 'r', 'param_2': 'p', 'param_3': 'f', 'param_4': 'v', 'param_5': 'm', 'nspname_1': 'pg_catalog'}
2026-08-25 17:27:54,866 | INFO | SELECT pg_catalog.pg_class.relname 
FROM pg_catalog.pg_class JOIN pg_catalog.pg_namespace ON pg_catalog.pg_namespace.oid = pg_catalog.pg_class.relnamespace 
WHERE pg_catalog.pg_class.relname = %(table_name)s AND pg_catalog.pg_class.relkind = ANY (ARRAY[%(param_1)s, %(param_2)s, %(param_3)s, %(param_4)s, %(param_5)s]) AND pg_catalog.pg_table_is_visible(pg_catalog.pg_class.oid) AND pg_catalog.pg_namespace.nspname != %(nspname_1)s
2026-08-25 17:27:54,866 | INFO | [cached since 0.00656s ago] {'table_name': 'detalles_pedido', 'param_1': 'r', 'param_2': 'p', 'param_3': 'f', 'param_4': 'v', 'param_5': 'm', 'nspname_1': 'pg_catalog'}
2026-08-25 17:27:54,867 | INFO | SELECT pg_catalog.pg_class.relname 
FROM pg_catalog.pg_class JOIN pg_catalog.pg_namespace ON pg_catalog.pg_namespace.oid = pg_catalog.pg_class.relnamespace 
WHERE pg_catalog.pg_class.relname = %(table_name)s AND pg_catalog.pg_class.relkind = ANY (ARRAY[%(param_1)s, %(param_2)s, %(param_3)s, %(param_4)s, %(param_5)s]) AND pg_catalog.pg_table_is_visible(pg_catalog.pg_class.oid) AND pg_catalog.pg_namespace.nspname != %(nspname_1)s
2026-08-25 17:27:54,867 | INFO | [cached since 0.007431s ago] {'table_name': 'productos', 'param_1': 'r', 'param_2': 'p', 'param_3': 'f', 'param_4': 'v', 'param_5': 'm', 'nspname_1': 'pg_catalog'}
2026-08-25 17:27:54,868 | INFO | SELECT pg_catalog.pg_class.relname 
FROM pg_catalog.pg_class JOIN pg_catalog.pg_namespace ON pg_catalog.pg_namespace.oid = pg_catalog.pg_class.relnamespace 
WHERE pg_catalog.pg_class.relname = %(table_name)s AND pg_catalog.pg_class.relkind = ANY (ARRAY[%(param_1)s, %(param_2)s, %(param_3)s, %(param_4)s, %(param_5)s]) AND pg_catalog.pg_table_is_visible(pg_catalog.pg_class.oid) AND pg_catalog.pg_namespace.nspname != %(nspname_1)s
2026-08-25 17:27:54,868 | INFO | [cached since 0.008181s ago] {'table_name': 'comandas', 'param_1': 'r', 'param_2': 'p', 'param_3': 'f', 'param_4': 'v', 'param_5': 'm', 'nspname_1': 'pg_catalog'}
2026-08-25 17:27:54,869 | INFO | SELECT pg_catalog.pg_class.relname 
FROM pg_catalog.pg_class JOIN pg_catalog.pg_namespace ON pg_catalog.pg_namespace.oid = pg_catalog.pg_class.relnamespace 
WHERE pg_catalog.pg_class.relname = %(table_name)s AND pg_catalog.pg_class.relkind = ANY (ARRAY[%(param_1)s, %(param_2)s, %(param_3)s, %(param_4)s, %(param_5)s]) AND pg_catalog.pg_table_is_visible(pg_catalog.pg_class.oid) AND pg_catalog.pg_namespace.nspname != %(nspname_1)s
2026-08-25 17:27:54,869 | INFO | [cached since 0.008906s ago] {'table_name': 'pagos', 'param_1': 'r', 'param_2': 'p', 'param_3': 'f', 'param_4': 'v', 'param_5': 'm', 'nspname_1': 'pg_catalog'}
2026-08-25 17:27:54,869 | INFO | SELECT pg_catalog.pg_class.relname 
FROM pg_catalog.pg_class JOIN pg_catalog.pg_namespace ON pg_catalog.pg_namespace.oid = pg_catalog.pg_class.relnamespace 
WHERE pg_catalog.pg_class.relname = %(table_name)s AND pg_catalog.pg_class.relkind = ANY (ARRAY[%(param_1)s, %(param_2)s, %(param_3)s, %(param_4)s, %(param_5)s]) AND pg_catalog.pg_table_is_visible(pg_catalog.pg_class.oid) AND pg_catalog.pg_namespace.nspname != %(nspname_1)s
2026-08-25 17:27:54,870 | INFO | [cached since 0.009654s ago] {'table_name': 'usuarios', 'param_1': 'r', 'param_2': 'p', 'param_3': 'f', 'param_4': 'v', 'param_5': 'm', 'nspname_1': 'pg_catalog'}
2026-08-25 17:27:54,870 | INFO | SELECT pg_catalog.pg_class.relname 
FROM pg_catalog.pg_class JOIN pg_catalog.pg_namespace ON pg_catalog.pg_namespace.oid = pg_catalog.pg_class.relnamespace 
WHERE pg_catalog.pg_class.relname = %(table_name)s AND pg_catalog.pg_class.relkind = ANY (ARRAY[%(param_1)s, %(param_2)s, %(param_3)s, %(param_4)s, %(param_5)s]) AND pg_catalog.pg_table_is_visible(pg_catalog.pg_class.oid) AND pg_catalog.pg_namespace.nspname != %(nspname_1)s
2026-08-25 17:27:54,870 | INFO | [cached since 0.0104s ago] {'table_name': 'cuentas_credito', 'param_1': 'r', 'param_2': 'p', 'param_3': 'f', 'param_4': 'v', 'param_5': 'm', 'nspname_1': 'pg_catalog'}
2026-08-25 17:27:54,871 | INFO | SELECT pg_catalog.pg_class.relname 
FROM pg_catalog.pg_class JOIN pg_catalog.pg_namespace ON pg_catalog.pg_namespace.oid = pg_catalog.pg_class.relnamespace 
WHERE pg_catalog.pg_class.relname = %(table_name)s AND pg_catalog.pg_class.relkind = ANY (ARRAY[%(param_1)s, %(param_2)s, %(param_3)s, %(param_4)s, %(param_5)s]) AND pg_catalog.pg_table_is_visible(pg_catalog.pg_class.oid) AND pg_catalog.pg_namespace.nspname != %(nspname_1)s
2026-08-25 17:27:54,871 | INFO | [cached since 0.01105s ago] {'table_name': 'movimientos_credito', 'param_1': 'r', 'param_2': 'p', 'param_3': 'f', 'param_4': 'v', 'param_5': 'm', 'nspname_1': 'pg_catalog'}
2026-08-25 17:27:54,872 | INFO | COMMIT
2026-08-25 17:28:01,665 | INFO | BEGIN (implicit)
2026-08-25 17:28:01,667 | INFO | SELECT productos.id_producto AS productos_id_producto, productos.nombre AS productos_nombre, productos.categoria AS productos_categoria, productos.precio AS productos_precio, productos."UsuarioCreacion" AS "productos_UsuarioCreacion", productos."FechaCreacion" AS "productos_FechaCreacion", productos."UsuarioModificacion" AS "productos_UsuarioModificacion", productos."FechaModificacion" AS "productos_FechaModificacion", productos."EstadoTupla" AS "productos_EstadoTupla" 
FROM productos
2026-08-25 17:28:01,667 | INFO | [generated in 0.00030s] {}
2026-08-25 17:28:11,307 | INFO | BEGIN (implicit)
2026-08-25 17:28:11,308 | INFO | SELECT productos.id_producto AS productos_id_producto, productos.nombre AS productos_nombre, productos.categoria AS productos_categoria, productos.precio AS productos_precio, productos."UsuarioCreacion" AS "productos_UsuarioCreacion", productos."FechaCreacion" AS "productos_FechaCreacion", productos."UsuarioModificacion" AS "productos_UsuarioModificacion", productos."FechaModificacion" AS "productos_FechaModificacion", productos."EstadoTupla" AS "productos_EstadoTupla" 
FROM productos
2026-08-25 17:28:11,308 | INFO | [cached since 9.641s ago] {}
2026-08-25 17:30:24,603 | INFO | SINGLETON: Inicializando el pool de conexiones único hacia PostgreSQL.
2026-08-25 17:30:24,604 | INFO | INFRAESTRUCTURA: Verificando y creando el esquema de tablas del MVP.
2026-08-25 17:30:24,663 | INFO | select pg_catalog.version()
2026-08-25 17:30:24,664 | INFO | [raw sql] {}
2026-08-25 17:30:24,665 | INFO | select current_schema()
2026-08-25 17:30:24,666 | INFO | [raw sql] {}
2026-08-25 17:30:24,667 | INFO | show standard_conforming_strings
2026-08-25 17:30:24,667 | INFO | [raw sql] {}
2026-08-25 17:30:24,668 | INFO | BEGIN (implicit)
2026-08-25 17:30:24,671 | INFO | SELECT pg_catalog.pg_class.relname 
FROM pg_catalog.pg_class JOIN pg_catalog.pg_namespace ON pg_catalog.pg_namespace.oid = pg_catalog.pg_class.relnamespace 
WHERE pg_catalog.pg_class.relname = %(table_name)s AND pg_catalog.pg_class.relkind = ANY (ARRAY[%(param_1)s, %(param_2)s, %(param_3)s, %(param_4)s, %(param_5)s]) AND pg_catalog.pg_table_is_visible(pg_catalog.pg_class.oid) AND pg_catalog.pg_namespace.nspname != %(nspname_1)s
2026-08-25 17:30:24,671 | INFO | [generated in 0.00034s] {'table_name': 'sucursales', 'param_1': 'r', 'param_2': 'p', 'param_3': 'f', 'param_4': 'v', 'param_5': 'm', 'nspname_1': 'pg_catalog'}
2026-08-25 17:30:24,673 | INFO | SELECT pg_catalog.pg_class.relname 
FROM pg_catalog.pg_class JOIN pg_catalog.pg_namespace ON pg_catalog.pg_namespace.oid = pg_catalog.pg_class.relnamespace 
WHERE pg_catalog.pg_class.relname = %(table_name)s AND pg_catalog.pg_class.relkind = ANY (ARRAY[%(param_1)s, %(param_2)s, %(param_3)s, %(param_4)s, %(param_5)s]) AND pg_catalog.pg_table_is_visible(pg_catalog.pg_class.oid) AND pg_catalog.pg_namespace.nspname != %(nspname_1)s
2026-08-25 17:30:24,673 | INFO | [cached since 0.002868s ago] {'table_name': 'mesas', 'param_1': 'r', 'param_2': 'p', 'param_3': 'f', 'param_4': 'v', 'param_5': 'm', 'nspname_1': 'pg_catalog'}
2026-08-25 17:30:24,674 | INFO | SELECT pg_catalog.pg_class.relname 
FROM pg_catalog.pg_class JOIN pg_catalog.pg_namespace ON pg_catalog.pg_namespace.oid = pg_catalog.pg_class.relnamespace 
WHERE pg_catalog.pg_class.relname = %(table_name)s AND pg_catalog.pg_class.relkind = ANY (ARRAY[%(param_1)s, %(param_2)s, %(param_3)s, %(param_4)s, %(param_5)s]) AND pg_catalog.pg_table_is_visible(pg_catalog.pg_class.oid) AND pg_catalog.pg_namespace.nspname != %(nspname_1)s
2026-08-25 17:30:24,674 | INFO | [cached since 0.003729s ago] {'table_name': 'clientes', 'param_1': 'r', 'param_2': 'p', 'param_3': 'f', 'param_4': 'v', 'param_5': 'm', 'nspname_1': 'pg_catalog'}
2026-08-25 17:30:24,675 | INFO | SELECT pg_catalog.pg_class.relname 
FROM pg_catalog.pg_class JOIN pg_catalog.pg_namespace ON pg_catalog.pg_namespace.oid = pg_catalog.pg_class.relnamespace 
WHERE pg_catalog.pg_class.relname = %(table_name)s AND pg_catalog.pg_class.relkind = ANY (ARRAY[%(param_1)s, %(param_2)s, %(param_3)s, %(param_4)s, %(param_5)s]) AND pg_catalog.pg_table_is_visible(pg_catalog.pg_class.oid) AND pg_catalog.pg_namespace.nspname != %(nspname_1)s
2026-08-25 17:30:24,675 | INFO | [cached since 0.004541s ago] {'table_name': 'pedidos', 'param_1': 'r', 'param_2': 'p', 'param_3': 'f', 'param_4': 'v', 'param_5': 'm', 'nspname_1': 'pg_catalog'}
2026-08-25 17:30:24,676 | INFO | SELECT pg_catalog.pg_class.relname 
FROM pg_catalog.pg_class JOIN pg_catalog.pg_namespace ON pg_catalog.pg_namespace.oid = pg_catalog.pg_class.relnamespace 
WHERE pg_catalog.pg_class.relname = %(table_name)s AND pg_catalog.pg_class.relkind = ANY (ARRAY[%(param_1)s, %(param_2)s, %(param_3)s, %(param_4)s, %(param_5)s]) AND pg_catalog.pg_table_is_visible(pg_catalog.pg_class.oid) AND pg_catalog.pg_namespace.nspname != %(nspname_1)s
2026-08-25 17:30:24,676 | INFO | [cached since 0.005323s ago] {'table_name': 'detalles_pedido', 'param_1': 'r', 'param_2': 'p', 'param_3': 'f', 'param_4': 'v', 'param_5': 'm', 'nspname_1': 'pg_catalog'}
2026-08-25 17:30:24,676 | INFO | SELECT pg_catalog.pg_class.relname 
FROM pg_catalog.pg_class JOIN pg_catalog.pg_namespace ON pg_catalog.pg_namespace.oid = pg_catalog.pg_class.relnamespace 
WHERE pg_catalog.pg_class.relname = %(table_name)s AND pg_catalog.pg_class.relkind = ANY (ARRAY[%(param_1)s, %(param_2)s, %(param_3)s, %(param_4)s, %(param_5)s]) AND pg_catalog.pg_table_is_visible(pg_catalog.pg_class.oid) AND pg_catalog.pg_namespace.nspname != %(nspname_1)s
2026-08-25 17:30:24,677 | INFO | [cached since 0.00609s ago] {'table_name': 'productos', 'param_1': 'r', 'param_2': 'p', 'param_3': 'f', 'param_4': 'v', 'param_5': 'm', 'nspname_1': 'pg_catalog'}
2026-08-25 17:30:24,677 | INFO | SELECT pg_catalog.pg_class.relname 
FROM pg_catalog.pg_class JOIN pg_catalog.pg_namespace ON pg_catalog.pg_namespace.oid = pg_catalog.pg_class.relnamespace 
WHERE pg_catalog.pg_class.relname = %(table_name)s AND pg_catalog.pg_class.relkind = ANY (ARRAY[%(param_1)s, %(param_2)s, %(param_3)s, %(param_4)s, %(param_5)s]) AND pg_catalog.pg_table_is_visible(pg_catalog.pg_class.oid) AND pg_catalog.pg_namespace.nspname != %(nspname_1)s
2026-08-25 17:30:24,677 | INFO | [cached since 0.006841s ago] {'table_name': 'comandas', 'param_1': 'r', 'param_2': 'p', 'param_3': 'f', 'param_4': 'v', 'param_5': 'm', 'nspname_1': 'pg_catalog'}
2026-08-25 17:30:24,678 | INFO | SELECT pg_catalog.pg_class.relname 
FROM pg_catalog.pg_class JOIN pg_catalog.pg_namespace ON pg_catalog.pg_namespace.oid = pg_catalog.pg_class.relnamespace 
WHERE pg_catalog.pg_class.relname = %(table_name)s AND pg_catalog.pg_class.relkind = ANY (ARRAY[%(param_1)s, %(param_2)s, %(param_3)s, %(param_4)s, %(param_5)s]) AND pg_catalog.pg_table_is_visible(pg_catalog.pg_class.oid) AND pg_catalog.pg_namespace.nspname != %(nspname_1)s
2026-08-25 17:30:24,678 | INFO | [cached since 0.007837s ago] {'table_name': 'pagos', 'param_1': 'r', 'param_2': 'p', 'param_3': 'f', 'param_4': 'v', 'param_5': 'm', 'nspname_1': 'pg_catalog'}
2026-08-25 17:30:24,679 | INFO | SELECT pg_catalog.pg_class.relname 
FROM pg_catalog.pg_class JOIN pg_catalog.pg_namespace ON pg_catalog.pg_namespace.oid = pg_catalog.pg_class.relnamespace 
WHERE pg_catalog.pg_class.relname = %(table_name)s AND pg_catalog.pg_class.relkind = ANY (ARRAY[%(param_1)s, %(param_2)s, %(param_3)s, %(param_4)s, %(param_5)s]) AND pg_catalog.pg_table_is_visible(pg_catalog.pg_class.oid) AND pg_catalog.pg_namespace.nspname != %(nspname_1)s
2026-08-25 17:30:24,679 | INFO | [cached since 0.008907s ago] {'table_name': 'usuarios', 'param_1': 'r', 'param_2': 'p', 'param_3': 'f', 'param_4': 'v', 'param_5': 'm', 'nspname_1': 'pg_catalog'}
2026-08-25 17:30:24,680 | INFO | SELECT pg_catalog.pg_class.relname 
FROM pg_catalog.pg_class JOIN pg_catalog.pg_namespace ON pg_catalog.pg_namespace.oid = pg_catalog.pg_class.relnamespace 
WHERE pg_catalog.pg_class.relname = %(table_name)s AND pg_catalog.pg_class.relkind = ANY (ARRAY[%(param_1)s, %(param_2)s, %(param_3)s, %(param_4)s, %(param_5)s]) AND pg_catalog.pg_table_is_visible(pg_catalog.pg_class.oid) AND pg_catalog.pg_namespace.nspname != %(nspname_1)s
2026-08-25 17:30:24,680 | INFO | [cached since 0.009823s ago] {'table_name': 'cuentas_credito', 'param_1': 'r', 'param_2': 'p', 'param_3': 'f', 'param_4': 'v', 'param_5': 'm', 'nspname_1': 'pg_catalog'}
2026-08-25 17:30:24,681 | INFO | SELECT pg_catalog.pg_class.relname 
FROM pg_catalog.pg_class JOIN pg_catalog.pg_namespace ON pg_catalog.pg_namespace.oid = pg_catalog.pg_class.relnamespace 
WHERE pg_catalog.pg_class.relname = %(table_name)s AND pg_catalog.pg_class.relkind = ANY (ARRAY[%(param_1)s, %(param_2)s, %(param_3)s, %(param_4)s, %(param_5)s]) AND pg_catalog.pg_table_is_visible(pg_catalog.pg_class.oid) AND pg_catalog.pg_namespace.nspname != %(nspname_1)s
2026-08-25 17:30:24,681 | INFO | [cached since 0.0106s ago] {'table_name': 'movimientos_credito', 'param_1': 'r', 'param_2': 'p', 'param_3': 'f', 'param_4': 'v', 'param_5': 'm', 'nspname_1': 'pg_catalog'}
2026-08-25 17:30:24,682 | INFO | COMMIT
2026-08-25 17:31:45,858 | INFO | SINGLETON: Inicializando el pool de conexiones único hacia PostgreSQL.
2026-08-25 17:31:45,859 | INFO | INFRAESTRUCTURA: Verificando y creando el esquema de tablas del MVP.
2026-08-25 17:31:45,916 | INFO | select pg_catalog.version()
2026-08-25 17:31:45,916 | INFO | [raw sql] {}
2026-08-25 17:31:45,918 | INFO | select current_schema()
2026-08-25 17:31:45,919 | INFO | [raw sql] {}
2026-08-25 17:31:45,920 | INFO | show standard_conforming_strings
2026-08-25 17:31:45,920 | INFO | [raw sql] {}
2026-08-25 17:31:45,921 | INFO | BEGIN (implicit)
2026-08-25 17:31:45,924 | INFO | SELECT pg_catalog.pg_class.relname 
FROM pg_catalog.pg_class JOIN pg_catalog.pg_namespace ON pg_catalog.pg_namespace.oid = pg_catalog.pg_class.relnamespace 
WHERE pg_catalog.pg_class.relname = %(table_name)s AND pg_catalog.pg_class.relkind = ANY (ARRAY[%(param_1)s, %(param_2)s, %(param_3)s, %(param_4)s, %(param_5)s]) AND pg_catalog.pg_table_is_visible(pg_catalog.pg_class.oid) AND pg_catalog.pg_namespace.nspname != %(nspname_1)s
2026-08-25 17:31:45,924 | INFO | [generated in 0.00032s] {'table_name': 'sucursales', 'param_1': 'r', 'param_2': 'p', 'param_3': 'f', 'param_4': 'v', 'param_5': 'm', 'nspname_1': 'pg_catalog'}
2026-08-25 17:31:45,926 | INFO | SELECT pg_catalog.pg_class.relname 
FROM pg_catalog.pg_class JOIN pg_catalog.pg_namespace ON pg_catalog.pg_namespace.oid = pg_catalog.pg_class.relnamespace 
WHERE pg_catalog.pg_class.relname = %(table_name)s AND pg_catalog.pg_class.relkind = ANY (ARRAY[%(param_1)s, %(param_2)s, %(param_3)s, %(param_4)s, %(param_5)s]) AND pg_catalog.pg_table_is_visible(pg_catalog.pg_class.oid) AND pg_catalog.pg_namespace.nspname != %(nspname_1)s
2026-08-25 17:31:45,926 | INFO | [cached since 0.00277s ago] {'table_name': 'mesas', 'param_1': 'r', 'param_2': 'p', 'param_3': 'f', 'param_4': 'v', 'param_5': 'm', 'nspname_1': 'pg_catalog'}
2026-08-25 17:31:45,927 | INFO | SELECT pg_catalog.pg_class.relname 
FROM pg_catalog.pg_class JOIN pg_catalog.pg_namespace ON pg_catalog.pg_namespace.oid = pg_catalog.pg_class.relnamespace 
WHERE pg_catalog.pg_class.relname = %(table_name)s AND pg_catalog.pg_class.relkind = ANY (ARRAY[%(param_1)s, %(param_2)s, %(param_3)s, %(param_4)s, %(param_5)s]) AND pg_catalog.pg_table_is_visible(pg_catalog.pg_class.oid) AND pg_catalog.pg_namespace.nspname != %(nspname_1)s
2026-08-25 17:31:45,927 | INFO | [cached since 0.003806s ago] {'table_name': 'clientes', 'param_1': 'r', 'param_2': 'p', 'param_3': 'f', 'param_4': 'v', 'param_5': 'm', 'nspname_1': 'pg_catalog'}
2026-08-25 17:31:45,928 | INFO | SELECT pg_catalog.pg_class.relname 
FROM pg_catalog.pg_class JOIN pg_catalog.pg_namespace ON pg_catalog.pg_namespace.oid = pg_catalog.pg_class.relnamespace 
WHERE pg_catalog.pg_class.relname = %(table_name)s AND pg_catalog.pg_class.relkind = ANY (ARRAY[%(param_1)s, %(param_2)s, %(param_3)s, %(param_4)s, %(param_5)s]) AND pg_catalog.pg_table_is_visible(pg_catalog.pg_class.oid) AND pg_catalog.pg_namespace.nspname != %(nspname_1)s
2026-08-25 17:31:45,928 | INFO | [cached since 0.004841s ago] {'table_name': 'pedidos', 'param_1': 'r', 'param_2': 'p', 'param_3': 'f', 'param_4': 'v', 'param_5': 'm', 'nspname_1': 'pg_catalog'}
2026-08-25 17:31:45,929 | INFO | SELECT pg_catalog.pg_class.relname 
FROM pg_catalog.pg_class JOIN pg_catalog.pg_namespace ON pg_catalog.pg_namespace.oid = pg_catalog.pg_class.relnamespace 
WHERE pg_catalog.pg_class.relname = %(table_name)s AND pg_catalog.pg_class.relkind = ANY (ARRAY[%(param_1)s, %(param_2)s, %(param_3)s, %(param_4)s, %(param_5)s]) AND pg_catalog.pg_table_is_visible(pg_catalog.pg_class.oid) AND pg_catalog.pg_namespace.nspname != %(nspname_1)s
2026-08-25 17:31:45,929 | INFO | [cached since 0.005879s ago] {'table_name': 'detalles_pedido', 'param_1': 'r', 'param_2': 'p', 'param_3': 'f', 'param_4': 'v', 'param_5': 'm', 'nspname_1': 'pg_catalog'}
2026-08-25 17:31:45,930 | INFO | SELECT pg_catalog.pg_class.relname 
FROM pg_catalog.pg_class JOIN pg_catalog.pg_namespace ON pg_catalog.pg_namespace.oid = pg_catalog.pg_class.relnamespace 
WHERE pg_catalog.pg_class.relname = %(table_name)s AND pg_catalog.pg_class.relkind = ANY (ARRAY[%(param_1)s, %(param_2)s, %(param_3)s, %(param_4)s, %(param_5)s]) AND pg_catalog.pg_table_is_visible(pg_catalog.pg_class.oid) AND pg_catalog.pg_namespace.nspname != %(nspname_1)s
2026-08-25 17:31:45,931 | INFO | [cached since 0.006917s ago] {'table_name': 'productos', 'param_1': 'r', 'param_2': 'p', 'param_3': 'f', 'param_4': 'v', 'param_5': 'm', 'nspname_1': 'pg_catalog'}
2026-08-25 17:31:45,931 | INFO | SELECT pg_catalog.pg_class.relname 
FROM pg_catalog.pg_class JOIN pg_catalog.pg_namespace ON pg_catalog.pg_namespace.oid = pg_catalog.pg_class.relnamespace 
WHERE pg_catalog.pg_class.relname = %(table_name)s AND pg_catalog.pg_class.relkind = ANY (ARRAY[%(param_1)s, %(param_2)s, %(param_3)s, %(param_4)s, %(param_5)s]) AND pg_catalog.pg_table_is_visible(pg_catalog.pg_class.oid) AND pg_catalog.pg_namespace.nspname != %(nspname_1)s
2026-08-25 17:31:45,931 | INFO | [cached since 0.007782s ago] {'table_name': 'comandas', 'param_1': 'r', 'param_2': 'p', 'param_3': 'f', 'param_4': 'v', 'param_5': 'm', 'nspname_1': 'pg_catalog'}
2026-08-25 17:31:45,932 | INFO | SELECT pg_catalog.pg_class.relname 
FROM pg_catalog.pg_class JOIN pg_catalog.pg_namespace ON pg_catalog.pg_namespace.oid = pg_catalog.pg_class.relnamespace 
WHERE pg_catalog.pg_class.relname = %(table_name)s AND pg_catalog.pg_class.relkind = ANY (ARRAY[%(param_1)s, %(param_2)s, %(param_3)s, %(param_4)s, %(param_5)s]) AND pg_catalog.pg_table_is_visible(pg_catalog.pg_class.oid) AND pg_catalog.pg_namespace.nspname != %(nspname_1)s
2026-08-25 17:31:45,932 | INFO | [cached since 0.008621s ago] {'table_name': 'pagos', 'param_1': 'r', 'param_2': 'p', 'param_3': 'f', 'param_4': 'v', 'param_5': 'm', 'nspname_1': 'pg_catalog'}
2026-08-25 17:31:45,933 | INFO | SELECT pg_catalog.pg_class.relname 
FROM pg_catalog.pg_class JOIN pg_catalog.pg_namespace ON pg_catalog.pg_namespace.oid = pg_catalog.pg_class.relnamespace 
WHERE pg_catalog.pg_class.relname = %(table_name)s AND pg_catalog.pg_class.relkind = ANY (ARRAY[%(param_1)s, %(param_2)s, %(param_3)s, %(param_4)s, %(param_5)s]) AND pg_catalog.pg_table_is_visible(pg_catalog.pg_class.oid) AND pg_catalog.pg_namespace.nspname != %(nspname_1)s
2026-08-25 17:31:45,933 | INFO | [cached since 0.009593s ago] {'table_name': 'usuarios', 'param_1': 'r', 'param_2': 'p', 'param_3': 'f', 'param_4': 'v', 'param_5': 'm', 'nspname_1': 'pg_catalog'}
2026-08-25 17:31:45,934 | INFO | SELECT pg_catalog.pg_class.relname 
FROM pg_catalog.pg_class JOIN pg_catalog.pg_namespace ON pg_catalog.pg_namespace.oid = pg_catalog.pg_class.relnamespace 
WHERE pg_catalog.pg_class.relname = %(table_name)s AND pg_catalog.pg_class.relkind = ANY (ARRAY[%(param_1)s, %(param_2)s, %(param_3)s, %(param_4)s, %(param_5)s]) AND pg_catalog.pg_table_is_visible(pg_catalog.pg_class.oid) AND pg_catalog.pg_namespace.nspname != %(nspname_1)s
2026-08-25 17:31:45,934 | INFO | [cached since 0.01048s ago] {'table_name': 'cuentas_credito', 'param_1': 'r', 'param_2': 'p', 'param_3': 'f', 'param_4': 'v', 'param_5': 'm', 'nspname_1': 'pg_catalog'}
2026-08-25 17:31:45,935 | INFO | SELECT pg_catalog.pg_class.relname 
FROM pg_catalog.pg_class JOIN pg_catalog.pg_namespace ON pg_catalog.pg_namespace.oid = pg_catalog.pg_class.relnamespace 
WHERE pg_catalog.pg_class.relname = %(table_name)s AND pg_catalog.pg_class.relkind = ANY (ARRAY[%(param_1)s, %(param_2)s, %(param_3)s, %(param_4)s, %(param_5)s]) AND pg_catalog.pg_table_is_visible(pg_catalog.pg_class.oid) AND pg_catalog.pg_namespace.nspname != %(nspname_1)s
2026-08-25 17:31:45,935 | INFO | [cached since 0.01129s ago] {'table_name': 'movimientos_credito', 'param_1': 'r', 'param_2': 'p', 'param_3': 'f', 'param_4': 'v', 'param_5': 'm', 'nspname_1': 'pg_catalog'}
2026-08-25 17:31:45,936 | INFO | COMMIT
2026-08-25 17:33:00,802 | INFO | SINGLETON: Inicializando el pool de conexiones único hacia PostgreSQL.
2026-08-25 17:33:00,803 | INFO | INFRAESTRUCTURA: Verificando y creando el esquema de tablas del MVP.
2026-08-25 17:33:00,859 | INFO | select pg_catalog.version()
2026-08-25 17:33:00,860 | INFO | [raw sql] {}
2026-08-25 17:33:00,861 | INFO | select current_schema()
2026-08-25 17:33:00,861 | INFO | [raw sql] {}
2026-08-25 17:33:00,862 | INFO | show standard_conforming_strings
2026-08-25 17:33:00,863 | INFO | [raw sql] {}
2026-08-25 17:33:00,864 | INFO | BEGIN (implicit)
2026-08-25 17:33:00,866 | INFO | SELECT pg_catalog.pg_class.relname 
FROM pg_catalog.pg_class JOIN pg_catalog.pg_namespace ON pg_catalog.pg_namespace.oid = pg_catalog.pg_class.relnamespace 
WHERE pg_catalog.pg_class.relname = %(table_name)s AND pg_catalog.pg_class.relkind = ANY (ARRAY[%(param_1)s, %(param_2)s, %(param_3)s, %(param_4)s, %(param_5)s]) AND pg_catalog.pg_table_is_visible(pg_catalog.pg_class.oid) AND pg_catalog.pg_namespace.nspname != %(nspname_1)s
2026-08-25 17:33:00,866 | INFO | [generated in 0.00026s] {'table_name': 'sucursales', 'param_1': 'r', 'param_2': 'p', 'param_3': 'f', 'param_4': 'v', 'param_5': 'm', 'nspname_1': 'pg_catalog'}
2026-08-25 17:33:00,869 | INFO | SELECT pg_catalog.pg_class.relname 
FROM pg_catalog.pg_class JOIN pg_catalog.pg_namespace ON pg_catalog.pg_namespace.oid = pg_catalog.pg_class.relnamespace 
WHERE pg_catalog.pg_class.relname = %(table_name)s AND pg_catalog.pg_class.relkind = ANY (ARRAY[%(param_1)s, %(param_2)s, %(param_3)s, %(param_4)s, %(param_5)s]) AND pg_catalog.pg_table_is_visible(pg_catalog.pg_class.oid) AND pg_catalog.pg_namespace.nspname != %(nspname_1)s
2026-08-25 17:33:00,869 | INFO | [cached since 0.003009s ago] {'table_name': 'mesas', 'param_1': 'r', 'param_2': 'p', 'param_3': 'f', 'param_4': 'v', 'param_5': 'm', 'nspname_1': 'pg_catalog'}
2026-08-25 17:33:00,870 | INFO | SELECT pg_catalog.pg_class.relname 
FROM pg_catalog.pg_class JOIN pg_catalog.pg_namespace ON pg_catalog.pg_namespace.oid = pg_catalog.pg_class.relnamespace 
WHERE pg_catalog.pg_class.relname = %(table_name)s AND pg_catalog.pg_class.relkind = ANY (ARRAY[%(param_1)s, %(param_2)s, %(param_3)s, %(param_4)s, %(param_5)s]) AND pg_catalog.pg_table_is_visible(pg_catalog.pg_class.oid) AND pg_catalog.pg_namespace.nspname != %(nspname_1)s
2026-08-25 17:33:00,870 | INFO | [cached since 0.003891s ago] {'table_name': 'clientes', 'param_1': 'r', 'param_2': 'p', 'param_3': 'f', 'param_4': 'v', 'param_5': 'm', 'nspname_1': 'pg_catalog'}
2026-08-25 17:33:00,871 | INFO | SELECT pg_catalog.pg_class.relname 
FROM pg_catalog.pg_class JOIN pg_catalog.pg_namespace ON pg_catalog.pg_namespace.oid = pg_catalog.pg_class.relnamespace 
WHERE pg_catalog.pg_class.relname = %(table_name)s AND pg_catalog.pg_class.relkind = ANY (ARRAY[%(param_1)s, %(param_2)s, %(param_3)s, %(param_4)s, %(param_5)s]) AND pg_catalog.pg_table_is_visible(pg_catalog.pg_class.oid) AND pg_catalog.pg_namespace.nspname != %(nspname_1)s
2026-08-25 17:33:00,871 | INFO | [cached since 0.004765s ago] {'table_name': 'pedidos', 'param_1': 'r', 'param_2': 'p', 'param_3': 'f', 'param_4': 'v', 'param_5': 'm', 'nspname_1': 'pg_catalog'}
2026-08-25 17:33:00,872 | INFO | SELECT pg_catalog.pg_class.relname 
FROM pg_catalog.pg_class JOIN pg_catalog.pg_namespace ON pg_catalog.pg_namespace.oid = pg_catalog.pg_class.relnamespace 
WHERE pg_catalog.pg_class.relname = %(table_name)s AND pg_catalog.pg_class.relkind = ANY (ARRAY[%(param_1)s, %(param_2)s, %(param_3)s, %(param_4)s, %(param_5)s]) AND pg_catalog.pg_table_is_visible(pg_catalog.pg_class.oid) AND pg_catalog.pg_namespace.nspname != %(nspname_1)s
2026-08-25 17:33:00,872 | INFO | [cached since 0.00554s ago] {'table_name': 'detalles_pedido', 'param_1': 'r', 'param_2': 'p', 'param_3': 'f', 'param_4': 'v', 'param_5': 'm', 'nspname_1': 'pg_catalog'}
2026-08-25 17:33:00,872 | INFO | SELECT pg_catalog.pg_class.relname 
FROM pg_catalog.pg_class JOIN pg_catalog.pg_namespace ON pg_catalog.pg_namespace.oid = pg_catalog.pg_class.relnamespace 
WHERE pg_catalog.pg_class.relname = %(table_name)s AND pg_catalog.pg_class.relkind = ANY (ARRAY[%(param_1)s, %(param_2)s, %(param_3)s, %(param_4)s, %(param_5)s]) AND pg_catalog.pg_table_is_visible(pg_catalog.pg_class.oid) AND pg_catalog.pg_namespace.nspname != %(nspname_1)s
2026-08-25 17:33:00,873 | INFO | [cached since 0.00634s ago] {'table_name': 'productos', 'param_1': 'r', 'param_2': 'p', 'param_3': 'f', 'param_4': 'v', 'param_5': 'm', 'nspname_1': 'pg_catalog'}
2026-08-25 17:33:00,873 | INFO | SELECT pg_catalog.pg_class.relname 
FROM pg_catalog.pg_class JOIN pg_catalog.pg_namespace ON pg_catalog.pg_namespace.oid = pg_catalog.pg_class.relnamespace 
WHERE pg_catalog.pg_class.relname = %(table_name)s AND pg_catalog.pg_class.relkind = ANY (ARRAY[%(param_1)s, %(param_2)s, %(param_3)s, %(param_4)s, %(param_5)s]) AND pg_catalog.pg_table_is_visible(pg_catalog.pg_class.oid) AND pg_catalog.pg_namespace.nspname != %(nspname_1)s
2026-08-25 17:33:00,873 | INFO | [cached since 0.007128s ago] {'table_name': 'comandas', 'param_1': 'r', 'param_2': 'p', 'param_3': 'f', 'param_4': 'v', 'param_5': 'm', 'nspname_1': 'pg_catalog'}
2026-08-25 17:33:00,874 | INFO | SELECT pg_catalog.pg_class.relname 
FROM pg_catalog.pg_class JOIN pg_catalog.pg_namespace ON pg_catalog.pg_namespace.oid = pg_catalog.pg_class.relnamespace 
WHERE pg_catalog.pg_class.relname = %(table_name)s AND pg_catalog.pg_class.relkind = ANY (ARRAY[%(param_1)s, %(param_2)s, %(param_3)s, %(param_4)s, %(param_5)s]) AND pg_catalog.pg_table_is_visible(pg_catalog.pg_class.oid) AND pg_catalog.pg_namespace.nspname != %(nspname_1)s
2026-08-25 17:33:00,874 | INFO | [cached since 0.007946s ago] {'table_name': 'pagos', 'param_1': 'r', 'param_2': 'p', 'param_3': 'f', 'param_4': 'v', 'param_5': 'm', 'nspname_1': 'pg_catalog'}
2026-08-25 17:33:00,875 | INFO | SELECT pg_catalog.pg_class.relname 
FROM pg_catalog.pg_class JOIN pg_catalog.pg_namespace ON pg_catalog.pg_namespace.oid = pg_catalog.pg_class.relnamespace 
WHERE pg_catalog.pg_class.relname = %(table_name)s AND pg_catalog.pg_class.relkind = ANY (ARRAY[%(param_1)s, %(param_2)s, %(param_3)s, %(param_4)s, %(param_5)s]) AND pg_catalog.pg_table_is_visible(pg_catalog.pg_class.oid) AND pg_catalog.pg_namespace.nspname != %(nspname_1)s
2026-08-25 17:33:00,875 | INFO | [cached since 0.008776s ago] {'table_name': 'usuarios', 'param_1': 'r', 'param_2': 'p', 'param_3': 'f', 'param_4': 'v', 'param_5': 'm', 'nspname_1': 'pg_catalog'}
2026-08-25 17:33:00,875 | INFO | SELECT pg_catalog.pg_class.relname 
FROM pg_catalog.pg_class JOIN pg_catalog.pg_namespace ON pg_catalog.pg_namespace.oid = pg_catalog.pg_class.relnamespace 
WHERE pg_catalog.pg_class.relname = %(table_name)s AND pg_catalog.pg_class.relkind = ANY (ARRAY[%(param_1)s, %(param_2)s, %(param_3)s, %(param_4)s, %(param_5)s]) AND pg_catalog.pg_table_is_visible(pg_catalog.pg_class.oid) AND pg_catalog.pg_namespace.nspname != %(nspname_1)s
2026-08-25 17:33:00,876 | INFO | [cached since 0.009454s ago] {'table_name': 'cuentas_credito', 'param_1': 'r', 'param_2': 'p', 'param_3': 'f', 'param_4': 'v', 'param_5': 'm', 'nspname_1': 'pg_catalog'}
2026-08-25 17:33:00,876 | INFO | SELECT pg_catalog.pg_class.relname 
FROM pg_catalog.pg_class JOIN pg_catalog.pg_namespace ON pg_catalog.pg_namespace.oid = pg_catalog.pg_class.relnamespace 
WHERE pg_catalog.pg_class.relname = %(table_name)s AND pg_catalog.pg_class.relkind = ANY (ARRAY[%(param_1)s, %(param_2)s, %(param_3)s, %(param_4)s, %(param_5)s]) AND pg_catalog.pg_table_is_visible(pg_catalog.pg_class.oid) AND pg_catalog.pg_namespace.nspname != %(nspname_1)s
2026-08-25 17:33:00,876 | INFO | [cached since 0.01012s ago] {'table_name': 'movimientos_credito', 'param_1': 'r', 'param_2': 'p', 'param_3': 'f', 'param_4': 'v', 'param_5': 'm', 'nspname_1': 'pg_catalog'}
2026-08-25 17:33:00,877 | INFO | COMMIT
2026-08-25 17:33:06,665 | INFO | BEGIN (implicit)
2026-08-25 17:33:06,668 | INFO | SELECT productos.id AS productos_id, productos.nombre AS productos_nombre, productos.precio AS productos_precio, productos."UsuarioCreacion" AS "productos_UsuarioCreacion", productos."FechaCreacion" AS "productos_FechaCreacion", productos."UsuarioModificacion" AS "productos_UsuarioModificacion", productos."FechaModificacion" AS "productos_FechaModificacion", productos."EstadoTupla" AS "productos_EstadoTupla" 
FROM productos 
WHERE productos."EstadoTupla" = true
2026-08-25 17:33:06,669 | INFO | [generated in 0.00058s] {}
2026-08-25 17:33:15,192 | INFO | BEGIN (implicit)
2026-08-25 17:33:15,192 | INFO | SELECT productos.id AS productos_id, productos.nombre AS productos_nombre, productos.precio AS productos_precio, productos."UsuarioCreacion" AS "productos_UsuarioCreacion", productos."FechaCreacion" AS "productos_FechaCreacion", productos."UsuarioModificacion" AS "productos_UsuarioModificacion", productos."FechaModificacion" AS "productos_FechaModificacion", productos."EstadoTupla" AS "productos_EstadoTupla" 
FROM productos 
WHERE productos."EstadoTupla" = true
2026-08-25 17:33:15,192 | INFO | [cached since 8.524s ago] {}
2026-08-25 17:33:19,000 | INFO | BEGIN (implicit)
2026-08-25 17:33:19,001 | INFO | SELECT productos.id AS productos_id, productos.nombre AS productos_nombre, productos.precio AS productos_precio, productos."UsuarioCreacion" AS "productos_UsuarioCreacion", productos."FechaCreacion" AS "productos_FechaCreacion", productos."UsuarioModificacion" AS "productos_UsuarioModificacion", productos."FechaModificacion" AS "productos_FechaModificacion", productos."EstadoTupla" AS "productos_EstadoTupla" 
FROM productos 
WHERE productos."EstadoTupla" = true
2026-08-25 17:33:19,001 | INFO | [cached since 12.33s ago] {}
2026-08-25 17:33:21,433 | INFO | BEGIN (implicit)
2026-08-25 17:33:21,434 | INFO | SELECT productos.id AS productos_id, productos.nombre AS productos_nombre, productos.precio AS productos_precio, productos."UsuarioCreacion" AS "productos_UsuarioCreacion", productos."FechaCreacion" AS "productos_FechaCreacion", productos."UsuarioModificacion" AS "productos_UsuarioModificacion", productos."FechaModificacion" AS "productos_FechaModificacion", productos."EstadoTupla" AS "productos_EstadoTupla" 
FROM productos 
WHERE productos."EstadoTupla" = true
2026-08-25 17:33:21,434 | INFO | [cached since 14.77s ago] {}
2026-08-25 17:33:49,601 | INFO | BEGIN (implicit)
2026-08-25 17:33:49,602 | INFO | SELECT productos.id AS productos_id, productos.nombre AS productos_nombre, productos.precio AS productos_precio, productos."UsuarioCreacion" AS "productos_UsuarioCreacion", productos."FechaCreacion" AS "productos_FechaCreacion", productos."UsuarioModificacion" AS "productos_UsuarioModificacion", productos."FechaModificacion" AS "productos_FechaModificacion", productos."EstadoTupla" AS "productos_EstadoTupla" 
FROM productos 
WHERE productos."EstadoTupla" = true
2026-08-25 17:33:49,602 | INFO | [cached since 42.93s ago] {}
2026-08-25 17:33:59,815 | INFO | BEGIN (implicit)
2026-08-25 17:33:59,819 | INFO | INSERT INTO productos (nombre, precio, "UsuarioCreacion", "FechaCreacion", "UsuarioModificacion", "FechaModificacion", "EstadoTupla") VALUES (%(nombre)s, %(precio)s, %(UsuarioCreacion)s, %(FechaCreacion)s, %(UsuarioModificacion)s, %(FechaModificacion)s, %(EstadoTupla)s) RETURNING productos.id
2026-08-25 17:33:59,819 | INFO | [generated in 0.00031s] {'nombre': 'Producto 4', 'precio': 4000.0, 'UsuarioCreacion': 'admin', 'FechaCreacion': datetime.datetime(2026, 8, 25, 21, 33, 59, 819417, tzinfo=datetime.timezone.utc), 'UsuarioModificacion': None, 'FechaModificacion': None, 'EstadoTupla': True}
2026-08-25 17:33:59,822 | INFO | ROLLBACK
2026-08-25 17:34:26,383 | INFO | BEGIN (implicit)
2026-08-25 17:34:26,384 | INFO | INSERT INTO productos (nombre, precio, "UsuarioCreacion", "FechaCreacion", "UsuarioModificacion", "FechaModificacion", "EstadoTupla") VALUES (%(nombre)s, %(precio)s, %(UsuarioCreacion)s, %(FechaCreacion)s, %(UsuarioModificacion)s, %(FechaModificacion)s, %(EstadoTupla)s) RETURNING productos.id
2026-08-25 17:34:26,384 | INFO | [cached since 26.56s ago] {'nombre': 'Producto 6', 'precio': 6000.0, 'UsuarioCreacion': 'admin', 'FechaCreacion': datetime.datetime(2026, 8, 25, 21, 34, 26, 384115, tzinfo=datetime.timezone.utc), 'UsuarioModificacion': None, 'FechaModificacion': None, 'EstadoTupla': True}
2026-08-25 17:34:26,385 | INFO | ROLLBACK
2026-08-25 17:34:31,572 | INFO | BEGIN (implicit)
2026-08-25 17:34:31,572 | INFO | INSERT INTO productos (nombre, precio, "UsuarioCreacion", "FechaCreacion", "UsuarioModificacion", "FechaModificacion", "EstadoTupla") VALUES (%(nombre)s, %(precio)s, %(UsuarioCreacion)s, %(FechaCreacion)s, %(UsuarioModificacion)s, %(FechaModificacion)s, %(EstadoTupla)s) RETURNING productos.id
2026-08-25 17:34:31,573 | INFO | [cached since 31.75s ago] {'nombre': 'Producto 6', 'precio': 6000.0, 'UsuarioCreacion': 'admin', 'FechaCreacion': datetime.datetime(2026, 8, 25, 21, 34, 31, 572943, tzinfo=datetime.timezone.utc), 'UsuarioModificacion': None, 'FechaModificacion': None, 'EstadoTupla': True}
2026-08-25 17:34:31,574 | INFO | ROLLBACK
2026-08-25 17:34:31,750 | INFO | BEGIN (implicit)
2026-08-25 17:34:31,751 | INFO | INSERT INTO productos (nombre, precio, "UsuarioCreacion", "FechaCreacion", "UsuarioModificacion", "FechaModificacion", "EstadoTupla") VALUES (%(nombre)s, %(precio)s, %(UsuarioCreacion)s, %(FechaCreacion)s, %(UsuarioModificacion)s, %(FechaModificacion)s, %(EstadoTupla)s) RETURNING productos.id
2026-08-25 17:34:31,751 | INFO | [cached since 31.93s ago] {'nombre': 'Producto 6', 'precio': 6000.0, 'UsuarioCreacion': 'admin', 'FechaCreacion': datetime.datetime(2026, 8, 25, 21, 34, 31, 751002, tzinfo=datetime.timezone.utc), 'UsuarioModificacion': None, 'FechaModificacion': None, 'EstadoTupla': True}
2026-08-25 17:34:31,752 | INFO | ROLLBACK
2026-08-25 17:34:31,965 | INFO | BEGIN (implicit)
2026-08-25 17:34:31,965 | INFO | INSERT INTO productos (nombre, precio, "UsuarioCreacion", "FechaCreacion", "UsuarioModificacion", "FechaModificacion", "EstadoTupla") VALUES (%(nombre)s, %(precio)s, %(UsuarioCreacion)s, %(FechaCreacion)s, %(UsuarioModificacion)s, %(FechaModificacion)s, %(EstadoTupla)s) RETURNING productos.id
2026-08-25 17:34:31,966 | INFO | [cached since 32.15s ago] {'nombre': 'Producto 6', 'precio': 6000.0, 'UsuarioCreacion': 'admin', 'FechaCreacion': datetime.datetime(2026, 8, 25, 21, 34, 31, 965927, tzinfo=datetime.timezone.utc), 'UsuarioModificacion': None, 'FechaModificacion': None, 'EstadoTupla': True}
2026-08-25 17:34:31,967 | INFO | ROLLBACK
2026-08-25 17:34:41,516 | INFO | BEGIN (implicit)
2026-08-25 17:34:41,517 | INFO | SELECT productos.id AS productos_id, productos.nombre AS productos_nombre, productos.precio AS productos_precio, productos."UsuarioCreacion" AS "productos_UsuarioCreacion", productos."FechaCreacion" AS "productos_FechaCreacion", productos."UsuarioModificacion" AS "productos_UsuarioModificacion", productos."FechaModificacion" AS "productos_FechaModificacion", productos."EstadoTupla" AS "productos_EstadoTupla" 
FROM productos 
WHERE productos.id = %(id_1)s 
 LIMIT %(param_1)s
2026-08-25 17:34:41,518 | INFO | [generated in 0.00036s] {'id_1': 5, 'param_1': 1}
2026-08-25 17:34:53,238 | INFO | BEGIN (implicit)
2026-08-25 17:34:53,239 | INFO | SELECT usuarios.id_usuario AS usuarios_id_usuario, usuarios.username AS usuarios_username, usuarios.password_hashed AS usuarios_password_hashed, usuarios."UsuarioCreacion" AS "usuarios_UsuarioCreacion", usuarios."FechaCreacion" AS "usuarios_FechaCreacion", usuarios."UsuarioModificacion" AS "usuarios_UsuarioModificacion", usuarios."FechaModificacion" AS "usuarios_FechaModificacion", usuarios."EstadoTupla" AS "usuarios_EstadoTupla" 
FROM usuarios 
WHERE usuarios.username = %(username_1)s AND usuarios."EstadoTupla" = true 
 LIMIT %(param_1)s
2026-08-25 17:34:53,240 | INFO | [generated in 0.00039s] {'username_1': 'admin', 'param_1': 1}
2026-08-25 17:34:53,252 | INFO | BEGIN (implicit)
2026-08-25 17:34:53,252 | INFO | SELECT productos.id AS productos_id, productos.nombre AS productos_nombre, productos.precio AS productos_precio, productos."UsuarioCreacion" AS "productos_UsuarioCreacion", productos."FechaCreacion" AS "productos_FechaCreacion", productos."UsuarioModificacion" AS "productos_UsuarioModificacion", productos."FechaModificacion" AS "productos_FechaModificacion", productos."EstadoTupla" AS "productos_EstadoTupla" 
FROM productos 
WHERE productos."EstadoTupla" = true
2026-08-25 17:34:53,252 | INFO | [cached since 106.6s ago] {}
2026-08-25 17:34:55,718 | INFO | BEGIN (implicit)
2026-08-25 17:34:55,718 | INFO | SELECT productos.id AS productos_id, productos.nombre AS productos_nombre, productos.precio AS productos_precio, productos."UsuarioCreacion" AS "productos_UsuarioCreacion", productos."FechaCreacion" AS "productos_FechaCreacion", productos."UsuarioModificacion" AS "productos_UsuarioModificacion", productos."FechaModificacion" AS "productos_FechaModificacion", productos."EstadoTupla" AS "productos_EstadoTupla" 
FROM productos 
WHERE productos."EstadoTupla" = true
2026-08-25 17:34:55,718 | INFO | [cached since 109.1s ago] {}
2026-08-25 17:35:00,491 | INFO | BEGIN (implicit)
2026-08-25 17:35:00,492 | INFO | SELECT productos.id AS productos_id, productos.nombre AS productos_nombre, productos.precio AS productos_precio, productos."UsuarioCreacion" AS "productos_UsuarioCreacion", productos."FechaCreacion" AS "productos_FechaCreacion", productos."UsuarioModificacion" AS "productos_UsuarioModificacion", productos."FechaModificacion" AS "productos_FechaModificacion", productos."EstadoTupla" AS "productos_EstadoTupla" 
FROM productos 
WHERE productos.id = %(id_1)s 
 LIMIT %(param_1)s
2026-08-25 17:35:00,492 | INFO | [cached since 18.97s ago] {'id_1': 1, 'param_1': 1}
2026-08-25 17:40:24,637 | INFO | SINGLETON: Inicializando el pool de conexiones único hacia PostgreSQL.
2026-08-25 17:40:24,638 | INFO | INFRAESTRUCTURA: Verificando y creando el esquema de tablas del MVP.
2026-08-25 17:40:24,701 | INFO | select pg_catalog.version()
2026-08-25 17:40:24,701 | INFO | [raw sql] {}
2026-08-25 17:40:24,702 | INFO | select current_schema()
2026-08-25 17:40:24,703 | INFO | [raw sql] {}
2026-08-25 17:40:24,703 | INFO | show standard_conforming_strings
2026-08-25 17:40:24,704 | INFO | [raw sql] {}
2026-08-25 17:40:24,704 | INFO | BEGIN (implicit)
2026-08-25 17:40:24,707 | INFO | SELECT pg_catalog.pg_class.relname 
FROM pg_catalog.pg_class JOIN pg_catalog.pg_namespace ON pg_catalog.pg_namespace.oid = pg_catalog.pg_class.relnamespace 
WHERE pg_catalog.pg_class.relname = %(table_name)s AND pg_catalog.pg_class.relkind = ANY (ARRAY[%(param_1)s, %(param_2)s, %(param_3)s, %(param_4)s, %(param_5)s]) AND pg_catalog.pg_table_is_visible(pg_catalog.pg_class.oid) AND pg_catalog.pg_namespace.nspname != %(nspname_1)s
2026-08-25 17:40:24,708 | INFO | [generated in 0.00036s] {'table_name': 'sucursales', 'param_1': 'r', 'param_2': 'p', 'param_3': 'f', 'param_4': 'v', 'param_5': 'm', 'nspname_1': 'pg_catalog'}
2026-08-25 17:40:24,710 | INFO | SELECT pg_catalog.pg_class.relname 
FROM pg_catalog.pg_class JOIN pg_catalog.pg_namespace ON pg_catalog.pg_namespace.oid = pg_catalog.pg_class.relnamespace 
WHERE pg_catalog.pg_class.relname = %(table_name)s AND pg_catalog.pg_class.relkind = ANY (ARRAY[%(param_1)s, %(param_2)s, %(param_3)s, %(param_4)s, %(param_5)s]) AND pg_catalog.pg_table_is_visible(pg_catalog.pg_class.oid) AND pg_catalog.pg_namespace.nspname != %(nspname_1)s
2026-08-25 17:40:24,710 | INFO | [cached since 0.002718s ago] {'table_name': 'mesas', 'param_1': 'r', 'param_2': 'p', 'param_3': 'f', 'param_4': 'v', 'param_5': 'm', 'nspname_1': 'pg_catalog'}
2026-08-25 17:40:24,711 | INFO | SELECT pg_catalog.pg_class.relname 
FROM pg_catalog.pg_class JOIN pg_catalog.pg_namespace ON pg_catalog.pg_namespace.oid = pg_catalog.pg_class.relnamespace 
WHERE pg_catalog.pg_class.relname = %(table_name)s AND pg_catalog.pg_class.relkind = ANY (ARRAY[%(param_1)s, %(param_2)s, %(param_3)s, %(param_4)s, %(param_5)s]) AND pg_catalog.pg_table_is_visible(pg_catalog.pg_class.oid) AND pg_catalog.pg_namespace.nspname != %(nspname_1)s
2026-08-25 17:40:24,711 | INFO | [cached since 0.003812s ago] {'table_name': 'clientes', 'param_1': 'r', 'param_2': 'p', 'param_3': 'f', 'param_4': 'v', 'param_5': 'm', 'nspname_1': 'pg_catalog'}
2026-08-25 17:40:24,712 | INFO | SELECT pg_catalog.pg_class.relname 
FROM pg_catalog.pg_class JOIN pg_catalog.pg_namespace ON pg_catalog.pg_namespace.oid = pg_catalog.pg_class.relnamespace 
WHERE pg_catalog.pg_class.relname = %(table_name)s AND pg_catalog.pg_class.relkind = ANY (ARRAY[%(param_1)s, %(param_2)s, %(param_3)s, %(param_4)s, %(param_5)s]) AND pg_catalog.pg_table_is_visible(pg_catalog.pg_class.oid) AND pg_catalog.pg_namespace.nspname != %(nspname_1)s
2026-08-25 17:40:24,712 | INFO | [cached since 0.004929s ago] {'table_name': 'pedidos', 'param_1': 'r', 'param_2': 'p', 'param_3': 'f', 'param_4': 'v', 'param_5': 'm', 'nspname_1': 'pg_catalog'}
2026-08-25 17:40:24,713 | INFO | SELECT pg_catalog.pg_class.relname 
FROM pg_catalog.pg_class JOIN pg_catalog.pg_namespace ON pg_catalog.pg_namespace.oid = pg_catalog.pg_class.relnamespace 
WHERE pg_catalog.pg_class.relname = %(table_name)s AND pg_catalog.pg_class.relkind = ANY (ARRAY[%(param_1)s, %(param_2)s, %(param_3)s, %(param_4)s, %(param_5)s]) AND pg_catalog.pg_table_is_visible(pg_catalog.pg_class.oid) AND pg_catalog.pg_namespace.nspname != %(nspname_1)s
2026-08-25 17:40:24,713 | INFO | [cached since 0.005912s ago] {'table_name': 'detalles_pedido', 'param_1': 'r', 'param_2': 'p', 'param_3': 'f', 'param_4': 'v', 'param_5': 'm', 'nspname_1': 'pg_catalog'}
2026-08-25 17:40:24,714 | INFO | SELECT pg_catalog.pg_class.relname 
FROM pg_catalog.pg_class JOIN pg_catalog.pg_namespace ON pg_catalog.pg_namespace.oid = pg_catalog.pg_class.relnamespace 
WHERE pg_catalog.pg_class.relname = %(table_name)s AND pg_catalog.pg_class.relkind = ANY (ARRAY[%(param_1)s, %(param_2)s, %(param_3)s, %(param_4)s, %(param_5)s]) AND pg_catalog.pg_table_is_visible(pg_catalog.pg_class.oid) AND pg_catalog.pg_namespace.nspname != %(nspname_1)s
2026-08-25 17:40:24,714 | INFO | [cached since 0.006795s ago] {'table_name': 'productos', 'param_1': 'r', 'param_2': 'p', 'param_3': 'f', 'param_4': 'v', 'param_5': 'm', 'nspname_1': 'pg_catalog'}
2026-08-25 17:40:24,715 | INFO | SELECT pg_catalog.pg_class.relname 
FROM pg_catalog.pg_class JOIN pg_catalog.pg_namespace ON pg_catalog.pg_namespace.oid = pg_catalog.pg_class.relnamespace 
WHERE pg_catalog.pg_class.relname = %(table_name)s AND pg_catalog.pg_class.relkind = ANY (ARRAY[%(param_1)s, %(param_2)s, %(param_3)s, %(param_4)s, %(param_5)s]) AND pg_catalog.pg_table_is_visible(pg_catalog.pg_class.oid) AND pg_catalog.pg_namespace.nspname != %(nspname_1)s
2026-08-25 17:40:24,715 | INFO | [cached since 0.007484s ago] {'table_name': 'comandas', 'param_1': 'r', 'param_2': 'p', 'param_3': 'f', 'param_4': 'v', 'param_5': 'm', 'nspname_1': 'pg_catalog'}
2026-08-25 17:40:24,715 | INFO | SELECT pg_catalog.pg_class.relname 
FROM pg_catalog.pg_class JOIN pg_catalog.pg_namespace ON pg_catalog.pg_namespace.oid = pg_catalog.pg_class.relnamespace 
WHERE pg_catalog.pg_class.relname = %(table_name)s AND pg_catalog.pg_class.relkind = ANY (ARRAY[%(param_1)s, %(param_2)s, %(param_3)s, %(param_4)s, %(param_5)s]) AND pg_catalog.pg_table_is_visible(pg_catalog.pg_class.oid) AND pg_catalog.pg_namespace.nspname != %(nspname_1)s
2026-08-25 17:40:24,715 | INFO | [cached since 0.008061s ago] {'table_name': 'pagos', 'param_1': 'r', 'param_2': 'p', 'param_3': 'f', 'param_4': 'v', 'param_5': 'm', 'nspname_1': 'pg_catalog'}
2026-08-25 17:40:24,716 | INFO | SELECT pg_catalog.pg_class.relname 
FROM pg_catalog.pg_class JOIN pg_catalog.pg_namespace ON pg_catalog.pg_namespace.oid = pg_catalog.pg_class.relnamespace 
WHERE pg_catalog.pg_class.relname = %(table_name)s AND pg_catalog.pg_class.relkind = ANY (ARRAY[%(param_1)s, %(param_2)s, %(param_3)s, %(param_4)s, %(param_5)s]) AND pg_catalog.pg_table_is_visible(pg_catalog.pg_class.oid) AND pg_catalog.pg_namespace.nspname != %(nspname_1)s
2026-08-25 17:40:24,716 | INFO | [cached since 0.008619s ago] {'table_name': 'usuarios', 'param_1': 'r', 'param_2': 'p', 'param_3': 'f', 'param_4': 'v', 'param_5': 'm', 'nspname_1': 'pg_catalog'}
2026-08-25 17:40:24,716 | INFO | SELECT pg_catalog.pg_class.relname 
FROM pg_catalog.pg_class JOIN pg_catalog.pg_namespace ON pg_catalog.pg_namespace.oid = pg_catalog.pg_class.relnamespace 
WHERE pg_catalog.pg_class.relname = %(table_name)s AND pg_catalog.pg_class.relkind = ANY (ARRAY[%(param_1)s, %(param_2)s, %(param_3)s, %(param_4)s, %(param_5)s]) AND pg_catalog.pg_table_is_visible(pg_catalog.pg_class.oid) AND pg_catalog.pg_namespace.nspname != %(nspname_1)s
2026-08-25 17:40:24,717 | INFO | [cached since 0.009163s ago] {'table_name': 'cuentas_credito', 'param_1': 'r', 'param_2': 'p', 'param_3': 'f', 'param_4': 'v', 'param_5': 'm', 'nspname_1': 'pg_catalog'}
2026-08-25 17:40:24,717 | INFO | SELECT pg_catalog.pg_class.relname 
FROM pg_catalog.pg_class JOIN pg_catalog.pg_namespace ON pg_catalog.pg_namespace.oid = pg_catalog.pg_class.relnamespace 
WHERE pg_catalog.pg_class.relname = %(table_name)s AND pg_catalog.pg_class.relkind = ANY (ARRAY[%(param_1)s, %(param_2)s, %(param_3)s, %(param_4)s, %(param_5)s]) AND pg_catalog.pg_table_is_visible(pg_catalog.pg_class.oid) AND pg_catalog.pg_namespace.nspname != %(nspname_1)s
2026-08-25 17:40:24,717 | INFO | [cached since 0.009733s ago] {'table_name': 'movimientos_credito', 'param_1': 'r', 'param_2': 'p', 'param_3': 'f', 'param_4': 'v', 'param_5': 'm', 'nspname_1': 'pg_catalog'}
2026-08-25 17:40:24,718 | INFO | COMMIT
2026-08-25 17:45:34,852 | INFO | SINGLETON: Inicializando el pool de conexiones único hacia PostgreSQL.
2026-08-25 17:45:34,853 | INFO | INFRAESTRUCTURA: Verificando y creando el esquema de tablas del MVP.
2026-08-25 17:45:34,907 | INFO | select pg_catalog.version()
2026-08-25 17:45:34,907 | INFO | [raw sql] {}
2026-08-25 17:45:34,909 | INFO | select current_schema()
2026-08-25 17:45:34,909 | INFO | [raw sql] {}
2026-08-25 17:45:34,910 | INFO | show standard_conforming_strings
2026-08-25 17:45:34,910 | INFO | [raw sql] {}
2026-08-25 17:45:34,911 | INFO | BEGIN (implicit)
2026-08-25 17:45:34,914 | INFO | SELECT pg_catalog.pg_class.relname 
FROM pg_catalog.pg_class JOIN pg_catalog.pg_namespace ON pg_catalog.pg_namespace.oid = pg_catalog.pg_class.relnamespace 
WHERE pg_catalog.pg_class.relname = %(table_name)s AND pg_catalog.pg_class.relkind = ANY (ARRAY[%(param_1)s, %(param_2)s, %(param_3)s, %(param_4)s, %(param_5)s]) AND pg_catalog.pg_table_is_visible(pg_catalog.pg_class.oid) AND pg_catalog.pg_namespace.nspname != %(nspname_1)s
2026-08-25 17:45:34,914 | INFO | [generated in 0.00036s] {'table_name': 'sucursales', 'param_1': 'r', 'param_2': 'p', 'param_3': 'f', 'param_4': 'v', 'param_5': 'm', 'nspname_1': 'pg_catalog'}
2026-08-25 17:45:34,916 | INFO | SELECT pg_catalog.pg_class.relname 
FROM pg_catalog.pg_class JOIN pg_catalog.pg_namespace ON pg_catalog.pg_namespace.oid = pg_catalog.pg_class.relnamespace 
WHERE pg_catalog.pg_class.relname = %(table_name)s AND pg_catalog.pg_class.relkind = ANY (ARRAY[%(param_1)s, %(param_2)s, %(param_3)s, %(param_4)s, %(param_5)s]) AND pg_catalog.pg_table_is_visible(pg_catalog.pg_class.oid) AND pg_catalog.pg_namespace.nspname != %(nspname_1)s
2026-08-25 17:45:34,917 | INFO | [cached since 0.002658s ago] {'table_name': 'mesas', 'param_1': 'r', 'param_2': 'p', 'param_3': 'f', 'param_4': 'v', 'param_5': 'm', 'nspname_1': 'pg_catalog'}
2026-08-25 17:45:34,917 | INFO | SELECT pg_catalog.pg_class.relname 
FROM pg_catalog.pg_class JOIN pg_catalog.pg_namespace ON pg_catalog.pg_namespace.oid = pg_catalog.pg_class.relnamespace 
WHERE pg_catalog.pg_class.relname = %(table_name)s AND pg_catalog.pg_class.relkind = ANY (ARRAY[%(param_1)s, %(param_2)s, %(param_3)s, %(param_4)s, %(param_5)s]) AND pg_catalog.pg_table_is_visible(pg_catalog.pg_class.oid) AND pg_catalog.pg_namespace.nspname != %(nspname_1)s
2026-08-25 17:45:34,917 | INFO | [cached since 0.003468s ago] {'table_name': 'clientes', 'param_1': 'r', 'param_2': 'p', 'param_3': 'f', 'param_4': 'v', 'param_5': 'm', 'nspname_1': 'pg_catalog'}
2026-08-25 17:45:34,918 | INFO | SELECT pg_catalog.pg_class.relname 
FROM pg_catalog.pg_class JOIN pg_catalog.pg_namespace ON pg_catalog.pg_namespace.oid = pg_catalog.pg_class.relnamespace 
WHERE pg_catalog.pg_class.relname = %(table_name)s AND pg_catalog.pg_class.relkind = ANY (ARRAY[%(param_1)s, %(param_2)s, %(param_3)s, %(param_4)s, %(param_5)s]) AND pg_catalog.pg_table_is_visible(pg_catalog.pg_class.oid) AND pg_catalog.pg_namespace.nspname != %(nspname_1)s
2026-08-25 17:45:34,918 | INFO | [cached since 0.004242s ago] {'table_name': 'pedidos', 'param_1': 'r', 'param_2': 'p', 'param_3': 'f', 'param_4': 'v', 'param_5': 'm', 'nspname_1': 'pg_catalog'}
2026-08-25 17:45:34,919 | INFO | SELECT pg_catalog.pg_class.relname 
FROM pg_catalog.pg_class JOIN pg_catalog.pg_namespace ON pg_catalog.pg_namespace.oid = pg_catalog.pg_class.relnamespace 
WHERE pg_catalog.pg_class.relname = %(table_name)s AND pg_catalog.pg_class.relkind = ANY (ARRAY[%(param_1)s, %(param_2)s, %(param_3)s, %(param_4)s, %(param_5)s]) AND pg_catalog.pg_table_is_visible(pg_catalog.pg_class.oid) AND pg_catalog.pg_namespace.nspname != %(nspname_1)s
2026-08-25 17:45:34,919 | INFO | [cached since 0.005014s ago] {'table_name': 'detalles_pedido', 'param_1': 'r', 'param_2': 'p', 'param_3': 'f', 'param_4': 'v', 'param_5': 'm', 'nspname_1': 'pg_catalog'}
2026-08-25 17:45:34,920 | INFO | SELECT pg_catalog.pg_class.relname 
FROM pg_catalog.pg_class JOIN pg_catalog.pg_namespace ON pg_catalog.pg_namespace.oid = pg_catalog.pg_class.relnamespace 
WHERE pg_catalog.pg_class.relname = %(table_name)s AND pg_catalog.pg_class.relkind = ANY (ARRAY[%(param_1)s, %(param_2)s, %(param_3)s, %(param_4)s, %(param_5)s]) AND pg_catalog.pg_table_is_visible(pg_catalog.pg_class.oid) AND pg_catalog.pg_namespace.nspname != %(nspname_1)s
2026-08-25 17:45:34,920 | INFO | [cached since 0.005795s ago] {'table_name': 'productos', 'param_1': 'r', 'param_2': 'p', 'param_3': 'f', 'param_4': 'v', 'param_5': 'm', 'nspname_1': 'pg_catalog'}
2026-08-25 17:45:34,920 | INFO | SELECT pg_catalog.pg_class.relname 
FROM pg_catalog.pg_class JOIN pg_catalog.pg_namespace ON pg_catalog.pg_namespace.oid = pg_catalog.pg_class.relnamespace 
WHERE pg_catalog.pg_class.relname = %(table_name)s AND pg_catalog.pg_class.relkind = ANY (ARRAY[%(param_1)s, %(param_2)s, %(param_3)s, %(param_4)s, %(param_5)s]) AND pg_catalog.pg_table_is_visible(pg_catalog.pg_class.oid) AND pg_catalog.pg_namespace.nspname != %(nspname_1)s
2026-08-25 17:45:34,921 | INFO | [cached since 0.006661s ago] {'table_name': 'comandas', 'param_1': 'r', 'param_2': 'p', 'param_3': 'f', 'param_4': 'v', 'param_5': 'm', 'nspname_1': 'pg_catalog'}
2026-08-25 17:45:34,921 | INFO | SELECT pg_catalog.pg_class.relname 
FROM pg_catalog.pg_class JOIN pg_catalog.pg_namespace ON pg_catalog.pg_namespace.oid = pg_catalog.pg_class.relnamespace 
WHERE pg_catalog.pg_class.relname = %(table_name)s AND pg_catalog.pg_class.relkind = ANY (ARRAY[%(param_1)s, %(param_2)s, %(param_3)s, %(param_4)s, %(param_5)s]) AND pg_catalog.pg_table_is_visible(pg_catalog.pg_class.oid) AND pg_catalog.pg_namespace.nspname != %(nspname_1)s
2026-08-25 17:45:34,921 | INFO | [cached since 0.007436s ago] {'table_name': 'pagos', 'param_1': 'r', 'param_2': 'p', 'param_3': 'f', 'param_4': 'v', 'param_5': 'm', 'nspname_1': 'pg_catalog'}
2026-08-25 17:45:34,922 | INFO | SELECT pg_catalog.pg_class.relname 
FROM pg_catalog.pg_class JOIN pg_catalog.pg_namespace ON pg_catalog.pg_namespace.oid = pg_catalog.pg_class.relnamespace 
WHERE pg_catalog.pg_class.relname = %(table_name)s AND pg_catalog.pg_class.relkind = ANY (ARRAY[%(param_1)s, %(param_2)s, %(param_3)s, %(param_4)s, %(param_5)s]) AND pg_catalog.pg_table_is_visible(pg_catalog.pg_class.oid) AND pg_catalog.pg_namespace.nspname != %(nspname_1)s
2026-08-25 17:45:34,922 | INFO | [cached since 0.008213s ago] {'table_name': 'usuarios', 'param_1': 'r', 'param_2': 'p', 'param_3': 'f', 'param_4': 'v', 'param_5': 'm', 'nspname_1': 'pg_catalog'}
2026-08-25 17:45:34,923 | INFO | SELECT pg_catalog.pg_class.relname 
FROM pg_catalog.pg_class JOIN pg_catalog.pg_namespace ON pg_catalog.pg_namespace.oid = pg_catalog.pg_class.relnamespace 
WHERE pg_catalog.pg_class.relname = %(table_name)s AND pg_catalog.pg_class.relkind = ANY (ARRAY[%(param_1)s, %(param_2)s, %(param_3)s, %(param_4)s, %(param_5)s]) AND pg_catalog.pg_table_is_visible(pg_catalog.pg_class.oid) AND pg_catalog.pg_namespace.nspname != %(nspname_1)s
2026-08-25 17:45:34,923 | INFO | [cached since 0.008948s ago] {'table_name': 'cuentas_credito', 'param_1': 'r', 'param_2': 'p', 'param_3': 'f', 'param_4': 'v', 'param_5': 'm', 'nspname_1': 'pg_catalog'}
2026-08-25 17:45:34,923 | INFO | SELECT pg_catalog.pg_class.relname 
FROM pg_catalog.pg_class JOIN pg_catalog.pg_namespace ON pg_catalog.pg_namespace.oid = pg_catalog.pg_class.relnamespace 
WHERE pg_catalog.pg_class.relname = %(table_name)s AND pg_catalog.pg_class.relkind = ANY (ARRAY[%(param_1)s, %(param_2)s, %(param_3)s, %(param_4)s, %(param_5)s]) AND pg_catalog.pg_table_is_visible(pg_catalog.pg_class.oid) AND pg_catalog.pg_namespace.nspname != %(nspname_1)s
2026-08-25 17:45:34,924 | INFO | [cached since 0.009635s ago] {'table_name': 'movimientos_credito', 'param_1': 'r', 'param_2': 'p', 'param_3': 'f', 'param_4': 'v', 'param_5': 'm', 'nspname_1': 'pg_catalog'}
2026-08-25 17:45:34,924 | INFO | COMMIT
2026-08-25 17:45:57,452 | INFO | BEGIN (implicit)
2026-08-25 17:45:57,454 | INFO | SELECT productos.id_producto AS productos_id_producto, productos.nombre AS productos_nombre, productos.categoria AS productos_categoria, productos.precio AS productos_precio, productos."UsuarioCreacion" AS "productos_UsuarioCreacion", productos."FechaCreacion" AS "productos_FechaCreacion", productos."UsuarioModificacion" AS "productos_UsuarioModificacion", productos."FechaModificacion" AS "productos_FechaModificacion", productos."EstadoTupla" AS "productos_EstadoTupla" 
FROM productos 
WHERE productos.id_producto = %(id_producto_1)s 
 LIMIT %(param_1)s
2026-08-25 17:45:57,455 | INFO | [generated in 0.00029s] {'id_producto_1': 5, 'param_1': 1}
2026-08-25 17:49:44,873 | INFO | SINGLETON: Inicializando el pool de conexiones único hacia PostgreSQL.
2026-08-25 17:49:44,874 | INFO | INFRAESTRUCTURA: Verificando y creando el esquema de tablas del MVP.
2026-08-25 17:49:44,930 | INFO | select pg_catalog.version()
2026-08-25 17:49:44,931 | INFO | [raw sql] {}
2026-08-25 17:49:44,932 | INFO | select current_schema()
2026-08-25 17:49:44,932 | INFO | [raw sql] {}
2026-08-25 17:49:44,933 | INFO | show standard_conforming_strings
2026-08-25 17:49:44,933 | INFO | [raw sql] {}
2026-08-25 17:49:44,934 | INFO | BEGIN (implicit)
2026-08-25 17:49:44,936 | INFO | SELECT pg_catalog.pg_class.relname 
FROM pg_catalog.pg_class JOIN pg_catalog.pg_namespace ON pg_catalog.pg_namespace.oid = pg_catalog.pg_class.relnamespace 
WHERE pg_catalog.pg_class.relname = %(table_name)s AND pg_catalog.pg_class.relkind = ANY (ARRAY[%(param_1)s, %(param_2)s, %(param_3)s, %(param_4)s, %(param_5)s]) AND pg_catalog.pg_table_is_visible(pg_catalog.pg_class.oid) AND pg_catalog.pg_namespace.nspname != %(nspname_1)s
2026-08-25 17:49:44,937 | INFO | [generated in 0.00025s] {'table_name': 'sucursales', 'param_1': 'r', 'param_2': 'p', 'param_3': 'f', 'param_4': 'v', 'param_5': 'm', 'nspname_1': 'pg_catalog'}
2026-08-25 17:49:44,938 | INFO | SELECT pg_catalog.pg_class.relname 
FROM pg_catalog.pg_class JOIN pg_catalog.pg_namespace ON pg_catalog.pg_namespace.oid = pg_catalog.pg_class.relnamespace 
WHERE pg_catalog.pg_class.relname = %(table_name)s AND pg_catalog.pg_class.relkind = ANY (ARRAY[%(param_1)s, %(param_2)s, %(param_3)s, %(param_4)s, %(param_5)s]) AND pg_catalog.pg_table_is_visible(pg_catalog.pg_class.oid) AND pg_catalog.pg_namespace.nspname != %(nspname_1)s
2026-08-25 17:49:44,939 | INFO | [cached since 0.002374s ago] {'table_name': 'mesas', 'param_1': 'r', 'param_2': 'p', 'param_3': 'f', 'param_4': 'v', 'param_5': 'm', 'nspname_1': 'pg_catalog'}
2026-08-25 17:49:44,939 | INFO | SELECT pg_catalog.pg_class.relname 
FROM pg_catalog.pg_class JOIN pg_catalog.pg_namespace ON pg_catalog.pg_namespace.oid = pg_catalog.pg_class.relnamespace 
WHERE pg_catalog.pg_class.relname = %(table_name)s AND pg_catalog.pg_class.relkind = ANY (ARRAY[%(param_1)s, %(param_2)s, %(param_3)s, %(param_4)s, %(param_5)s]) AND pg_catalog.pg_table_is_visible(pg_catalog.pg_class.oid) AND pg_catalog.pg_namespace.nspname != %(nspname_1)s
2026-08-25 17:49:44,939 | INFO | [cached since 0.003045s ago] {'table_name': 'clientes', 'param_1': 'r', 'param_2': 'p', 'param_3': 'f', 'param_4': 'v', 'param_5': 'm', 'nspname_1': 'pg_catalog'}
2026-08-25 17:49:44,940 | INFO | SELECT pg_catalog.pg_class.relname 
FROM pg_catalog.pg_class JOIN pg_catalog.pg_namespace ON pg_catalog.pg_namespace.oid = pg_catalog.pg_class.relnamespace 
WHERE pg_catalog.pg_class.relname = %(table_name)s AND pg_catalog.pg_class.relkind = ANY (ARRAY[%(param_1)s, %(param_2)s, %(param_3)s, %(param_4)s, %(param_5)s]) AND pg_catalog.pg_table_is_visible(pg_catalog.pg_class.oid) AND pg_catalog.pg_namespace.nspname != %(nspname_1)s
2026-08-25 17:49:44,940 | INFO | [cached since 0.003682s ago] {'table_name': 'pedidos', 'param_1': 'r', 'param_2': 'p', 'param_3': 'f', 'param_4': 'v', 'param_5': 'm', 'nspname_1': 'pg_catalog'}
2026-08-25 17:49:44,940 | INFO | SELECT pg_catalog.pg_class.relname 
FROM pg_catalog.pg_class JOIN pg_catalog.pg_namespace ON pg_catalog.pg_namespace.oid = pg_catalog.pg_class.relnamespace 
WHERE pg_catalog.pg_class.relname = %(table_name)s AND pg_catalog.pg_class.relkind = ANY (ARRAY[%(param_1)s, %(param_2)s, %(param_3)s, %(param_4)s, %(param_5)s]) AND pg_catalog.pg_table_is_visible(pg_catalog.pg_class.oid) AND pg_catalog.pg_namespace.nspname != %(nspname_1)s
2026-08-25 17:49:44,941 | INFO | [cached since 0.004312s ago] {'table_name': 'detalles_pedido', 'param_1': 'r', 'param_2': 'p', 'param_3': 'f', 'param_4': 'v', 'param_5': 'm', 'nspname_1': 'pg_catalog'}
2026-08-25 17:49:44,941 | INFO | SELECT pg_catalog.pg_class.relname 
FROM pg_catalog.pg_class JOIN pg_catalog.pg_namespace ON pg_catalog.pg_namespace.oid = pg_catalog.pg_class.relnamespace 
WHERE pg_catalog.pg_class.relname = %(table_name)s AND pg_catalog.pg_class.relkind = ANY (ARRAY[%(param_1)s, %(param_2)s, %(param_3)s, %(param_4)s, %(param_5)s]) AND pg_catalog.pg_table_is_visible(pg_catalog.pg_class.oid) AND pg_catalog.pg_namespace.nspname != %(nspname_1)s
2026-08-25 17:49:44,941 | INFO | [cached since 0.004952s ago] {'table_name': 'productos', 'param_1': 'r', 'param_2': 'p', 'param_3': 'f', 'param_4': 'v', 'param_5': 'm', 'nspname_1': 'pg_catalog'}
2026-08-25 17:49:44,942 | INFO | SELECT pg_catalog.pg_class.relname 
FROM pg_catalog.pg_class JOIN pg_catalog.pg_namespace ON pg_catalog.pg_namespace.oid = pg_catalog.pg_class.relnamespace 
WHERE pg_catalog.pg_class.relname = %(table_name)s AND pg_catalog.pg_class.relkind = ANY (ARRAY[%(param_1)s, %(param_2)s, %(param_3)s, %(param_4)s, %(param_5)s]) AND pg_catalog.pg_table_is_visible(pg_catalog.pg_class.oid) AND pg_catalog.pg_namespace.nspname != %(nspname_1)s
2026-08-25 17:49:44,942 | INFO | [cached since 0.005972s ago] {'table_name': 'comandas', 'param_1': 'r', 'param_2': 'p', 'param_3': 'f', 'param_4': 'v', 'param_5': 'm', 'nspname_1': 'pg_catalog'}
2026-08-25 17:49:44,943 | INFO | SELECT pg_catalog.pg_class.relname 
FROM pg_catalog.pg_class JOIN pg_catalog.pg_namespace ON pg_catalog.pg_namespace.oid = pg_catalog.pg_class.relnamespace 
WHERE pg_catalog.pg_class.relname = %(table_name)s AND pg_catalog.pg_class.relkind = ANY (ARRAY[%(param_1)s, %(param_2)s, %(param_3)s, %(param_4)s, %(param_5)s]) AND pg_catalog.pg_table_is_visible(pg_catalog.pg_class.oid) AND pg_catalog.pg_namespace.nspname != %(nspname_1)s
2026-08-25 17:49:44,943 | INFO | [cached since 0.007131s ago] {'table_name': 'pagos', 'param_1': 'r', 'param_2': 'p', 'param_3': 'f', 'param_4': 'v', 'param_5': 'm', 'nspname_1': 'pg_catalog'}
2026-08-25 17:49:44,944 | INFO | SELECT pg_catalog.pg_class.relname 
FROM pg_catalog.pg_class JOIN pg_catalog.pg_namespace ON pg_catalog.pg_namespace.oid = pg_catalog.pg_class.relnamespace 
WHERE pg_catalog.pg_class.relname = %(table_name)s AND pg_catalog.pg_class.relkind = ANY (ARRAY[%(param_1)s, %(param_2)s, %(param_3)s, %(param_4)s, %(param_5)s]) AND pg_catalog.pg_table_is_visible(pg_catalog.pg_class.oid) AND pg_catalog.pg_namespace.nspname != %(nspname_1)s
2026-08-25 17:49:44,944 | INFO | [cached since 0.008119s ago] {'table_name': 'usuarios', 'param_1': 'r', 'param_2': 'p', 'param_3': 'f', 'param_4': 'v', 'param_5': 'm', 'nspname_1': 'pg_catalog'}
2026-08-25 17:49:44,945 | INFO | SELECT pg_catalog.pg_class.relname 
FROM pg_catalog.pg_class JOIN pg_catalog.pg_namespace ON pg_catalog.pg_namespace.oid = pg_catalog.pg_class.relnamespace 
WHERE pg_catalog.pg_class.relname = %(table_name)s AND pg_catalog.pg_class.relkind = ANY (ARRAY[%(param_1)s, %(param_2)s, %(param_3)s, %(param_4)s, %(param_5)s]) AND pg_catalog.pg_table_is_visible(pg_catalog.pg_class.oid) AND pg_catalog.pg_namespace.nspname != %(nspname_1)s
2026-08-25 17:49:44,945 | INFO | [cached since 0.009007s ago] {'table_name': 'cuentas_credito', 'param_1': 'r', 'param_2': 'p', 'param_3': 'f', 'param_4': 'v', 'param_5': 'm', 'nspname_1': 'pg_catalog'}
2026-08-25 17:49:44,946 | INFO | SELECT pg_catalog.pg_class.relname 
FROM pg_catalog.pg_class JOIN pg_catalog.pg_namespace ON pg_catalog.pg_namespace.oid = pg_catalog.pg_class.relnamespace 
WHERE pg_catalog.pg_class.relname = %(table_name)s AND pg_catalog.pg_class.relkind = ANY (ARRAY[%(param_1)s, %(param_2)s, %(param_3)s, %(param_4)s, %(param_5)s]) AND pg_catalog.pg_table_is_visible(pg_catalog.pg_class.oid) AND pg_catalog.pg_namespace.nspname != %(nspname_1)s
2026-08-25 17:49:44,946 | INFO | [cached since 0.00992s ago] {'table_name': 'movimientos_credito', 'param_1': 'r', 'param_2': 'p', 'param_3': 'f', 'param_4': 'v', 'param_5': 'm', 'nspname_1': 'pg_catalog'}
2026-08-25 17:49:44,947 | INFO | COMMIT
2026-08-25 17:51:08,998 | INFO | SINGLETON: Inicializando el pool de conexiones único hacia PostgreSQL.
2026-08-25 17:51:08,999 | INFO | INFRAESTRUCTURA: Verificando y creando el esquema de tablas del MVP.
2026-08-25 17:51:09,055 | INFO | select pg_catalog.version()
2026-08-25 17:51:09,056 | INFO | [raw sql] {}
2026-08-25 17:51:09,058 | INFO | select current_schema()
2026-08-25 17:51:09,058 | INFO | [raw sql] {}
2026-08-25 17:51:09,059 | INFO | show standard_conforming_strings
2026-08-25 17:51:09,059 | INFO | [raw sql] {}
2026-08-25 17:51:09,060 | INFO | BEGIN (implicit)
2026-08-25 17:51:09,064 | INFO | SELECT pg_catalog.pg_class.relname 
FROM pg_catalog.pg_class JOIN pg_catalog.pg_namespace ON pg_catalog.pg_namespace.oid = pg_catalog.pg_class.relnamespace 
WHERE pg_catalog.pg_class.relname = %(table_name)s AND pg_catalog.pg_class.relkind = ANY (ARRAY[%(param_1)s, %(param_2)s, %(param_3)s, %(param_4)s, %(param_5)s]) AND pg_catalog.pg_table_is_visible(pg_catalog.pg_class.oid) AND pg_catalog.pg_namespace.nspname != %(nspname_1)s
2026-08-25 17:51:09,064 | INFO | [generated in 0.00036s] {'table_name': 'sucursales', 'param_1': 'r', 'param_2': 'p', 'param_3': 'f', 'param_4': 'v', 'param_5': 'm', 'nspname_1': 'pg_catalog'}
2026-08-25 17:51:09,066 | INFO | SELECT pg_catalog.pg_class.relname 
FROM pg_catalog.pg_class JOIN pg_catalog.pg_namespace ON pg_catalog.pg_namespace.oid = pg_catalog.pg_class.relnamespace 
WHERE pg_catalog.pg_class.relname = %(table_name)s AND pg_catalog.pg_class.relkind = ANY (ARRAY[%(param_1)s, %(param_2)s, %(param_3)s, %(param_4)s, %(param_5)s]) AND pg_catalog.pg_table_is_visible(pg_catalog.pg_class.oid) AND pg_catalog.pg_namespace.nspname != %(nspname_1)s
2026-08-25 17:51:09,066 | INFO | [cached since 0.002663s ago] {'table_name': 'mesas', 'param_1': 'r', 'param_2': 'p', 'param_3': 'f', 'param_4': 'v', 'param_5': 'm', 'nspname_1': 'pg_catalog'}
2026-08-25 17:51:09,067 | INFO | SELECT pg_catalog.pg_class.relname 
FROM pg_catalog.pg_class JOIN pg_catalog.pg_namespace ON pg_catalog.pg_namespace.oid = pg_catalog.pg_class.relnamespace 
WHERE pg_catalog.pg_class.relname = %(table_name)s AND pg_catalog.pg_class.relkind = ANY (ARRAY[%(param_1)s, %(param_2)s, %(param_3)s, %(param_4)s, %(param_5)s]) AND pg_catalog.pg_table_is_visible(pg_catalog.pg_class.oid) AND pg_catalog.pg_namespace.nspname != %(nspname_1)s
2026-08-25 17:51:09,067 | INFO | [cached since 0.003588s ago] {'table_name': 'clientes', 'param_1': 'r', 'param_2': 'p', 'param_3': 'f', 'param_4': 'v', 'param_5': 'm', 'nspname_1': 'pg_catalog'}
2026-08-25 17:51:09,068 | INFO | SELECT pg_catalog.pg_class.relname 
FROM pg_catalog.pg_class JOIN pg_catalog.pg_namespace ON pg_catalog.pg_namespace.oid = pg_catalog.pg_class.relnamespace 
WHERE pg_catalog.pg_class.relname = %(table_name)s AND pg_catalog.pg_class.relkind = ANY (ARRAY[%(param_1)s, %(param_2)s, %(param_3)s, %(param_4)s, %(param_5)s]) AND pg_catalog.pg_table_is_visible(pg_catalog.pg_class.oid) AND pg_catalog.pg_namespace.nspname != %(nspname_1)s
2026-08-25 17:51:09,068 | INFO | [cached since 0.004537s ago] {'table_name': 'pedidos', 'param_1': 'r', 'param_2': 'p', 'param_3': 'f', 'param_4': 'v', 'param_5': 'm', 'nspname_1': 'pg_catalog'}
2026-08-25 17:51:09,069 | INFO | SELECT pg_catalog.pg_class.relname 
FROM pg_catalog.pg_class JOIN pg_catalog.pg_namespace ON pg_catalog.pg_namespace.oid = pg_catalog.pg_class.relnamespace 
WHERE pg_catalog.pg_class.relname = %(table_name)s AND pg_catalog.pg_class.relkind = ANY (ARRAY[%(param_1)s, %(param_2)s, %(param_3)s, %(param_4)s, %(param_5)s]) AND pg_catalog.pg_table_is_visible(pg_catalog.pg_class.oid) AND pg_catalog.pg_namespace.nspname != %(nspname_1)s
2026-08-25 17:51:09,069 | INFO | [cached since 0.005328s ago] {'table_name': 'detalles_pedido', 'param_1': 'r', 'param_2': 'p', 'param_3': 'f', 'param_4': 'v', 'param_5': 'm', 'nspname_1': 'pg_catalog'}
2026-08-25 17:51:09,069 | INFO | SELECT pg_catalog.pg_class.relname 
FROM pg_catalog.pg_class JOIN pg_catalog.pg_namespace ON pg_catalog.pg_namespace.oid = pg_catalog.pg_class.relnamespace 
WHERE pg_catalog.pg_class.relname = %(table_name)s AND pg_catalog.pg_class.relkind = ANY (ARRAY[%(param_1)s, %(param_2)s, %(param_3)s, %(param_4)s, %(param_5)s]) AND pg_catalog.pg_table_is_visible(pg_catalog.pg_class.oid) AND pg_catalog.pg_namespace.nspname != %(nspname_1)s
2026-08-25 17:51:09,070 | INFO | [cached since 0.006095s ago] {'table_name': 'productos', 'param_1': 'r', 'param_2': 'p', 'param_3': 'f', 'param_4': 'v', 'param_5': 'm', 'nspname_1': 'pg_catalog'}
2026-08-25 17:51:09,070 | INFO | SELECT pg_catalog.pg_class.relname 
FROM pg_catalog.pg_class JOIN pg_catalog.pg_namespace ON pg_catalog.pg_namespace.oid = pg_catalog.pg_class.relnamespace 
WHERE pg_catalog.pg_class.relname = %(table_name)s AND pg_catalog.pg_class.relkind = ANY (ARRAY[%(param_1)s, %(param_2)s, %(param_3)s, %(param_4)s, %(param_5)s]) AND pg_catalog.pg_table_is_visible(pg_catalog.pg_class.oid) AND pg_catalog.pg_namespace.nspname != %(nspname_1)s
2026-08-25 17:51:09,071 | INFO | [cached since 0.007036s ago] {'table_name': 'comandas', 'param_1': 'r', 'param_2': 'p', 'param_3': 'f', 'param_4': 'v', 'param_5': 'm', 'nspname_1': 'pg_catalog'}
2026-08-25 17:51:09,071 | INFO | SELECT pg_catalog.pg_class.relname 
FROM pg_catalog.pg_class JOIN pg_catalog.pg_namespace ON pg_catalog.pg_namespace.oid = pg_catalog.pg_class.relnamespace 
WHERE pg_catalog.pg_class.relname = %(table_name)s AND pg_catalog.pg_class.relkind = ANY (ARRAY[%(param_1)s, %(param_2)s, %(param_3)s, %(param_4)s, %(param_5)s]) AND pg_catalog.pg_table_is_visible(pg_catalog.pg_class.oid) AND pg_catalog.pg_namespace.nspname != %(nspname_1)s
2026-08-25 17:51:09,071 | INFO | [cached since 0.007816s ago] {'table_name': 'pagos', 'param_1': 'r', 'param_2': 'p', 'param_3': 'f', 'param_4': 'v', 'param_5': 'm', 'nspname_1': 'pg_catalog'}
2026-08-25 17:51:09,072 | INFO | SELECT pg_catalog.pg_class.relname 
FROM pg_catalog.pg_class JOIN pg_catalog.pg_namespace ON pg_catalog.pg_namespace.oid = pg_catalog.pg_class.relnamespace 
WHERE pg_catalog.pg_class.relname = %(table_name)s AND pg_catalog.pg_class.relkind = ANY (ARRAY[%(param_1)s, %(param_2)s, %(param_3)s, %(param_4)s, %(param_5)s]) AND pg_catalog.pg_table_is_visible(pg_catalog.pg_class.oid) AND pg_catalog.pg_namespace.nspname != %(nspname_1)s
2026-08-25 17:51:09,072 | INFO | [cached since 0.008578s ago] {'table_name': 'usuarios', 'param_1': 'r', 'param_2': 'p', 'param_3': 'f', 'param_4': 'v', 'param_5': 'm', 'nspname_1': 'pg_catalog'}
2026-08-25 17:51:09,073 | INFO | SELECT pg_catalog.pg_class.relname 
FROM pg_catalog.pg_class JOIN pg_catalog.pg_namespace ON pg_catalog.pg_namespace.oid = pg_catalog.pg_class.relnamespace 
WHERE pg_catalog.pg_class.relname = %(table_name)s AND pg_catalog.pg_class.relkind = ANY (ARRAY[%(param_1)s, %(param_2)s, %(param_3)s, %(param_4)s, %(param_5)s]) AND pg_catalog.pg_table_is_visible(pg_catalog.pg_class.oid) AND pg_catalog.pg_namespace.nspname != %(nspname_1)s
2026-08-25 17:51:09,073 | INFO | [cached since 0.009344s ago] {'table_name': 'cuentas_credito', 'param_1': 'r', 'param_2': 'p', 'param_3': 'f', 'param_4': 'v', 'param_5': 'm', 'nspname_1': 'pg_catalog'}
2026-08-25 17:51:09,073 | INFO | SELECT pg_catalog.pg_class.relname 
FROM pg_catalog.pg_class JOIN pg_catalog.pg_namespace ON pg_catalog.pg_namespace.oid = pg_catalog.pg_class.relnamespace 
WHERE pg_catalog.pg_class.relname = %(table_name)s AND pg_catalog.pg_class.relkind = ANY (ARRAY[%(param_1)s, %(param_2)s, %(param_3)s, %(param_4)s, %(param_5)s]) AND pg_catalog.pg_table_is_visible(pg_catalog.pg_class.oid) AND pg_catalog.pg_namespace.nspname != %(nspname_1)s
2026-08-25 17:51:09,074 | INFO | [cached since 0.01008s ago] {'table_name': 'movimientos_credito', 'param_1': 'r', 'param_2': 'p', 'param_3': 'f', 'param_4': 'v', 'param_5': 'm', 'nspname_1': 'pg_catalog'}
2026-08-25 17:51:09,074 | INFO | COMMIT
2026-08-25 17:51:44,859 | INFO | SINGLETON: Inicializando el pool de conexiones único hacia PostgreSQL.
2026-08-25 17:51:44,860 | INFO | INFRAESTRUCTURA: Verificando y creando el esquema de tablas del MVP.
2026-08-25 17:51:44,917 | INFO | select pg_catalog.version()
2026-08-25 17:51:44,917 | INFO | [raw sql] {}
2026-08-25 17:51:44,918 | INFO | select current_schema()
2026-08-25 17:51:44,919 | INFO | [raw sql] {}
2026-08-25 17:51:44,920 | INFO | show standard_conforming_strings
2026-08-25 17:51:44,921 | INFO | [raw sql] {}
2026-08-25 17:51:44,921 | INFO | BEGIN (implicit)
2026-08-25 17:51:44,925 | INFO | SELECT pg_catalog.pg_class.relname 
FROM pg_catalog.pg_class JOIN pg_catalog.pg_namespace ON pg_catalog.pg_namespace.oid = pg_catalog.pg_class.relnamespace 
WHERE pg_catalog.pg_class.relname = %(table_name)s AND pg_catalog.pg_class.relkind = ANY (ARRAY[%(param_1)s, %(param_2)s, %(param_3)s, %(param_4)s, %(param_5)s]) AND pg_catalog.pg_table_is_visible(pg_catalog.pg_class.oid) AND pg_catalog.pg_namespace.nspname != %(nspname_1)s
2026-08-25 17:51:44,925 | INFO | [generated in 0.00054s] {'table_name': 'sucursales', 'param_1': 'r', 'param_2': 'p', 'param_3': 'f', 'param_4': 'v', 'param_5': 'm', 'nspname_1': 'pg_catalog'}
2026-08-25 17:51:44,929 | INFO | SELECT pg_catalog.pg_class.relname 
FROM pg_catalog.pg_class JOIN pg_catalog.pg_namespace ON pg_catalog.pg_namespace.oid = pg_catalog.pg_class.relnamespace 
WHERE pg_catalog.pg_class.relname = %(table_name)s AND pg_catalog.pg_class.relkind = ANY (ARRAY[%(param_1)s, %(param_2)s, %(param_3)s, %(param_4)s, %(param_5)s]) AND pg_catalog.pg_table_is_visible(pg_catalog.pg_class.oid) AND pg_catalog.pg_namespace.nspname != %(nspname_1)s
2026-08-25 17:51:44,929 | INFO | [cached since 0.004592s ago] {'table_name': 'mesas', 'param_1': 'r', 'param_2': 'p', 'param_3': 'f', 'param_4': 'v', 'param_5': 'm', 'nspname_1': 'pg_catalog'}
2026-08-25 17:51:44,930 | INFO | SELECT pg_catalog.pg_class.relname 
FROM pg_catalog.pg_class JOIN pg_catalog.pg_namespace ON pg_catalog.pg_namespace.oid = pg_catalog.pg_class.relnamespace 
WHERE pg_catalog.pg_class.relname = %(table_name)s AND pg_catalog.pg_class.relkind = ANY (ARRAY[%(param_1)s, %(param_2)s, %(param_3)s, %(param_4)s, %(param_5)s]) AND pg_catalog.pg_table_is_visible(pg_catalog.pg_class.oid) AND pg_catalog.pg_namespace.nspname != %(nspname_1)s
2026-08-25 17:51:44,930 | INFO | [cached since 0.00563s ago] {'table_name': 'clientes', 'param_1': 'r', 'param_2': 'p', 'param_3': 'f', 'param_4': 'v', 'param_5': 'm', 'nspname_1': 'pg_catalog'}
2026-08-25 17:51:44,931 | INFO | SELECT pg_catalog.pg_class.relname 
FROM pg_catalog.pg_class JOIN pg_catalog.pg_namespace ON pg_catalog.pg_namespace.oid = pg_catalog.pg_class.relnamespace 
WHERE pg_catalog.pg_class.relname = %(table_name)s AND pg_catalog.pg_class.relkind = ANY (ARRAY[%(param_1)s, %(param_2)s, %(param_3)s, %(param_4)s, %(param_5)s]) AND pg_catalog.pg_table_is_visible(pg_catalog.pg_class.oid) AND pg_catalog.pg_namespace.nspname != %(nspname_1)s
2026-08-25 17:51:44,931 | INFO | [cached since 0.006515s ago] {'table_name': 'pedidos', 'param_1': 'r', 'param_2': 'p', 'param_3': 'f', 'param_4': 'v', 'param_5': 'm', 'nspname_1': 'pg_catalog'}
2026-08-25 17:51:44,932 | INFO | SELECT pg_catalog.pg_class.relname 
FROM pg_catalog.pg_class JOIN pg_catalog.pg_namespace ON pg_catalog.pg_namespace.oid = pg_catalog.pg_class.relnamespace 
WHERE pg_catalog.pg_class.relname = %(table_name)s AND pg_catalog.pg_class.relkind = ANY (ARRAY[%(param_1)s, %(param_2)s, %(param_3)s, %(param_4)s, %(param_5)s]) AND pg_catalog.pg_table_is_visible(pg_catalog.pg_class.oid) AND pg_catalog.pg_namespace.nspname != %(nspname_1)s
2026-08-25 17:51:44,932 | INFO | [cached since 0.007345s ago] {'table_name': 'detalles_pedido', 'param_1': 'r', 'param_2': 'p', 'param_3': 'f', 'param_4': 'v', 'param_5': 'm', 'nspname_1': 'pg_catalog'}
2026-08-25 17:51:44,932 | INFO | SELECT pg_catalog.pg_class.relname 
FROM pg_catalog.pg_class JOIN pg_catalog.pg_namespace ON pg_catalog.pg_namespace.oid = pg_catalog.pg_class.relnamespace 
WHERE pg_catalog.pg_class.relname = %(table_name)s AND pg_catalog.pg_class.relkind = ANY (ARRAY[%(param_1)s, %(param_2)s, %(param_3)s, %(param_4)s, %(param_5)s]) AND pg_catalog.pg_table_is_visible(pg_catalog.pg_class.oid) AND pg_catalog.pg_namespace.nspname != %(nspname_1)s
2026-08-25 17:51:44,933 | INFO | [cached since 0.00818s ago] {'table_name': 'productos', 'param_1': 'r', 'param_2': 'p', 'param_3': 'f', 'param_4': 'v', 'param_5': 'm', 'nspname_1': 'pg_catalog'}
2026-08-25 17:51:44,933 | INFO | SELECT pg_catalog.pg_class.relname 
FROM pg_catalog.pg_class JOIN pg_catalog.pg_namespace ON pg_catalog.pg_namespace.oid = pg_catalog.pg_class.relnamespace 
WHERE pg_catalog.pg_class.relname = %(table_name)s AND pg_catalog.pg_class.relkind = ANY (ARRAY[%(param_1)s, %(param_2)s, %(param_3)s, %(param_4)s, %(param_5)s]) AND pg_catalog.pg_table_is_visible(pg_catalog.pg_class.oid) AND pg_catalog.pg_namespace.nspname != %(nspname_1)s
2026-08-25 17:51:44,933 | INFO | [cached since 0.009008s ago] {'table_name': 'comandas', 'param_1': 'r', 'param_2': 'p', 'param_3': 'f', 'param_4': 'v', 'param_5': 'm', 'nspname_1': 'pg_catalog'}
2026-08-25 17:51:44,934 | INFO | SELECT pg_catalog.pg_class.relname 
FROM pg_catalog.pg_class JOIN pg_catalog.pg_namespace ON pg_catalog.pg_namespace.oid = pg_catalog.pg_class.relnamespace 
WHERE pg_catalog.pg_class.relname = %(table_name)s AND pg_catalog.pg_class.relkind = ANY (ARRAY[%(param_1)s, %(param_2)s, %(param_3)s, %(param_4)s, %(param_5)s]) AND pg_catalog.pg_table_is_visible(pg_catalog.pg_class.oid) AND pg_catalog.pg_namespace.nspname != %(nspname_1)s
2026-08-25 17:51:44,934 | INFO | [cached since 0.009883s ago] {'table_name': 'pagos', 'param_1': 'r', 'param_2': 'p', 'param_3': 'f', 'param_4': 'v', 'param_5': 'm', 'nspname_1': 'pg_catalog'}
2026-08-25 17:51:44,935 | INFO | SELECT pg_catalog.pg_class.relname 
FROM pg_catalog.pg_class JOIN pg_catalog.pg_namespace ON pg_catalog.pg_namespace.oid = pg_catalog.pg_class.relnamespace 
WHERE pg_catalog.pg_class.relname = %(table_name)s AND pg_catalog.pg_class.relkind = ANY (ARRAY[%(param_1)s, %(param_2)s, %(param_3)s, %(param_4)s, %(param_5)s]) AND pg_catalog.pg_table_is_visible(pg_catalog.pg_class.oid) AND pg_catalog.pg_namespace.nspname != %(nspname_1)s
2026-08-25 17:51:44,935 | INFO | [cached since 0.01079s ago] {'table_name': 'usuarios', 'param_1': 'r', 'param_2': 'p', 'param_3': 'f', 'param_4': 'v', 'param_5': 'm', 'nspname_1': 'pg_catalog'}
2026-08-25 17:51:44,936 | INFO | SELECT pg_catalog.pg_class.relname 
FROM pg_catalog.pg_class JOIN pg_catalog.pg_namespace ON pg_catalog.pg_namespace.oid = pg_catalog.pg_class.relnamespace 
WHERE pg_catalog.pg_class.relname = %(table_name)s AND pg_catalog.pg_class.relkind = ANY (ARRAY[%(param_1)s, %(param_2)s, %(param_3)s, %(param_4)s, %(param_5)s]) AND pg_catalog.pg_table_is_visible(pg_catalog.pg_class.oid) AND pg_catalog.pg_namespace.nspname != %(nspname_1)s
2026-08-25 17:51:44,936 | INFO | [cached since 0.0116s ago] {'table_name': 'cuentas_credito', 'param_1': 'r', 'param_2': 'p', 'param_3': 'f', 'param_4': 'v', 'param_5': 'm', 'nspname_1': 'pg_catalog'}
2026-08-25 17:51:44,937 | INFO | SELECT pg_catalog.pg_class.relname 
FROM pg_catalog.pg_class JOIN pg_catalog.pg_namespace ON pg_catalog.pg_namespace.oid = pg_catalog.pg_class.relnamespace 
WHERE pg_catalog.pg_class.relname = %(table_name)s AND pg_catalog.pg_class.relkind = ANY (ARRAY[%(param_1)s, %(param_2)s, %(param_3)s, %(param_4)s, %(param_5)s]) AND pg_catalog.pg_table_is_visible(pg_catalog.pg_class.oid) AND pg_catalog.pg_namespace.nspname != %(nspname_1)s
2026-08-25 17:51:44,937 | INFO | [cached since 0.0124s ago] {'table_name': 'movimientos_credito', 'param_1': 'r', 'param_2': 'p', 'param_3': 'f', 'param_4': 'v', 'param_5': 'm', 'nspname_1': 'pg_catalog'}
2026-08-25 17:51:44,938 | INFO | COMMIT
2026-08-25 17:51:52,967 | INFO | BEGIN (implicit)
2026-08-25 17:51:52,970 | INFO | SELECT productos.id AS productos_id, productos.nombre AS productos_nombre, productos.precio AS productos_precio, productos."UsuarioCreacion" AS "productos_UsuarioCreacion", productos."FechaCreacion" AS "productos_FechaCreacion", productos."UsuarioModificacion" AS "productos_UsuarioModificacion", productos."FechaModificacion" AS "productos_FechaModificacion", productos."EstadoTupla" AS "productos_EstadoTupla" 
FROM productos 
WHERE productos."EstadoTupla" = true
2026-08-25 17:51:52,971 | INFO | [generated in 0.00040s] {}
2026-08-25 17:51:53,264 | INFO | BEGIN (implicit)
2026-08-25 17:51:53,265 | INFO | SELECT productos.id AS productos_id, productos.nombre AS productos_nombre, productos.precio AS productos_precio, productos."UsuarioCreacion" AS "productos_UsuarioCreacion", productos."FechaCreacion" AS "productos_FechaCreacion", productos."UsuarioModificacion" AS "productos_UsuarioModificacion", productos."FechaModificacion" AS "productos_FechaModificacion", productos."EstadoTupla" AS "productos_EstadoTupla" 
FROM productos 
WHERE productos."EstadoTupla" = true
2026-08-25 17:51:53,265 | INFO | [cached since 0.2951s ago] {}
2026-08-25 17:51:53,424 | INFO | BEGIN (implicit)
2026-08-25 17:51:53,426 | INFO | SELECT productos.id AS productos_id, productos.nombre AS productos_nombre, productos.precio AS productos_precio, productos."UsuarioCreacion" AS "productos_UsuarioCreacion", productos."FechaCreacion" AS "productos_FechaCreacion", productos."UsuarioModificacion" AS "productos_UsuarioModificacion", productos."FechaModificacion" AS "productos_FechaModificacion", productos."EstadoTupla" AS "productos_EstadoTupla" 
FROM productos 
WHERE productos."EstadoTupla" = true
2026-08-25 17:51:53,426 | INFO | [cached since 0.456s ago] {}
2026-08-25 17:51:55,518 | INFO | BEGIN (implicit)
2026-08-25 17:51:55,518 | INFO | SELECT productos.id AS productos_id, productos.nombre AS productos_nombre, productos.precio AS productos_precio, productos."UsuarioCreacion" AS "productos_UsuarioCreacion", productos."FechaCreacion" AS "productos_FechaCreacion", productos."UsuarioModificacion" AS "productos_UsuarioModificacion", productos."FechaModificacion" AS "productos_FechaModificacion", productos."EstadoTupla" AS "productos_EstadoTupla" 
FROM productos 
WHERE productos."EstadoTupla" = true
2026-08-25 17:51:55,519 | INFO | [cached since 2.548s ago] {}
2026-08-25 18:00:55,018 | INFO | SINGLETON: Inicializando el pool de conexiones único hacia PostgreSQL.
2026-08-25 18:00:55,019 | INFO | INFRAESTRUCTURA: Verificando y creando el esquema de tablas del MVP.
2026-08-25 18:00:55,074 | INFO | select pg_catalog.version()
2026-08-25 18:00:55,074 | INFO | [raw sql] {}
2026-08-25 18:00:55,075 | INFO | select current_schema()
2026-08-25 18:00:55,076 | INFO | [raw sql] {}
2026-08-25 18:00:55,077 | INFO | show standard_conforming_strings
2026-08-25 18:00:55,077 | INFO | [raw sql] {}
2026-08-25 18:00:55,078 | INFO | BEGIN (implicit)
2026-08-25 18:00:55,080 | INFO | SELECT pg_catalog.pg_class.relname 
FROM pg_catalog.pg_class JOIN pg_catalog.pg_namespace ON pg_catalog.pg_namespace.oid = pg_catalog.pg_class.relnamespace 
WHERE pg_catalog.pg_class.relname = %(table_name)s AND pg_catalog.pg_class.relkind = ANY (ARRAY[%(param_1)s, %(param_2)s, %(param_3)s, %(param_4)s, %(param_5)s]) AND pg_catalog.pg_table_is_visible(pg_catalog.pg_class.oid) AND pg_catalog.pg_namespace.nspname != %(nspname_1)s
2026-08-25 18:00:55,081 | INFO | [generated in 0.00026s] {'table_name': 'sucursales', 'param_1': 'r', 'param_2': 'p', 'param_3': 'f', 'param_4': 'v', 'param_5': 'm', 'nspname_1': 'pg_catalog'}
2026-08-25 18:00:55,083 | INFO | SELECT pg_catalog.pg_class.relname 
FROM pg_catalog.pg_class JOIN pg_catalog.pg_namespace ON pg_catalog.pg_namespace.oid = pg_catalog.pg_class.relnamespace 
WHERE pg_catalog.pg_class.relname = %(table_name)s AND pg_catalog.pg_class.relkind = ANY (ARRAY[%(param_1)s, %(param_2)s, %(param_3)s, %(param_4)s, %(param_5)s]) AND pg_catalog.pg_table_is_visible(pg_catalog.pg_class.oid) AND pg_catalog.pg_namespace.nspname != %(nspname_1)s
2026-08-25 18:00:55,084 | INFO | [cached since 0.003336s ago] {'table_name': 'mesas', 'param_1': 'r', 'param_2': 'p', 'param_3': 'f', 'param_4': 'v', 'param_5': 'm', 'nspname_1': 'pg_catalog'}
2026-08-25 18:00:55,084 | INFO | SELECT pg_catalog.pg_class.relname 
FROM pg_catalog.pg_class JOIN pg_catalog.pg_namespace ON pg_catalog.pg_namespace.oid = pg_catalog.pg_class.relnamespace 
WHERE pg_catalog.pg_class.relname = %(table_name)s AND pg_catalog.pg_class.relkind = ANY (ARRAY[%(param_1)s, %(param_2)s, %(param_3)s, %(param_4)s, %(param_5)s]) AND pg_catalog.pg_table_is_visible(pg_catalog.pg_class.oid) AND pg_catalog.pg_namespace.nspname != %(nspname_1)s
2026-08-25 18:00:55,084 | INFO | [cached since 0.004131s ago] {'table_name': 'clientes', 'param_1': 'r', 'param_2': 'p', 'param_3': 'f', 'param_4': 'v', 'param_5': 'm', 'nspname_1': 'pg_catalog'}
2026-08-25 18:00:55,085 | INFO | SELECT pg_catalog.pg_class.relname 
FROM pg_catalog.pg_class JOIN pg_catalog.pg_namespace ON pg_catalog.pg_namespace.oid = pg_catalog.pg_class.relnamespace 
WHERE pg_catalog.pg_class.relname = %(table_name)s AND pg_catalog.pg_class.relkind = ANY (ARRAY[%(param_1)s, %(param_2)s, %(param_3)s, %(param_4)s, %(param_5)s]) AND pg_catalog.pg_table_is_visible(pg_catalog.pg_class.oid) AND pg_catalog.pg_namespace.nspname != %(nspname_1)s
2026-08-25 18:00:55,085 | INFO | [cached since 0.004897s ago] {'table_name': 'pedidos', 'param_1': 'r', 'param_2': 'p', 'param_3': 'f', 'param_4': 'v', 'param_5': 'm', 'nspname_1': 'pg_catalog'}
2026-08-25 18:00:55,086 | INFO | SELECT pg_catalog.pg_class.relname 
FROM pg_catalog.pg_class JOIN pg_catalog.pg_namespace ON pg_catalog.pg_namespace.oid = pg_catalog.pg_class.relnamespace 
WHERE pg_catalog.pg_class.relname = %(table_name)s AND pg_catalog.pg_class.relkind = ANY (ARRAY[%(param_1)s, %(param_2)s, %(param_3)s, %(param_4)s, %(param_5)s]) AND pg_catalog.pg_table_is_visible(pg_catalog.pg_class.oid) AND pg_catalog.pg_namespace.nspname != %(nspname_1)s
2026-08-25 18:00:55,086 | INFO | [cached since 0.00559s ago] {'table_name': 'detalles_pedido', 'param_1': 'r', 'param_2': 'p', 'param_3': 'f', 'param_4': 'v', 'param_5': 'm', 'nspname_1': 'pg_catalog'}
2026-08-25 18:00:55,086 | INFO | SELECT pg_catalog.pg_class.relname 
FROM pg_catalog.pg_class JOIN pg_catalog.pg_namespace ON pg_catalog.pg_namespace.oid = pg_catalog.pg_class.relnamespace 
WHERE pg_catalog.pg_class.relname = %(table_name)s AND pg_catalog.pg_class.relkind = ANY (ARRAY[%(param_1)s, %(param_2)s, %(param_3)s, %(param_4)s, %(param_5)s]) AND pg_catalog.pg_table_is_visible(pg_catalog.pg_class.oid) AND pg_catalog.pg_namespace.nspname != %(nspname_1)s
2026-08-25 18:00:55,087 | INFO | [cached since 0.006271s ago] {'table_name': 'productos', 'param_1': 'r', 'param_2': 'p', 'param_3': 'f', 'param_4': 'v', 'param_5': 'm', 'nspname_1': 'pg_catalog'}
2026-08-25 18:00:55,087 | INFO | SELECT pg_catalog.pg_class.relname 
FROM pg_catalog.pg_class JOIN pg_catalog.pg_namespace ON pg_catalog.pg_namespace.oid = pg_catalog.pg_class.relnamespace 
WHERE pg_catalog.pg_class.relname = %(table_name)s AND pg_catalog.pg_class.relkind = ANY (ARRAY[%(param_1)s, %(param_2)s, %(param_3)s, %(param_4)s, %(param_5)s]) AND pg_catalog.pg_table_is_visible(pg_catalog.pg_class.oid) AND pg_catalog.pg_namespace.nspname != %(nspname_1)s
2026-08-25 18:00:55,087 | INFO | [cached since 0.006931s ago] {'table_name': 'comandas', 'param_1': 'r', 'param_2': 'p', 'param_3': 'f', 'param_4': 'v', 'param_5': 'm', 'nspname_1': 'pg_catalog'}
2026-08-25 18:00:55,088 | INFO | SELECT pg_catalog.pg_class.relname 
FROM pg_catalog.pg_class JOIN pg_catalog.pg_namespace ON pg_catalog.pg_namespace.oid = pg_catalog.pg_class.relnamespace 
WHERE pg_catalog.pg_class.relname = %(table_name)s AND pg_catalog.pg_class.relkind = ANY (ARRAY[%(param_1)s, %(param_2)s, %(param_3)s, %(param_4)s, %(param_5)s]) AND pg_catalog.pg_table_is_visible(pg_catalog.pg_class.oid) AND pg_catalog.pg_namespace.nspname != %(nspname_1)s
2026-08-25 18:00:55,088 | INFO | [cached since 0.007589s ago] {'table_name': 'pagos', 'param_1': 'r', 'param_2': 'p', 'param_3': 'f', 'param_4': 'v', 'param_5': 'm', 'nspname_1': 'pg_catalog'}
2026-08-25 18:00:55,088 | INFO | SELECT pg_catalog.pg_class.relname 
FROM pg_catalog.pg_class JOIN pg_catalog.pg_namespace ON pg_catalog.pg_namespace.oid = pg_catalog.pg_class.relnamespace 
WHERE pg_catalog.pg_class.relname = %(table_name)s AND pg_catalog.pg_class.relkind = ANY (ARRAY[%(param_1)s, %(param_2)s, %(param_3)s, %(param_4)s, %(param_5)s]) AND pg_catalog.pg_table_is_visible(pg_catalog.pg_class.oid) AND pg_catalog.pg_namespace.nspname != %(nspname_1)s
2026-08-25 18:00:55,089 | INFO | [cached since 0.008201s ago] {'table_name': 'usuarios', 'param_1': 'r', 'param_2': 'p', 'param_3': 'f', 'param_4': 'v', 'param_5': 'm', 'nspname_1': 'pg_catalog'}
2026-08-25 18:00:55,089 | INFO | SELECT pg_catalog.pg_class.relname 
FROM pg_catalog.pg_class JOIN pg_catalog.pg_namespace ON pg_catalog.pg_namespace.oid = pg_catalog.pg_class.relnamespace 
WHERE pg_catalog.pg_class.relname = %(table_name)s AND pg_catalog.pg_class.relkind = ANY (ARRAY[%(param_1)s, %(param_2)s, %(param_3)s, %(param_4)s, %(param_5)s]) AND pg_catalog.pg_table_is_visible(pg_catalog.pg_class.oid) AND pg_catalog.pg_namespace.nspname != %(nspname_1)s
2026-08-25 18:00:55,089 | INFO | [cached since 0.008834s ago] {'table_name': 'cuentas_credito', 'param_1': 'r', 'param_2': 'p', 'param_3': 'f', 'param_4': 'v', 'param_5': 'm', 'nspname_1': 'pg_catalog'}
2026-08-25 18:00:55,090 | INFO | SELECT pg_catalog.pg_class.relname 
FROM pg_catalog.pg_class JOIN pg_catalog.pg_namespace ON pg_catalog.pg_namespace.oid = pg_catalog.pg_class.relnamespace 
WHERE pg_catalog.pg_class.relname = %(table_name)s AND pg_catalog.pg_class.relkind = ANY (ARRAY[%(param_1)s, %(param_2)s, %(param_3)s, %(param_4)s, %(param_5)s]) AND pg_catalog.pg_table_is_visible(pg_catalog.pg_class.oid) AND pg_catalog.pg_namespace.nspname != %(nspname_1)s
2026-08-25 18:00:55,090 | INFO | [cached since 0.009438s ago] {'table_name': 'movimientos_credito', 'param_1': 'r', 'param_2': 'p', 'param_3': 'f', 'param_4': 'v', 'param_5': 'm', 'nspname_1': 'pg_catalog'}
2026-08-25 18:00:55,090 | INFO | COMMIT
2026-08-25 18:02:14,771 | INFO | SINGLETON: Inicializando el pool de conexiones único hacia PostgreSQL.
2026-08-25 18:02:14,772 | INFO | INFRAESTRUCTURA: Verificando y creando el esquema de tablas del MVP.
2026-08-25 18:02:14,828 | INFO | select pg_catalog.version()
2026-08-25 18:02:14,829 | INFO | [raw sql] {}
2026-08-25 18:02:14,830 | INFO | select current_schema()
2026-08-25 18:02:14,830 | INFO | [raw sql] {}
2026-08-25 18:02:14,831 | INFO | show standard_conforming_strings
2026-08-25 18:02:14,831 | INFO | [raw sql] {}
2026-08-25 18:02:14,832 | INFO | BEGIN (implicit)
2026-08-25 18:02:14,835 | INFO | SELECT pg_catalog.pg_class.relname 
FROM pg_catalog.pg_class JOIN pg_catalog.pg_namespace ON pg_catalog.pg_namespace.oid = pg_catalog.pg_class.relnamespace 
WHERE pg_catalog.pg_class.relname = %(table_name)s AND pg_catalog.pg_class.relkind = ANY (ARRAY[%(param_1)s, %(param_2)s, %(param_3)s, %(param_4)s, %(param_5)s]) AND pg_catalog.pg_table_is_visible(pg_catalog.pg_class.oid) AND pg_catalog.pg_namespace.nspname != %(nspname_1)s
2026-08-25 18:02:14,835 | INFO | [generated in 0.00032s] {'table_name': 'sucursales', 'param_1': 'r', 'param_2': 'p', 'param_3': 'f', 'param_4': 'v', 'param_5': 'm', 'nspname_1': 'pg_catalog'}
2026-08-25 18:02:14,837 | INFO | SELECT pg_catalog.pg_class.relname 
FROM pg_catalog.pg_class JOIN pg_catalog.pg_namespace ON pg_catalog.pg_namespace.oid = pg_catalog.pg_class.relnamespace 
WHERE pg_catalog.pg_class.relname = %(table_name)s AND pg_catalog.pg_class.relkind = ANY (ARRAY[%(param_1)s, %(param_2)s, %(param_3)s, %(param_4)s, %(param_5)s]) AND pg_catalog.pg_table_is_visible(pg_catalog.pg_class.oid) AND pg_catalog.pg_namespace.nspname != %(nspname_1)s
2026-08-25 18:02:14,838 | INFO | [cached since 0.003047s ago] {'table_name': 'mesas', 'param_1': 'r', 'param_2': 'p', 'param_3': 'f', 'param_4': 'v', 'param_5': 'm', 'nspname_1': 'pg_catalog'}
2026-08-25 18:02:14,838 | INFO | SELECT pg_catalog.pg_class.relname 
FROM pg_catalog.pg_class JOIN pg_catalog.pg_namespace ON pg_catalog.pg_namespace.oid = pg_catalog.pg_class.relnamespace 
WHERE pg_catalog.pg_class.relname = %(table_name)s AND pg_catalog.pg_class.relkind = ANY (ARRAY[%(param_1)s, %(param_2)s, %(param_3)s, %(param_4)s, %(param_5)s]) AND pg_catalog.pg_table_is_visible(pg_catalog.pg_class.oid) AND pg_catalog.pg_namespace.nspname != %(nspname_1)s
2026-08-25 18:02:14,839 | INFO | [cached since 0.003931s ago] {'table_name': 'clientes', 'param_1': 'r', 'param_2': 'p', 'param_3': 'f', 'param_4': 'v', 'param_5': 'm', 'nspname_1': 'pg_catalog'}
2026-08-25 18:02:14,839 | INFO | SELECT pg_catalog.pg_class.relname 
FROM pg_catalog.pg_class JOIN pg_catalog.pg_namespace ON pg_catalog.pg_namespace.oid = pg_catalog.pg_class.relnamespace 
WHERE pg_catalog.pg_class.relname = %(table_name)s AND pg_catalog.pg_class.relkind = ANY (ARRAY[%(param_1)s, %(param_2)s, %(param_3)s, %(param_4)s, %(param_5)s]) AND pg_catalog.pg_table_is_visible(pg_catalog.pg_class.oid) AND pg_catalog.pg_namespace.nspname != %(nspname_1)s
2026-08-25 18:02:14,839 | INFO | [cached since 0.004788s ago] {'table_name': 'pedidos', 'param_1': 'r', 'param_2': 'p', 'param_3': 'f', 'param_4': 'v', 'param_5': 'm', 'nspname_1': 'pg_catalog'}
2026-08-25 18:02:14,840 | INFO | SELECT pg_catalog.pg_class.relname 
FROM pg_catalog.pg_class JOIN pg_catalog.pg_namespace ON pg_catalog.pg_namespace.oid = pg_catalog.pg_class.relnamespace 
WHERE pg_catalog.pg_class.relname = %(table_name)s AND pg_catalog.pg_class.relkind = ANY (ARRAY[%(param_1)s, %(param_2)s, %(param_3)s, %(param_4)s, %(param_5)s]) AND pg_catalog.pg_table_is_visible(pg_catalog.pg_class.oid) AND pg_catalog.pg_namespace.nspname != %(nspname_1)s
2026-08-25 18:02:14,840 | INFO | [cached since 0.005585s ago] {'table_name': 'detalles_pedido', 'param_1': 'r', 'param_2': 'p', 'param_3': 'f', 'param_4': 'v', 'param_5': 'm', 'nspname_1': 'pg_catalog'}
2026-08-25 18:02:14,841 | INFO | SELECT pg_catalog.pg_class.relname 
FROM pg_catalog.pg_class JOIN pg_catalog.pg_namespace ON pg_catalog.pg_namespace.oid = pg_catalog.pg_class.relnamespace 
WHERE pg_catalog.pg_class.relname = %(table_name)s AND pg_catalog.pg_class.relkind = ANY (ARRAY[%(param_1)s, %(param_2)s, %(param_3)s, %(param_4)s, %(param_5)s]) AND pg_catalog.pg_table_is_visible(pg_catalog.pg_class.oid) AND pg_catalog.pg_namespace.nspname != %(nspname_1)s
2026-08-25 18:02:14,841 | INFO | [cached since 0.006508s ago] {'table_name': 'productos', 'param_1': 'r', 'param_2': 'p', 'param_3': 'f', 'param_4': 'v', 'param_5': 'm', 'nspname_1': 'pg_catalog'}
2026-08-25 18:02:14,842 | INFO | SELECT pg_catalog.pg_class.relname 
FROM pg_catalog.pg_class JOIN pg_catalog.pg_namespace ON pg_catalog.pg_namespace.oid = pg_catalog.pg_class.relnamespace 
WHERE pg_catalog.pg_class.relname = %(table_name)s AND pg_catalog.pg_class.relkind = ANY (ARRAY[%(param_1)s, %(param_2)s, %(param_3)s, %(param_4)s, %(param_5)s]) AND pg_catalog.pg_table_is_visible(pg_catalog.pg_class.oid) AND pg_catalog.pg_namespace.nspname != %(nspname_1)s
2026-08-25 18:02:14,842 | INFO | [cached since 0.007599s ago] {'table_name': 'comandas', 'param_1': 'r', 'param_2': 'p', 'param_3': 'f', 'param_4': 'v', 'param_5': 'm', 'nspname_1': 'pg_catalog'}
2026-08-25 18:02:14,843 | INFO | SELECT pg_catalog.pg_class.relname 
FROM pg_catalog.pg_class JOIN pg_catalog.pg_namespace ON pg_catalog.pg_namespace.oid = pg_catalog.pg_class.relnamespace 
WHERE pg_catalog.pg_class.relname = %(table_name)s AND pg_catalog.pg_class.relkind = ANY (ARRAY[%(param_1)s, %(param_2)s, %(param_3)s, %(param_4)s, %(param_5)s]) AND pg_catalog.pg_table_is_visible(pg_catalog.pg_class.oid) AND pg_catalog.pg_namespace.nspname != %(nspname_1)s
2026-08-25 18:02:14,843 | INFO | [cached since 0.008535s ago] {'table_name': 'pagos', 'param_1': 'r', 'param_2': 'p', 'param_3': 'f', 'param_4': 'v', 'param_5': 'm', 'nspname_1': 'pg_catalog'}
2026-08-25 18:02:14,844 | INFO | SELECT pg_catalog.pg_class.relname 
FROM pg_catalog.pg_class JOIN pg_catalog.pg_namespace ON pg_catalog.pg_namespace.oid = pg_catalog.pg_class.relnamespace 
WHERE pg_catalog.pg_class.relname = %(table_name)s AND pg_catalog.pg_class.relkind = ANY (ARRAY[%(param_1)s, %(param_2)s, %(param_3)s, %(param_4)s, %(param_5)s]) AND pg_catalog.pg_table_is_visible(pg_catalog.pg_class.oid) AND pg_catalog.pg_namespace.nspname != %(nspname_1)s
2026-08-25 18:02:14,844 | INFO | [cached since 0.009398s ago] {'table_name': 'usuarios', 'param_1': 'r', 'param_2': 'p', 'param_3': 'f', 'param_4': 'v', 'param_5': 'm', 'nspname_1': 'pg_catalog'}
2026-08-25 18:02:14,845 | INFO | SELECT pg_catalog.pg_class.relname 
FROM pg_catalog.pg_class JOIN pg_catalog.pg_namespace ON pg_catalog.pg_namespace.oid = pg_catalog.pg_class.relnamespace 
WHERE pg_catalog.pg_class.relname = %(table_name)s AND pg_catalog.pg_class.relkind = ANY (ARRAY[%(param_1)s, %(param_2)s, %(param_3)s, %(param_4)s, %(param_5)s]) AND pg_catalog.pg_table_is_visible(pg_catalog.pg_class.oid) AND pg_catalog.pg_namespace.nspname != %(nspname_1)s
2026-08-25 18:02:14,845 | INFO | [cached since 0.01018s ago] {'table_name': 'cuentas_credito', 'param_1': 'r', 'param_2': 'p', 'param_3': 'f', 'param_4': 'v', 'param_5': 'm', 'nspname_1': 'pg_catalog'}
2026-08-25 18:02:14,845 | INFO | SELECT pg_catalog.pg_class.relname 
FROM pg_catalog.pg_class JOIN pg_catalog.pg_namespace ON pg_catalog.pg_namespace.oid = pg_catalog.pg_class.relnamespace 
WHERE pg_catalog.pg_class.relname = %(table_name)s AND pg_catalog.pg_class.relkind = ANY (ARRAY[%(param_1)s, %(param_2)s, %(param_3)s, %(param_4)s, %(param_5)s]) AND pg_catalog.pg_table_is_visible(pg_catalog.pg_class.oid) AND pg_catalog.pg_namespace.nspname != %(nspname_1)s
2026-08-25 18:02:14,845 | INFO | [cached since 0.01084s ago] {'table_name': 'movimientos_credito', 'param_1': 'r', 'param_2': 'p', 'param_3': 'f', 'param_4': 'v', 'param_5': 'm', 'nspname_1': 'pg_catalog'}
2026-08-25 18:02:14,846 | INFO | COMMIT
2026-08-25 18:06:19,375 | INFO | SINGLETON: Inicializando el pool de conexiones único hacia PostgreSQL.
2026-08-25 18:06:19,376 | INFO | INFRAESTRUCTURA: Verificando y creando el esquema de tablas del MVP.
2026-08-25 18:06:19,429 | INFO | select pg_catalog.version()
2026-08-25 18:06:19,429 | INFO | [raw sql] {}
2026-08-25 18:06:19,430 | INFO | select current_schema()
2026-08-25 18:06:19,431 | INFO | [raw sql] {}
2026-08-25 18:06:19,432 | INFO | show standard_conforming_strings
2026-08-25 18:06:19,432 | INFO | [raw sql] {}
2026-08-25 18:06:19,433 | INFO | BEGIN (implicit)
2026-08-25 18:06:19,435 | INFO | SELECT pg_catalog.pg_class.relname 
FROM pg_catalog.pg_class JOIN pg_catalog.pg_namespace ON pg_catalog.pg_namespace.oid = pg_catalog.pg_class.relnamespace 
WHERE pg_catalog.pg_class.relname = %(table_name)s AND pg_catalog.pg_class.relkind = ANY (ARRAY[%(param_1)s, %(param_2)s, %(param_3)s, %(param_4)s, %(param_5)s]) AND pg_catalog.pg_table_is_visible(pg_catalog.pg_class.oid) AND pg_catalog.pg_namespace.nspname != %(nspname_1)s
2026-08-25 18:06:19,436 | INFO | [generated in 0.00035s] {'table_name': 'sucursales', 'param_1': 'r', 'param_2': 'p', 'param_3': 'f', 'param_4': 'v', 'param_5': 'm', 'nspname_1': 'pg_catalog'}
2026-08-25 18:06:19,439 | INFO | SELECT pg_catalog.pg_class.relname 
FROM pg_catalog.pg_class JOIN pg_catalog.pg_namespace ON pg_catalog.pg_namespace.oid = pg_catalog.pg_class.relnamespace 
WHERE pg_catalog.pg_class.relname = %(table_name)s AND pg_catalog.pg_class.relkind = ANY (ARRAY[%(param_1)s, %(param_2)s, %(param_3)s, %(param_4)s, %(param_5)s]) AND pg_catalog.pg_table_is_visible(pg_catalog.pg_class.oid) AND pg_catalog.pg_namespace.nspname != %(nspname_1)s
2026-08-25 18:06:19,439 | INFO | [cached since 0.003392s ago] {'table_name': 'mesas', 'param_1': 'r', 'param_2': 'p', 'param_3': 'f', 'param_4': 'v', 'param_5': 'm', 'nspname_1': 'pg_catalog'}
2026-08-25 18:06:19,440 | INFO | SELECT pg_catalog.pg_class.relname 
FROM pg_catalog.pg_class JOIN pg_catalog.pg_namespace ON pg_catalog.pg_namespace.oid = pg_catalog.pg_class.relnamespace 
WHERE pg_catalog.pg_class.relname = %(table_name)s AND pg_catalog.pg_class.relkind = ANY (ARRAY[%(param_1)s, %(param_2)s, %(param_3)s, %(param_4)s, %(param_5)s]) AND pg_catalog.pg_table_is_visible(pg_catalog.pg_class.oid) AND pg_catalog.pg_namespace.nspname != %(nspname_1)s
2026-08-25 18:06:19,440 | INFO | [cached since 0.004301s ago] {'table_name': 'clientes', 'param_1': 'r', 'param_2': 'p', 'param_3': 'f', 'param_4': 'v', 'param_5': 'm', 'nspname_1': 'pg_catalog'}
2026-08-25 18:06:19,440 | INFO | SELECT pg_catalog.pg_class.relname 
FROM pg_catalog.pg_class JOIN pg_catalog.pg_namespace ON pg_catalog.pg_namespace.oid = pg_catalog.pg_class.relnamespace 
WHERE pg_catalog.pg_class.relname = %(table_name)s AND pg_catalog.pg_class.relkind = ANY (ARRAY[%(param_1)s, %(param_2)s, %(param_3)s, %(param_4)s, %(param_5)s]) AND pg_catalog.pg_table_is_visible(pg_catalog.pg_class.oid) AND pg_catalog.pg_namespace.nspname != %(nspname_1)s
2026-08-25 18:06:19,441 | INFO | [cached since 0.005199s ago] {'table_name': 'pedidos', 'param_1': 'r', 'param_2': 'p', 'param_3': 'f', 'param_4': 'v', 'param_5': 'm', 'nspname_1': 'pg_catalog'}
2026-08-25 18:06:19,441 | INFO | SELECT pg_catalog.pg_class.relname 
FROM pg_catalog.pg_class JOIN pg_catalog.pg_namespace ON pg_catalog.pg_namespace.oid = pg_catalog.pg_class.relnamespace 
WHERE pg_catalog.pg_class.relname = %(table_name)s AND pg_catalog.pg_class.relkind = ANY (ARRAY[%(param_1)s, %(param_2)s, %(param_3)s, %(param_4)s, %(param_5)s]) AND pg_catalog.pg_table_is_visible(pg_catalog.pg_class.oid) AND pg_catalog.pg_namespace.nspname != %(nspname_1)s
2026-08-25 18:06:19,442 | INFO | [cached since 0.006177s ago] {'table_name': 'detalles_pedido', 'param_1': 'r', 'param_2': 'p', 'param_3': 'f', 'param_4': 'v', 'param_5': 'm', 'nspname_1': 'pg_catalog'}
2026-08-25 18:06:19,442 | INFO | SELECT pg_catalog.pg_class.relname 
FROM pg_catalog.pg_class JOIN pg_catalog.pg_namespace ON pg_catalog.pg_namespace.oid = pg_catalog.pg_class.relnamespace 
WHERE pg_catalog.pg_class.relname = %(table_name)s AND pg_catalog.pg_class.relkind = ANY (ARRAY[%(param_1)s, %(param_2)s, %(param_3)s, %(param_4)s, %(param_5)s]) AND pg_catalog.pg_table_is_visible(pg_catalog.pg_class.oid) AND pg_catalog.pg_namespace.nspname != %(nspname_1)s
2026-08-25 18:06:19,443 | INFO | [cached since 0.007332s ago] {'table_name': 'productos', 'param_1': 'r', 'param_2': 'p', 'param_3': 'f', 'param_4': 'v', 'param_5': 'm', 'nspname_1': 'pg_catalog'}
2026-08-25 18:06:19,444 | INFO | SELECT pg_catalog.pg_class.relname 
FROM pg_catalog.pg_class JOIN pg_catalog.pg_namespace ON pg_catalog.pg_namespace.oid = pg_catalog.pg_class.relnamespace 
WHERE pg_catalog.pg_class.relname = %(table_name)s AND pg_catalog.pg_class.relkind = ANY (ARRAY[%(param_1)s, %(param_2)s, %(param_3)s, %(param_4)s, %(param_5)s]) AND pg_catalog.pg_table_is_visible(pg_catalog.pg_class.oid) AND pg_catalog.pg_namespace.nspname != %(nspname_1)s
2026-08-25 18:06:19,444 | INFO | [cached since 0.008497s ago] {'table_name': 'comandas', 'param_1': 'r', 'param_2': 'p', 'param_3': 'f', 'param_4': 'v', 'param_5': 'm', 'nspname_1': 'pg_catalog'}
2026-08-25 18:06:19,445 | INFO | SELECT pg_catalog.pg_class.relname 
FROM pg_catalog.pg_class JOIN pg_catalog.pg_namespace ON pg_catalog.pg_namespace.oid = pg_catalog.pg_class.relnamespace 
WHERE pg_catalog.pg_class.relname = %(table_name)s AND pg_catalog.pg_class.relkind = ANY (ARRAY[%(param_1)s, %(param_2)s, %(param_3)s, %(param_4)s, %(param_5)s]) AND pg_catalog.pg_table_is_visible(pg_catalog.pg_class.oid) AND pg_catalog.pg_namespace.nspname != %(nspname_1)s
2026-08-25 18:06:19,445 | INFO | [cached since 0.009313s ago] {'table_name': 'pagos', 'param_1': 'r', 'param_2': 'p', 'param_3': 'f', 'param_4': 'v', 'param_5': 'm', 'nspname_1': 'pg_catalog'}
2026-08-25 18:06:19,445 | INFO | SELECT pg_catalog.pg_class.relname 
FROM pg_catalog.pg_class JOIN pg_catalog.pg_namespace ON pg_catalog.pg_namespace.oid = pg_catalog.pg_class.relnamespace 
WHERE pg_catalog.pg_class.relname = %(table_name)s AND pg_catalog.pg_class.relkind = ANY (ARRAY[%(param_1)s, %(param_2)s, %(param_3)s, %(param_4)s, %(param_5)s]) AND pg_catalog.pg_table_is_visible(pg_catalog.pg_class.oid) AND pg_catalog.pg_namespace.nspname != %(nspname_1)s
2026-08-25 18:06:19,446 | INFO | [cached since 0.01011s ago] {'table_name': 'usuarios', 'param_1': 'r', 'param_2': 'p', 'param_3': 'f', 'param_4': 'v', 'param_5': 'm', 'nspname_1': 'pg_catalog'}
2026-08-25 18:06:19,446 | INFO | SELECT pg_catalog.pg_class.relname 
FROM pg_catalog.pg_class JOIN pg_catalog.pg_namespace ON pg_catalog.pg_namespace.oid = pg_catalog.pg_class.relnamespace 
WHERE pg_catalog.pg_class.relname = %(table_name)s AND pg_catalog.pg_class.relkind = ANY (ARRAY[%(param_1)s, %(param_2)s, %(param_3)s, %(param_4)s, %(param_5)s]) AND pg_catalog.pg_table_is_visible(pg_catalog.pg_class.oid) AND pg_catalog.pg_namespace.nspname != %(nspname_1)s
2026-08-25 18:06:19,446 | INFO | [cached since 0.01092s ago] {'table_name': 'cuentas_credito', 'param_1': 'r', 'param_2': 'p', 'param_3': 'f', 'param_4': 'v', 'param_5': 'm', 'nspname_1': 'pg_catalog'}
2026-08-25 18:06:19,447 | INFO | SELECT pg_catalog.pg_class.relname 
FROM pg_catalog.pg_class JOIN pg_catalog.pg_namespace ON pg_catalog.pg_namespace.oid = pg_catalog.pg_class.relnamespace 
WHERE pg_catalog.pg_class.relname = %(table_name)s AND pg_catalog.pg_class.relkind = ANY (ARRAY[%(param_1)s, %(param_2)s, %(param_3)s, %(param_4)s, %(param_5)s]) AND pg_catalog.pg_table_is_visible(pg_catalog.pg_class.oid) AND pg_catalog.pg_namespace.nspname != %(nspname_1)s
2026-08-25 18:06:19,447 | INFO | [cached since 0.01174s ago] {'table_name': 'movimientos_credito', 'param_1': 'r', 'param_2': 'p', 'param_3': 'f', 'param_4': 'v', 'param_5': 'm', 'nspname_1': 'pg_catalog'}
2026-08-25 18:06:19,448 | INFO | COMMIT
2026-08-25 18:10:01,592 | INFO | SINGLETON: Inicializando el pool de conexiones único hacia PostgreSQL.
2026-08-25 18:10:01,593 | INFO | INFRAESTRUCTURA: Verificando y creando el esquema de tablas del MVP.
2026-08-25 18:10:01,653 | INFO | select pg_catalog.version()
2026-08-25 18:10:01,653 | INFO | [raw sql] {}
2026-08-25 18:10:01,655 | INFO | select current_schema()
2026-08-25 18:10:01,656 | INFO | [raw sql] {}
2026-08-25 18:10:01,657 | INFO | show standard_conforming_strings
2026-08-25 18:10:01,657 | INFO | [raw sql] {}
2026-08-25 18:10:01,658 | INFO | BEGIN (implicit)
2026-08-25 18:10:01,662 | INFO | SELECT pg_catalog.pg_class.relname 
FROM pg_catalog.pg_class JOIN pg_catalog.pg_namespace ON pg_catalog.pg_namespace.oid = pg_catalog.pg_class.relnamespace 
WHERE pg_catalog.pg_class.relname = %(table_name)s AND pg_catalog.pg_class.relkind = ANY (ARRAY[%(param_1)s, %(param_2)s, %(param_3)s, %(param_4)s, %(param_5)s]) AND pg_catalog.pg_table_is_visible(pg_catalog.pg_class.oid) AND pg_catalog.pg_namespace.nspname != %(nspname_1)s
2026-08-25 18:10:01,662 | INFO | [generated in 0.00039s] {'table_name': 'sucursales', 'param_1': 'r', 'param_2': 'p', 'param_3': 'f', 'param_4': 'v', 'param_5': 'm', 'nspname_1': 'pg_catalog'}
2026-08-25 18:10:01,664 | INFO | SELECT pg_catalog.pg_class.relname 
FROM pg_catalog.pg_class JOIN pg_catalog.pg_namespace ON pg_catalog.pg_namespace.oid = pg_catalog.pg_class.relnamespace 
WHERE pg_catalog.pg_class.relname = %(table_name)s AND pg_catalog.pg_class.relkind = ANY (ARRAY[%(param_1)s, %(param_2)s, %(param_3)s, %(param_4)s, %(param_5)s]) AND pg_catalog.pg_table_is_visible(pg_catalog.pg_class.oid) AND pg_catalog.pg_namespace.nspname != %(nspname_1)s
2026-08-25 18:10:01,664 | INFO | [cached since 0.00305s ago] {'table_name': 'mesas', 'param_1': 'r', 'param_2': 'p', 'param_3': 'f', 'param_4': 'v', 'param_5': 'm', 'nspname_1': 'pg_catalog'}
2026-08-25 18:10:01,665 | INFO | SELECT pg_catalog.pg_class.relname 
FROM pg_catalog.pg_class JOIN pg_catalog.pg_namespace ON pg_catalog.pg_namespace.oid = pg_catalog.pg_class.relnamespace 
WHERE pg_catalog.pg_class.relname = %(table_name)s AND pg_catalog.pg_class.relkind = ANY (ARRAY[%(param_1)s, %(param_2)s, %(param_3)s, %(param_4)s, %(param_5)s]) AND pg_catalog.pg_table_is_visible(pg_catalog.pg_class.oid) AND pg_catalog.pg_namespace.nspname != %(nspname_1)s
2026-08-25 18:10:01,665 | INFO | [cached since 0.004084s ago] {'table_name': 'clientes', 'param_1': 'r', 'param_2': 'p', 'param_3': 'f', 'param_4': 'v', 'param_5': 'm', 'nspname_1': 'pg_catalog'}
2026-08-25 18:10:01,667 | INFO | SELECT pg_catalog.pg_class.relname 
FROM pg_catalog.pg_class JOIN pg_catalog.pg_namespace ON pg_catalog.pg_namespace.oid = pg_catalog.pg_class.relnamespace 
WHERE pg_catalog.pg_class.relname = %(table_name)s AND pg_catalog.pg_class.relkind = ANY (ARRAY[%(param_1)s, %(param_2)s, %(param_3)s, %(param_4)s, %(param_5)s]) AND pg_catalog.pg_table_is_visible(pg_catalog.pg_class.oid) AND pg_catalog.pg_namespace.nspname != %(nspname_1)s
2026-08-25 18:10:01,667 | INFO | [cached since 0.005408s ago] {'table_name': 'pedidos', 'param_1': 'r', 'param_2': 'p', 'param_3': 'f', 'param_4': 'v', 'param_5': 'm', 'nspname_1': 'pg_catalog'}
2026-08-25 18:10:01,668 | INFO | SELECT pg_catalog.pg_class.relname 
FROM pg_catalog.pg_class JOIN pg_catalog.pg_namespace ON pg_catalog.pg_namespace.oid = pg_catalog.pg_class.relnamespace 
WHERE pg_catalog.pg_class.relname = %(table_name)s AND pg_catalog.pg_class.relkind = ANY (ARRAY[%(param_1)s, %(param_2)s, %(param_3)s, %(param_4)s, %(param_5)s]) AND pg_catalog.pg_table_is_visible(pg_catalog.pg_class.oid) AND pg_catalog.pg_namespace.nspname != %(nspname_1)s
2026-08-25 18:10:01,668 | INFO | [cached since 0.006462s ago] {'table_name': 'detalles_pedido', 'param_1': 'r', 'param_2': 'p', 'param_3': 'f', 'param_4': 'v', 'param_5': 'm', 'nspname_1': 'pg_catalog'}
2026-08-25 18:10:01,669 | INFO | SELECT pg_catalog.pg_class.relname 
FROM pg_catalog.pg_class JOIN pg_catalog.pg_namespace ON pg_catalog.pg_namespace.oid = pg_catalog.pg_class.relnamespace 
WHERE pg_catalog.pg_class.relname = %(table_name)s AND pg_catalog.pg_class.relkind = ANY (ARRAY[%(param_1)s, %(param_2)s, %(param_3)s, %(param_4)s, %(param_5)s]) AND pg_catalog.pg_table_is_visible(pg_catalog.pg_class.oid) AND pg_catalog.pg_namespace.nspname != %(nspname_1)s
2026-08-25 18:10:01,669 | INFO | [cached since 0.007347s ago] {'table_name': 'productos', 'param_1': 'r', 'param_2': 'p', 'param_3': 'f', 'param_4': 'v', 'param_5': 'm', 'nspname_1': 'pg_catalog'}
2026-08-25 18:10:01,669 | INFO | SELECT pg_catalog.pg_class.relname 
FROM pg_catalog.pg_class JOIN pg_catalog.pg_namespace ON pg_catalog.pg_namespace.oid = pg_catalog.pg_class.relnamespace 
WHERE pg_catalog.pg_class.relname = %(table_name)s AND pg_catalog.pg_class.relkind = ANY (ARRAY[%(param_1)s, %(param_2)s, %(param_3)s, %(param_4)s, %(param_5)s]) AND pg_catalog.pg_table_is_visible(pg_catalog.pg_class.oid) AND pg_catalog.pg_namespace.nspname != %(nspname_1)s
2026-08-25 18:10:01,670 | INFO | [cached since 0.008221s ago] {'table_name': 'comandas', 'param_1': 'r', 'param_2': 'p', 'param_3': 'f', 'param_4': 'v', 'param_5': 'm', 'nspname_1': 'pg_catalog'}
2026-08-25 18:10:01,670 | INFO | SELECT pg_catalog.pg_class.relname 
FROM pg_catalog.pg_class JOIN pg_catalog.pg_namespace ON pg_catalog.pg_namespace.oid = pg_catalog.pg_class.relnamespace 
WHERE pg_catalog.pg_class.relname = %(table_name)s AND pg_catalog.pg_class.relkind = ANY (ARRAY[%(param_1)s, %(param_2)s, %(param_3)s, %(param_4)s, %(param_5)s]) AND pg_catalog.pg_table_is_visible(pg_catalog.pg_class.oid) AND pg_catalog.pg_namespace.nspname != %(nspname_1)s
2026-08-25 18:10:01,670 | INFO | [cached since 0.008929s ago] {'table_name': 'pagos', 'param_1': 'r', 'param_2': 'p', 'param_3': 'f', 'param_4': 'v', 'param_5': 'm', 'nspname_1': 'pg_catalog'}
2026-08-25 18:10:01,671 | INFO | SELECT pg_catalog.pg_class.relname 
FROM pg_catalog.pg_class JOIN pg_catalog.pg_namespace ON pg_catalog.pg_namespace.oid = pg_catalog.pg_class.relnamespace 
WHERE pg_catalog.pg_class.relname = %(table_name)s AND pg_catalog.pg_class.relkind = ANY (ARRAY[%(param_1)s, %(param_2)s, %(param_3)s, %(param_4)s, %(param_5)s]) AND pg_catalog.pg_table_is_visible(pg_catalog.pg_class.oid) AND pg_catalog.pg_namespace.nspname != %(nspname_1)s
2026-08-25 18:10:01,671 | INFO | [cached since 0.009631s ago] {'table_name': 'usuarios', 'param_1': 'r', 'param_2': 'p', 'param_3': 'f', 'param_4': 'v', 'param_5': 'm', 'nspname_1': 'pg_catalog'}
2026-08-25 18:10:01,672 | INFO | SELECT pg_catalog.pg_class.relname 
FROM pg_catalog.pg_class JOIN pg_catalog.pg_namespace ON pg_catalog.pg_namespace.oid = pg_catalog.pg_class.relnamespace 
WHERE pg_catalog.pg_class.relname = %(table_name)s AND pg_catalog.pg_class.relkind = ANY (ARRAY[%(param_1)s, %(param_2)s, %(param_3)s, %(param_4)s, %(param_5)s]) AND pg_catalog.pg_table_is_visible(pg_catalog.pg_class.oid) AND pg_catalog.pg_namespace.nspname != %(nspname_1)s
2026-08-25 18:10:01,672 | INFO | [cached since 0.01039s ago] {'table_name': 'cuentas_credito', 'param_1': 'r', 'param_2': 'p', 'param_3': 'f', 'param_4': 'v', 'param_5': 'm', 'nspname_1': 'pg_catalog'}
2026-08-25 18:10:01,672 | INFO | SELECT pg_catalog.pg_class.relname 
FROM pg_catalog.pg_class JOIN pg_catalog.pg_namespace ON pg_catalog.pg_namespace.oid = pg_catalog.pg_class.relnamespace 
WHERE pg_catalog.pg_class.relname = %(table_name)s AND pg_catalog.pg_class.relkind = ANY (ARRAY[%(param_1)s, %(param_2)s, %(param_3)s, %(param_4)s, %(param_5)s]) AND pg_catalog.pg_table_is_visible(pg_catalog.pg_class.oid) AND pg_catalog.pg_namespace.nspname != %(nspname_1)s
2026-08-25 18:10:01,672 | INFO | [cached since 0.01106s ago] {'table_name': 'movimientos_credito', 'param_1': 'r', 'param_2': 'p', 'param_3': 'f', 'param_4': 'v', 'param_5': 'm', 'nspname_1': 'pg_catalog'}
2026-08-25 18:10:01,673 | INFO | COMMIT
2026-08-25 18:10:17,642 | INFO | BEGIN (implicit)
2026-08-25 18:10:17,654 | INFO | SELECT productos.id AS productos_id, productos.nombre AS productos_nombre, productos.precio AS productos_precio, productos."UsuarioCreacion" AS "productos_UsuarioCreacion", productos."FechaCreacion" AS "productos_FechaCreacion", productos."UsuarioModificacion" AS "productos_UsuarioModificacion", productos."FechaModificacion" AS "productos_FechaModificacion", productos."EstadoTupla" AS "productos_EstadoTupla" 
FROM productos 
WHERE productos."EstadoTupla" = true
2026-08-25 18:10:17,672 | INFO | [generated in 0.01793s] {}
2026-08-25 18:10:19,615 | INFO | BEGIN (implicit)
2026-08-25 18:10:19,616 | INFO | SELECT productos.id AS productos_id, productos.nombre AS productos_nombre, productos.precio AS productos_precio, productos."UsuarioCreacion" AS "productos_UsuarioCreacion", productos."FechaCreacion" AS "productos_FechaCreacion", productos."UsuarioModificacion" AS "productos_UsuarioModificacion", productos."FechaModificacion" AS "productos_FechaModificacion", productos."EstadoTupla" AS "productos_EstadoTupla" 
FROM productos 
WHERE productos."EstadoTupla" = true
2026-08-25 18:10:19,616 | INFO | [cached since 1.962s ago] {}
2026-08-25 18:10:21,246 | INFO | BEGIN (implicit)
2026-08-25 18:10:21,247 | INFO | SELECT productos.id AS productos_id, productos.nombre AS productos_nombre, productos.precio AS productos_precio, productos."UsuarioCreacion" AS "productos_UsuarioCreacion", productos."FechaCreacion" AS "productos_FechaCreacion", productos."UsuarioModificacion" AS "productos_UsuarioModificacion", productos."FechaModificacion" AS "productos_FechaModificacion", productos."EstadoTupla" AS "productos_EstadoTupla" 
FROM productos 
WHERE productos."EstadoTupla" = true
2026-08-25 18:10:21,247 | INFO | [cached since 3.593s ago] {}
2026-08-25 18:10:24,315 | INFO | BEGIN (implicit)
2026-08-25 18:10:24,315 | INFO | SELECT productos.id AS productos_id, productos.nombre AS productos_nombre, productos.precio AS productos_precio, productos."UsuarioCreacion" AS "productos_UsuarioCreacion", productos."FechaCreacion" AS "productos_FechaCreacion", productos."UsuarioModificacion" AS "productos_UsuarioModificacion", productos."FechaModificacion" AS "productos_FechaModificacion", productos."EstadoTupla" AS "productos_EstadoTupla" 
FROM productos 
WHERE productos."EstadoTupla" = true
2026-08-25 18:10:24,316 | INFO | [cached since 6.662s ago] {}
2026-08-25 18:10:25,559 | INFO | BEGIN (implicit)
2026-08-25 18:10:25,559 | INFO | SELECT productos.id AS productos_id, productos.nombre AS productos_nombre, productos.precio AS productos_precio, productos."UsuarioCreacion" AS "productos_UsuarioCreacion", productos."FechaCreacion" AS "productos_FechaCreacion", productos."UsuarioModificacion" AS "productos_UsuarioModificacion", productos."FechaModificacion" AS "productos_FechaModificacion", productos."EstadoTupla" AS "productos_EstadoTupla" 
FROM productos 
WHERE productos."EstadoTupla" = true
2026-08-25 18:10:25,560 | INFO | [cached since 7.906s ago] {}
2026-08-25 18:10:28,109 | INFO | BEGIN (implicit)
2026-08-25 18:10:28,109 | INFO | SELECT productos.id AS productos_id, productos.nombre AS productos_nombre, productos.precio AS productos_precio, productos."UsuarioCreacion" AS "productos_UsuarioCreacion", productos."FechaCreacion" AS "productos_FechaCreacion", productos."UsuarioModificacion" AS "productos_UsuarioModificacion", productos."FechaModificacion" AS "productos_FechaModificacion", productos."EstadoTupla" AS "productos_EstadoTupla" 
FROM productos 
WHERE productos."EstadoTupla" = true
2026-08-25 18:10:28,110 | INFO | [cached since 10.46s ago] {}
2026-08-25 18:11:09,221 | INFO | BEGIN (implicit)
2026-08-25 18:11:09,225 | INFO | SELECT usuarios.id_usuario AS usuarios_id_usuario, usuarios.username AS usuarios_username, usuarios.password_hashed AS usuarios_password_hashed, usuarios."UsuarioCreacion" AS "usuarios_UsuarioCreacion", usuarios."FechaCreacion" AS "usuarios_FechaCreacion", usuarios."UsuarioModificacion" AS "usuarios_UsuarioModificacion", usuarios."FechaModificacion" AS "usuarios_FechaModificacion", usuarios."EstadoTupla" AS "usuarios_EstadoTupla" 
FROM usuarios 
WHERE usuarios.username = %(username_1)s AND usuarios."EstadoTupla" = true 
 LIMIT %(param_1)s
2026-08-25 18:11:09,226 | INFO | [generated in 0.00187s] {'username_1': 'admin', 'param_1': 1}
2026-08-25 18:11:34,663 | INFO | BEGIN (implicit)
2026-08-25 18:11:34,663 | INFO | SELECT productos.id AS productos_id, productos.nombre AS productos_nombre, productos.precio AS productos_precio, productos."UsuarioCreacion" AS "productos_UsuarioCreacion", productos."FechaCreacion" AS "productos_FechaCreacion", productos."UsuarioModificacion" AS "productos_UsuarioModificacion", productos."FechaModificacion" AS "productos_FechaModificacion", productos."EstadoTupla" AS "productos_EstadoTupla" 
FROM productos 
WHERE productos."EstadoTupla" = true
2026-08-25 18:11:34,664 | INFO | [cached since 77.01s ago] {}
2026-08-25 18:11:36,345 | INFO | BEGIN (implicit)
2026-08-25 18:11:36,345 | INFO | SELECT productos.id AS productos_id, productos.nombre AS productos_nombre, productos.precio AS productos_precio, productos."UsuarioCreacion" AS "productos_UsuarioCreacion", productos."FechaCreacion" AS "productos_FechaCreacion", productos."UsuarioModificacion" AS "productos_UsuarioModificacion", productos."FechaModificacion" AS "productos_FechaModificacion", productos."EstadoTupla" AS "productos_EstadoTupla" 
FROM productos 
WHERE productos."EstadoTupla" = true
2026-08-25 18:11:36,346 | INFO | [cached since 78.69s ago] {}
2026-08-25 18:11:47,211 | INFO | BEGIN (implicit)
2026-08-25 18:11:47,211 | INFO | SELECT usuarios.id_usuario AS usuarios_id_usuario, usuarios.username AS usuarios_username, usuarios.password_hashed AS usuarios_password_hashed, usuarios."UsuarioCreacion" AS "usuarios_UsuarioCreacion", usuarios."FechaCreacion" AS "usuarios_FechaCreacion", usuarios."UsuarioModificacion" AS "usuarios_UsuarioModificacion", usuarios."FechaModificacion" AS "usuarios_FechaModificacion", usuarios."EstadoTupla" AS "usuarios_EstadoTupla" 
FROM usuarios 
WHERE usuarios.username = %(username_1)s AND usuarios."EstadoTupla" = true 
 LIMIT %(param_1)s
2026-08-25 18:11:47,211 | INFO | [cached since 37.99s ago] {'username_1': 'admin', 'param_1': 1}
2026-08-25 18:11:47,279 | INFO | BEGIN (implicit)
2026-08-25 18:11:47,279 | INFO | SELECT productos.id AS productos_id, productos.nombre AS productos_nombre, productos.precio AS productos_precio, productos."UsuarioCreacion" AS "productos_UsuarioCreacion", productos."FechaCreacion" AS "productos_FechaCreacion", productos."UsuarioModificacion" AS "productos_UsuarioModificacion", productos."FechaModificacion" AS "productos_FechaModificacion", productos."EstadoTupla" AS "productos_EstadoTupla" 
FROM productos 
WHERE productos."EstadoTupla" = true
2026-08-25 18:11:47,280 | INFO | [cached since 89.63s ago] {}
2026-08-25 18:11:49,815 | INFO | BEGIN (implicit)
2026-08-25 18:11:49,815 | INFO | SELECT productos.id AS productos_id, productos.nombre AS productos_nombre, productos.precio AS productos_precio, productos."UsuarioCreacion" AS "productos_UsuarioCreacion", productos."FechaCreacion" AS "productos_FechaCreacion", productos."UsuarioModificacion" AS "productos_UsuarioModificacion", productos."FechaModificacion" AS "productos_FechaModificacion", productos."EstadoTupla" AS "productos_EstadoTupla" 
FROM productos 
WHERE productos."EstadoTupla" = true
2026-08-25 18:11:49,815 | INFO | [cached since 92.16s ago] {}
2026-08-25 18:11:51,714 | INFO | BEGIN (implicit)
2026-08-25 18:11:51,715 | INFO | SELECT productos.id_producto AS productos_id_producto, productos.nombre AS productos_nombre, productos.categoria AS productos_categoria, productos.precio AS productos_precio, productos."UsuarioCreacion" AS "productos_UsuarioCreacion", productos."FechaCreacion" AS "productos_FechaCreacion", productos."UsuarioModificacion" AS "productos_UsuarioModificacion", productos."FechaModificacion" AS "productos_FechaModificacion", productos."EstadoTupla" AS "productos_EstadoTupla" 
FROM productos 
WHERE productos.nombre = %(nombre_1)s 
 LIMIT %(param_1)s
2026-08-25 18:11:51,715 | INFO | [generated in 0.00023s] {'nombre_1': 'Producto 1', 'param_1': 1}
2026-08-25 18:11:51,719 | INFO | INSERT INTO productos (nombre, categoria, precio, "UsuarioCreacion", "FechaCreacion", "UsuarioModificacion", "FechaModificacion", "EstadoTupla") VALUES (%(nombre)s, %(categoria)s, %(precio)s, %(UsuarioCreacion)s, %(FechaCreacion)s, %(UsuarioModificacion)s, %(FechaModificacion)s, %(EstadoTupla)s) RETURNING productos.id_producto
2026-08-25 18:11:51,719 | INFO | [generated in 0.00026s] {'nombre': 'Producto 1', 'categoria': 'General', 'precio': 1000.0, 'UsuarioCreacion': 'admin', 'FechaCreacion': datetime.datetime(2026, 8, 25, 22, 11, 51, 719218, tzinfo=datetime.timezone.utc), 'UsuarioModificacion': None, 'FechaModificacion': None, 'EstadoTupla': True}
2026-08-25 18:11:51,722 | INFO | COMMIT
2026-08-25 18:11:51,730 | INFO | BEGIN (implicit)
2026-08-25 18:11:51,730 | INFO | SELECT productos.id AS productos_id, productos.nombre AS productos_nombre, productos.precio AS productos_precio, productos."UsuarioCreacion" AS "productos_UsuarioCreacion", productos."FechaCreacion" AS "productos_FechaCreacion", productos."UsuarioModificacion" AS "productos_UsuarioModificacion", productos."FechaModificacion" AS "productos_FechaModificacion", productos."EstadoTupla" AS "productos_EstadoTupla" 
FROM productos 
WHERE productos."EstadoTupla" = true
2026-08-25 18:11:51,731 | INFO | [cached since 94.08s ago] {}
2026-08-25 18:12:02,713 | INFO | BEGIN (implicit)
2026-08-25 18:12:02,714 | INFO | SELECT productos.id_producto AS productos_id_producto, productos.nombre AS productos_nombre, productos.categoria AS productos_categoria, productos.precio AS productos_precio, productos."UsuarioCreacion" AS "productos_UsuarioCreacion", productos."FechaCreacion" AS "productos_FechaCreacion", productos."UsuarioModificacion" AS "productos_UsuarioModificacion", productos."FechaModificacion" AS "productos_FechaModificacion", productos."EstadoTupla" AS "productos_EstadoTupla" 
FROM productos 
WHERE productos.nombre = %(nombre_1)s 
 LIMIT %(param_1)s
2026-08-25 18:12:02,714 | INFO | [cached since 11s ago] {'nombre_1': 'Producto 1', 'param_1': 1}
2026-08-25 18:12:13,829 | INFO | BEGIN (implicit)
2026-08-25 18:12:13,830 | INFO | SELECT productos.id_producto AS productos_id_producto, productos.nombre AS productos_nombre, productos.categoria AS productos_categoria, productos.precio AS productos_precio, productos."UsuarioCreacion" AS "productos_UsuarioCreacion", productos."FechaCreacion" AS "productos_FechaCreacion", productos."UsuarioModificacion" AS "productos_UsuarioModificacion", productos."FechaModificacion" AS "productos_FechaModificacion", productos."EstadoTupla" AS "productos_EstadoTupla" 
FROM productos 
WHERE productos.nombre = %(nombre_1)s 
 LIMIT %(param_1)s
2026-08-25 18:12:13,830 | INFO | [cached since 22.11s ago] {'nombre_1': 'Producto 10', 'param_1': 1}
2026-08-25 18:12:13,832 | INFO | INSERT INTO productos (nombre, categoria, precio, "UsuarioCreacion", "FechaCreacion", "UsuarioModificacion", "FechaModificacion", "EstadoTupla") VALUES (%(nombre)s, %(categoria)s, %(precio)s, %(UsuarioCreacion)s, %(FechaCreacion)s, %(UsuarioModificacion)s, %(FechaModificacion)s, %(EstadoTupla)s) RETURNING productos.id_producto
2026-08-25 18:12:13,833 | INFO | [cached since 22.11s ago] {'nombre': 'Producto 10', 'categoria': 'General', 'precio': 10000.0, 'UsuarioCreacion': 'admin', 'FechaCreacion': datetime.datetime(2026, 8, 25, 22, 12, 13, 832873, tzinfo=datetime.timezone.utc), 'UsuarioModificacion': None, 'FechaModificacion': None, 'EstadoTupla': True}
2026-08-25 18:12:13,833 | INFO | COMMIT
2026-08-25 18:12:13,841 | INFO | BEGIN (implicit)
2026-08-25 18:12:13,842 | INFO | SELECT productos.id AS productos_id, productos.nombre AS productos_nombre, productos.precio AS productos_precio, productos."UsuarioCreacion" AS "productos_UsuarioCreacion", productos."FechaCreacion" AS "productos_FechaCreacion", productos."UsuarioModificacion" AS "productos_UsuarioModificacion", productos."FechaModificacion" AS "productos_FechaModificacion", productos."EstadoTupla" AS "productos_EstadoTupla" 
FROM productos 
WHERE productos."EstadoTupla" = true
2026-08-25 18:12:13,842 | INFO | [cached since 116.2s ago] {}
2026-08-25 18:17:16,311 | INFO | SINGLETON: Inicializando el pool de conexiones único hacia PostgreSQL.
2026-08-25 18:17:16,312 | INFO | INFRAESTRUCTURA: Verificando y creando el esquema de tablas del MVP.
2026-08-25 18:17:16,367 | INFO | select pg_catalog.version()
2026-08-25 18:17:16,367 | INFO | [raw sql] {}
2026-08-25 18:17:16,369 | INFO | select current_schema()
2026-08-25 18:17:16,369 | INFO | [raw sql] {}
2026-08-25 18:17:16,369 | INFO | show standard_conforming_strings
2026-08-25 18:17:16,370 | INFO | [raw sql] {}
2026-08-25 18:17:16,370 | INFO | BEGIN (implicit)
2026-08-25 18:17:16,373 | INFO | SELECT pg_catalog.pg_class.relname 
FROM pg_catalog.pg_class JOIN pg_catalog.pg_namespace ON pg_catalog.pg_namespace.oid = pg_catalog.pg_class.relnamespace 
WHERE pg_catalog.pg_class.relname = %(table_name)s AND pg_catalog.pg_class.relkind = ANY (ARRAY[%(param_1)s, %(param_2)s, %(param_3)s, %(param_4)s, %(param_5)s]) AND pg_catalog.pg_table_is_visible(pg_catalog.pg_class.oid) AND pg_catalog.pg_namespace.nspname != %(nspname_1)s
2026-08-25 18:17:16,373 | INFO | [generated in 0.00027s] {'table_name': 'sucursales', 'param_1': 'r', 'param_2': 'p', 'param_3': 'f', 'param_4': 'v', 'param_5': 'm', 'nspname_1': 'pg_catalog'}
2026-08-25 18:17:16,376 | INFO | SELECT pg_catalog.pg_class.relname 
FROM pg_catalog.pg_class JOIN pg_catalog.pg_namespace ON pg_catalog.pg_namespace.oid = pg_catalog.pg_class.relnamespace 
WHERE pg_catalog.pg_class.relname = %(table_name)s AND pg_catalog.pg_class.relkind = ANY (ARRAY[%(param_1)s, %(param_2)s, %(param_3)s, %(param_4)s, %(param_5)s]) AND pg_catalog.pg_table_is_visible(pg_catalog.pg_class.oid) AND pg_catalog.pg_namespace.nspname != %(nspname_1)s
2026-08-25 18:17:16,376 | INFO | [cached since 0.003012s ago] {'table_name': 'mesas', 'param_1': 'r', 'param_2': 'p', 'param_3': 'f', 'param_4': 'v', 'param_5': 'm', 'nspname_1': 'pg_catalog'}
2026-08-25 18:17:16,377 | INFO | SELECT pg_catalog.pg_class.relname 
FROM pg_catalog.pg_class JOIN pg_catalog.pg_namespace ON pg_catalog.pg_namespace.oid = pg_catalog.pg_class.relnamespace 
WHERE pg_catalog.pg_class.relname = %(table_name)s AND pg_catalog.pg_class.relkind = ANY (ARRAY[%(param_1)s, %(param_2)s, %(param_3)s, %(param_4)s, %(param_5)s]) AND pg_catalog.pg_table_is_visible(pg_catalog.pg_class.oid) AND pg_catalog.pg_namespace.nspname != %(nspname_1)s
2026-08-25 18:17:16,377 | INFO | [cached since 0.00384s ago] {'table_name': 'clientes', 'param_1': 'r', 'param_2': 'p', 'param_3': 'f', 'param_4': 'v', 'param_5': 'm', 'nspname_1': 'pg_catalog'}
2026-08-25 18:17:16,377 | INFO | SELECT pg_catalog.pg_class.relname 
FROM pg_catalog.pg_class JOIN pg_catalog.pg_namespace ON pg_catalog.pg_namespace.oid = pg_catalog.pg_class.relnamespace 
WHERE pg_catalog.pg_class.relname = %(table_name)s AND pg_catalog.pg_class.relkind = ANY (ARRAY[%(param_1)s, %(param_2)s, %(param_3)s, %(param_4)s, %(param_5)s]) AND pg_catalog.pg_table_is_visible(pg_catalog.pg_class.oid) AND pg_catalog.pg_namespace.nspname != %(nspname_1)s
2026-08-25 18:17:16,378 | INFO | [cached since 0.004596s ago] {'table_name': 'pedidos', 'param_1': 'r', 'param_2': 'p', 'param_3': 'f', 'param_4': 'v', 'param_5': 'm', 'nspname_1': 'pg_catalog'}
2026-08-25 18:17:16,378 | INFO | SELECT pg_catalog.pg_class.relname 
FROM pg_catalog.pg_class JOIN pg_catalog.pg_namespace ON pg_catalog.pg_namespace.oid = pg_catalog.pg_class.relnamespace 
WHERE pg_catalog.pg_class.relname = %(table_name)s AND pg_catalog.pg_class.relkind = ANY (ARRAY[%(param_1)s, %(param_2)s, %(param_3)s, %(param_4)s, %(param_5)s]) AND pg_catalog.pg_table_is_visible(pg_catalog.pg_class.oid) AND pg_catalog.pg_namespace.nspname != %(nspname_1)s
2026-08-25 18:17:16,378 | INFO | [cached since 0.005388s ago] {'table_name': 'detalles_pedido', 'param_1': 'r', 'param_2': 'p', 'param_3': 'f', 'param_4': 'v', 'param_5': 'm', 'nspname_1': 'pg_catalog'}
2026-08-25 18:17:16,379 | INFO | SELECT pg_catalog.pg_class.relname 
FROM pg_catalog.pg_class JOIN pg_catalog.pg_namespace ON pg_catalog.pg_namespace.oid = pg_catalog.pg_class.relnamespace 
WHERE pg_catalog.pg_class.relname = %(table_name)s AND pg_catalog.pg_class.relkind = ANY (ARRAY[%(param_1)s, %(param_2)s, %(param_3)s, %(param_4)s, %(param_5)s]) AND pg_catalog.pg_table_is_visible(pg_catalog.pg_class.oid) AND pg_catalog.pg_namespace.nspname != %(nspname_1)s
2026-08-25 18:17:16,379 | INFO | [cached since 0.006187s ago] {'table_name': 'productos', 'param_1': 'r', 'param_2': 'p', 'param_3': 'f', 'param_4': 'v', 'param_5': 'm', 'nspname_1': 'pg_catalog'}
2026-08-25 18:17:16,380 | INFO | SELECT pg_catalog.pg_class.relname 
FROM pg_catalog.pg_class JOIN pg_catalog.pg_namespace ON pg_catalog.pg_namespace.oid = pg_catalog.pg_class.relnamespace 
WHERE pg_catalog.pg_class.relname = %(table_name)s AND pg_catalog.pg_class.relkind = ANY (ARRAY[%(param_1)s, %(param_2)s, %(param_3)s, %(param_4)s, %(param_5)s]) AND pg_catalog.pg_table_is_visible(pg_catalog.pg_class.oid) AND pg_catalog.pg_namespace.nspname != %(nspname_1)s
2026-08-25 18:17:16,380 | INFO | [cached since 0.007141s ago] {'table_name': 'comandas', 'param_1': 'r', 'param_2': 'p', 'param_3': 'f', 'param_4': 'v', 'param_5': 'm', 'nspname_1': 'pg_catalog'}
2026-08-25 18:17:16,381 | INFO | SELECT pg_catalog.pg_class.relname 
FROM pg_catalog.pg_class JOIN pg_catalog.pg_namespace ON pg_catalog.pg_namespace.oid = pg_catalog.pg_class.relnamespace 
WHERE pg_catalog.pg_class.relname = %(table_name)s AND pg_catalog.pg_class.relkind = ANY (ARRAY[%(param_1)s, %(param_2)s, %(param_3)s, %(param_4)s, %(param_5)s]) AND pg_catalog.pg_table_is_visible(pg_catalog.pg_class.oid) AND pg_catalog.pg_namespace.nspname != %(nspname_1)s
2026-08-25 18:17:16,381 | INFO | [cached since 0.007968s ago] {'table_name': 'pagos', 'param_1': 'r', 'param_2': 'p', 'param_3': 'f', 'param_4': 'v', 'param_5': 'm', 'nspname_1': 'pg_catalog'}
2026-08-25 18:17:16,382 | INFO | SELECT pg_catalog.pg_class.relname 
FROM pg_catalog.pg_class JOIN pg_catalog.pg_namespace ON pg_catalog.pg_namespace.oid = pg_catalog.pg_class.relnamespace 
WHERE pg_catalog.pg_class.relname = %(table_name)s AND pg_catalog.pg_class.relkind = ANY (ARRAY[%(param_1)s, %(param_2)s, %(param_3)s, %(param_4)s, %(param_5)s]) AND pg_catalog.pg_table_is_visible(pg_catalog.pg_class.oid) AND pg_catalog.pg_namespace.nspname != %(nspname_1)s
2026-08-25 18:17:16,382 | INFO | [cached since 0.008865s ago] {'table_name': 'usuarios', 'param_1': 'r', 'param_2': 'p', 'param_3': 'f', 'param_4': 'v', 'param_5': 'm', 'nspname_1': 'pg_catalog'}
2026-08-25 18:17:16,382 | INFO | SELECT pg_catalog.pg_class.relname 
FROM pg_catalog.pg_class JOIN pg_catalog.pg_namespace ON pg_catalog.pg_namespace.oid = pg_catalog.pg_class.relnamespace 
WHERE pg_catalog.pg_class.relname = %(table_name)s AND pg_catalog.pg_class.relkind = ANY (ARRAY[%(param_1)s, %(param_2)s, %(param_3)s, %(param_4)s, %(param_5)s]) AND pg_catalog.pg_table_is_visible(pg_catalog.pg_class.oid) AND pg_catalog.pg_namespace.nspname != %(nspname_1)s
2026-08-25 18:17:16,383 | INFO | [cached since 0.009679s ago] {'table_name': 'cuentas_credito', 'param_1': 'r', 'param_2': 'p', 'param_3': 'f', 'param_4': 'v', 'param_5': 'm', 'nspname_1': 'pg_catalog'}
2026-08-25 18:17:16,383 | INFO | SELECT pg_catalog.pg_class.relname 
FROM pg_catalog.pg_class JOIN pg_catalog.pg_namespace ON pg_catalog.pg_namespace.oid = pg_catalog.pg_class.relnamespace 
WHERE pg_catalog.pg_class.relname = %(table_name)s AND pg_catalog.pg_class.relkind = ANY (ARRAY[%(param_1)s, %(param_2)s, %(param_3)s, %(param_4)s, %(param_5)s]) AND pg_catalog.pg_table_is_visible(pg_catalog.pg_class.oid) AND pg_catalog.pg_namespace.nspname != %(nspname_1)s
2026-08-25 18:17:16,383 | INFO | [cached since 0.01046s ago] {'table_name': 'movimientos_credito', 'param_1': 'r', 'param_2': 'p', 'param_3': 'f', 'param_4': 'v', 'param_5': 'm', 'nspname_1': 'pg_catalog'}
2026-08-25 18:17:16,384 | INFO | COMMIT
2026-08-25 18:18:26,419 | INFO | SINGLETON: Inicializando el pool de conexiones único hacia PostgreSQL.
2026-08-25 18:18:26,420 | INFO | INFRAESTRUCTURA: Verificando y creando el esquema de tablas del MVP.
2026-08-25 18:18:26,483 | INFO | select pg_catalog.version()
2026-08-25 18:18:26,483 | INFO | [raw sql] {}
2026-08-25 18:18:26,485 | INFO | select current_schema()
2026-08-25 18:18:26,485 | INFO | [raw sql] {}
2026-08-25 18:18:26,486 | INFO | show standard_conforming_strings
2026-08-25 18:18:26,486 | INFO | [raw sql] {}
2026-08-25 18:18:26,487 | INFO | BEGIN (implicit)
2026-08-25 18:18:26,490 | INFO | SELECT pg_catalog.pg_class.relname 
FROM pg_catalog.pg_class JOIN pg_catalog.pg_namespace ON pg_catalog.pg_namespace.oid = pg_catalog.pg_class.relnamespace 
WHERE pg_catalog.pg_class.relname = %(table_name)s AND pg_catalog.pg_class.relkind = ANY (ARRAY[%(param_1)s, %(param_2)s, %(param_3)s, %(param_4)s, %(param_5)s]) AND pg_catalog.pg_table_is_visible(pg_catalog.pg_class.oid) AND pg_catalog.pg_namespace.nspname != %(nspname_1)s
2026-08-25 18:18:26,490 | INFO | [generated in 0.00029s] {'table_name': 'sucursales', 'param_1': 'r', 'param_2': 'p', 'param_3': 'f', 'param_4': 'v', 'param_5': 'm', 'nspname_1': 'pg_catalog'}
2026-08-25 18:18:26,494 | INFO | SELECT pg_catalog.pg_class.relname 
FROM pg_catalog.pg_class JOIN pg_catalog.pg_namespace ON pg_catalog.pg_namespace.oid = pg_catalog.pg_class.relnamespace 
WHERE pg_catalog.pg_class.relname = %(table_name)s AND pg_catalog.pg_class.relkind = ANY (ARRAY[%(param_1)s, %(param_2)s, %(param_3)s, %(param_4)s, %(param_5)s]) AND pg_catalog.pg_table_is_visible(pg_catalog.pg_class.oid) AND pg_catalog.pg_namespace.nspname != %(nspname_1)s
2026-08-25 18:18:26,494 | INFO | [cached since 0.004691s ago] {'table_name': 'mesas', 'param_1': 'r', 'param_2': 'p', 'param_3': 'f', 'param_4': 'v', 'param_5': 'm', 'nspname_1': 'pg_catalog'}
2026-08-25 18:18:26,495 | INFO | SELECT pg_catalog.pg_class.relname 
FROM pg_catalog.pg_class JOIN pg_catalog.pg_namespace ON pg_catalog.pg_namespace.oid = pg_catalog.pg_class.relnamespace 
WHERE pg_catalog.pg_class.relname = %(table_name)s AND pg_catalog.pg_class.relkind = ANY (ARRAY[%(param_1)s, %(param_2)s, %(param_3)s, %(param_4)s, %(param_5)s]) AND pg_catalog.pg_table_is_visible(pg_catalog.pg_class.oid) AND pg_catalog.pg_namespace.nspname != %(nspname_1)s
2026-08-25 18:18:26,495 | INFO | [cached since 0.005578s ago] {'table_name': 'clientes', 'param_1': 'r', 'param_2': 'p', 'param_3': 'f', 'param_4': 'v', 'param_5': 'm', 'nspname_1': 'pg_catalog'}
2026-08-25 18:18:26,496 | INFO | SELECT pg_catalog.pg_class.relname 
FROM pg_catalog.pg_class JOIN pg_catalog.pg_namespace ON pg_catalog.pg_namespace.oid = pg_catalog.pg_class.relnamespace 
WHERE pg_catalog.pg_class.relname = %(table_name)s AND pg_catalog.pg_class.relkind = ANY (ARRAY[%(param_1)s, %(param_2)s, %(param_3)s, %(param_4)s, %(param_5)s]) AND pg_catalog.pg_table_is_visible(pg_catalog.pg_class.oid) AND pg_catalog.pg_namespace.nspname != %(nspname_1)s
2026-08-25 18:18:26,496 | INFO | [cached since 0.006371s ago] {'table_name': 'pedidos', 'param_1': 'r', 'param_2': 'p', 'param_3': 'f', 'param_4': 'v', 'param_5': 'm', 'nspname_1': 'pg_catalog'}
2026-08-25 18:18:26,496 | INFO | SELECT pg_catalog.pg_class.relname 
FROM pg_catalog.pg_class JOIN pg_catalog.pg_namespace ON pg_catalog.pg_namespace.oid = pg_catalog.pg_class.relnamespace 
WHERE pg_catalog.pg_class.relname = %(table_name)s AND pg_catalog.pg_class.relkind = ANY (ARRAY[%(param_1)s, %(param_2)s, %(param_3)s, %(param_4)s, %(param_5)s]) AND pg_catalog.pg_table_is_visible(pg_catalog.pg_class.oid) AND pg_catalog.pg_namespace.nspname != %(nspname_1)s
2026-08-25 18:18:26,497 | INFO | [cached since 0.007225s ago] {'table_name': 'detalles_pedido', 'param_1': 'r', 'param_2': 'p', 'param_3': 'f', 'param_4': 'v', 'param_5': 'm', 'nspname_1': 'pg_catalog'}
2026-08-25 18:18:26,497 | INFO | SELECT pg_catalog.pg_class.relname 
FROM pg_catalog.pg_class JOIN pg_catalog.pg_namespace ON pg_catalog.pg_namespace.oid = pg_catalog.pg_class.relnamespace 
WHERE pg_catalog.pg_class.relname = %(table_name)s AND pg_catalog.pg_class.relkind = ANY (ARRAY[%(param_1)s, %(param_2)s, %(param_3)s, %(param_4)s, %(param_5)s]) AND pg_catalog.pg_table_is_visible(pg_catalog.pg_class.oid) AND pg_catalog.pg_namespace.nspname != %(nspname_1)s
2026-08-25 18:18:26,498 | INFO | [cached since 0.008163s ago] {'table_name': 'productos', 'param_1': 'r', 'param_2': 'p', 'param_3': 'f', 'param_4': 'v', 'param_5': 'm', 'nspname_1': 'pg_catalog'}
2026-08-25 18:18:26,498 | INFO | SELECT pg_catalog.pg_class.relname 
FROM pg_catalog.pg_class JOIN pg_catalog.pg_namespace ON pg_catalog.pg_namespace.oid = pg_catalog.pg_class.relnamespace 
WHERE pg_catalog.pg_class.relname = %(table_name)s AND pg_catalog.pg_class.relkind = ANY (ARRAY[%(param_1)s, %(param_2)s, %(param_3)s, %(param_4)s, %(param_5)s]) AND pg_catalog.pg_table_is_visible(pg_catalog.pg_class.oid) AND pg_catalog.pg_namespace.nspname != %(nspname_1)s
2026-08-25 18:18:26,498 | INFO | [cached since 0.008969s ago] {'table_name': 'comandas', 'param_1': 'r', 'param_2': 'p', 'param_3': 'f', 'param_4': 'v', 'param_5': 'm', 'nspname_1': 'pg_catalog'}
2026-08-25 18:18:26,499 | INFO | SELECT pg_catalog.pg_class.relname 
FROM pg_catalog.pg_class JOIN pg_catalog.pg_namespace ON pg_catalog.pg_namespace.oid = pg_catalog.pg_class.relnamespace 
WHERE pg_catalog.pg_class.relname = %(table_name)s AND pg_catalog.pg_class.relkind = ANY (ARRAY[%(param_1)s, %(param_2)s, %(param_3)s, %(param_4)s, %(param_5)s]) AND pg_catalog.pg_table_is_visible(pg_catalog.pg_class.oid) AND pg_catalog.pg_namespace.nspname != %(nspname_1)s
2026-08-25 18:18:26,499 | INFO | [cached since 0.009761s ago] {'table_name': 'pagos', 'param_1': 'r', 'param_2': 'p', 'param_3': 'f', 'param_4': 'v', 'param_5': 'm', 'nspname_1': 'pg_catalog'}
2026-08-25 18:18:26,500 | INFO | SELECT pg_catalog.pg_class.relname 
FROM pg_catalog.pg_class JOIN pg_catalog.pg_namespace ON pg_catalog.pg_namespace.oid = pg_catalog.pg_class.relnamespace 
WHERE pg_catalog.pg_class.relname = %(table_name)s AND pg_catalog.pg_class.relkind = ANY (ARRAY[%(param_1)s, %(param_2)s, %(param_3)s, %(param_4)s, %(param_5)s]) AND pg_catalog.pg_table_is_visible(pg_catalog.pg_class.oid) AND pg_catalog.pg_namespace.nspname != %(nspname_1)s
2026-08-25 18:18:26,500 | INFO | [cached since 0.01053s ago] {'table_name': 'usuarios', 'param_1': 'r', 'param_2': 'p', 'param_3': 'f', 'param_4': 'v', 'param_5': 'm', 'nspname_1': 'pg_catalog'}
2026-08-25 18:18:26,501 | INFO | SELECT pg_catalog.pg_class.relname 
FROM pg_catalog.pg_class JOIN pg_catalog.pg_namespace ON pg_catalog.pg_namespace.oid = pg_catalog.pg_class.relnamespace 
WHERE pg_catalog.pg_class.relname = %(table_name)s AND pg_catalog.pg_class.relkind = ANY (ARRAY[%(param_1)s, %(param_2)s, %(param_3)s, %(param_4)s, %(param_5)s]) AND pg_catalog.pg_table_is_visible(pg_catalog.pg_class.oid) AND pg_catalog.pg_namespace.nspname != %(nspname_1)s
2026-08-25 18:18:26,501 | INFO | [cached since 0.01124s ago] {'table_name': 'cuentas_credito', 'param_1': 'r', 'param_2': 'p', 'param_3': 'f', 'param_4': 'v', 'param_5': 'm', 'nspname_1': 'pg_catalog'}
2026-08-25 18:18:26,501 | INFO | SELECT pg_catalog.pg_class.relname 
FROM pg_catalog.pg_class JOIN pg_catalog.pg_namespace ON pg_catalog.pg_namespace.oid = pg_catalog.pg_class.relnamespace 
WHERE pg_catalog.pg_class.relname = %(table_name)s AND pg_catalog.pg_class.relkind = ANY (ARRAY[%(param_1)s, %(param_2)s, %(param_3)s, %(param_4)s, %(param_5)s]) AND pg_catalog.pg_table_is_visible(pg_catalog.pg_class.oid) AND pg_catalog.pg_namespace.nspname != %(nspname_1)s
2026-08-25 18:18:26,501 | INFO | [cached since 0.01192s ago] {'table_name': 'movimientos_credito', 'param_1': 'r', 'param_2': 'p', 'param_3': 'f', 'param_4': 'v', 'param_5': 'm', 'nspname_1': 'pg_catalog'}
2026-08-25 18:18:26,502 | INFO | COMMIT
2026-08-25 18:19:48,371 | INFO | BEGIN (implicit)
2026-08-25 18:19:48,373 | INFO | SELECT usuarios.id_usuario AS usuarios_id_usuario, usuarios.username AS usuarios_username, usuarios.password_hashed AS usuarios_password_hashed, usuarios."UsuarioCreacion" AS "usuarios_UsuarioCreacion", usuarios."FechaCreacion" AS "usuarios_FechaCreacion", usuarios."UsuarioModificacion" AS "usuarios_UsuarioModificacion", usuarios."FechaModificacion" AS "usuarios_FechaModificacion", usuarios."EstadoTupla" AS "usuarios_EstadoTupla" 
FROM usuarios 
WHERE usuarios.username = %(username_1)s AND usuarios."EstadoTupla" = true 
 LIMIT %(param_1)s
2026-08-25 18:19:48,373 | INFO | [generated in 0.00074s] {'username_1': 'admin', 'param_1': 1}
2026-08-25 18:19:48,442 | INFO | BEGIN (implicit)
2026-08-25 18:19:48,443 | INFO | SELECT productos.id_producto AS productos_id_producto, productos.nombre AS productos_nombre, productos.categoria AS productos_categoria, productos.precio AS productos_precio, productos."UsuarioCreacion" AS "productos_UsuarioCreacion", productos."FechaCreacion" AS "productos_FechaCreacion", productos."UsuarioModificacion" AS "productos_UsuarioModificacion", productos."FechaModificacion" AS "productos_FechaModificacion", productos."EstadoTupla" AS "productos_EstadoTupla" 
FROM productos 
WHERE productos."EstadoTupla" = true
2026-08-25 18:19:48,444 | INFO | [generated in 0.00022s] {}
2026-08-25 18:19:51,457 | INFO | BEGIN (implicit)
2026-08-25 18:19:51,458 | INFO | SELECT productos.id_producto AS productos_id_producto, productos.nombre AS productos_nombre, productos.categoria AS productos_categoria, productos.precio AS productos_precio, productos."UsuarioCreacion" AS "productos_UsuarioCreacion", productos."FechaCreacion" AS "productos_FechaCreacion", productos."UsuarioModificacion" AS "productos_UsuarioModificacion", productos."FechaModificacion" AS "productos_FechaModificacion", productos."EstadoTupla" AS "productos_EstadoTupla" 
FROM productos 
WHERE productos."EstadoTupla" = true
2026-08-25 18:19:51,458 | INFO | [cached since 3.015s ago] {}
2026-08-25 18:19:57,712 | INFO | BEGIN (implicit)
2026-08-25 18:19:57,712 | INFO | SELECT productos.id_producto AS productos_id_producto, productos.nombre AS productos_nombre, productos.categoria AS productos_categoria, productos.precio AS productos_precio, productos."UsuarioCreacion" AS "productos_UsuarioCreacion", productos."FechaCreacion" AS "productos_FechaCreacion", productos."UsuarioModificacion" AS "productos_UsuarioModificacion", productos."FechaModificacion" AS "productos_FechaModificacion", productos."EstadoTupla" AS "productos_EstadoTupla" 
FROM productos 
WHERE productos."EstadoTupla" = true
2026-08-25 18:19:57,712 | INFO | [cached since 9.269s ago] {}
2026-08-25 18:30:57,644 | INFO | BEGIN (implicit)
2026-08-25 18:30:57,647 | INFO | SELECT productos.id_producto AS productos_id_producto, productos.nombre AS productos_nombre, productos.categoria AS productos_categoria, productos.precio AS productos_precio, productos."UsuarioCreacion" AS "productos_UsuarioCreacion", productos."FechaCreacion" AS "productos_FechaCreacion", productos."UsuarioModificacion" AS "productos_UsuarioModificacion", productos."FechaModificacion" AS "productos_FechaModificacion", productos."EstadoTupla" AS "productos_EstadoTupla" 
FROM productos
2026-08-25 18:30:57,647 | INFO | [generated in 0.00037s] {}
2026-08-25 19:05:30,513 | INFO | SINGLETON: Inicializando el pool de conexiones único hacia PostgreSQL.
2026-08-25 19:05:30,514 | INFO | INFRAESTRUCTURA: Verificando y creando el esquema de tablas del MVP.
2026-08-25 19:05:30,571 | INFO | select pg_catalog.version()
2026-08-25 19:05:30,571 | INFO | [raw sql] {}
2026-08-25 19:05:30,572 | INFO | select current_schema()
2026-08-25 19:05:30,572 | INFO | [raw sql] {}
2026-08-25 19:05:30,573 | INFO | show standard_conforming_strings
2026-08-25 19:05:30,573 | INFO | [raw sql] {}
2026-08-25 19:05:30,574 | INFO | BEGIN (implicit)
2026-08-25 19:05:30,577 | INFO | SELECT pg_catalog.pg_class.relname 
FROM pg_catalog.pg_class JOIN pg_catalog.pg_namespace ON pg_catalog.pg_namespace.oid = pg_catalog.pg_class.relnamespace 
WHERE pg_catalog.pg_class.relname = %(table_name)s AND pg_catalog.pg_class.relkind = ANY (ARRAY[%(param_1)s, %(param_2)s, %(param_3)s, %(param_4)s, %(param_5)s]) AND pg_catalog.pg_table_is_visible(pg_catalog.pg_class.oid) AND pg_catalog.pg_namespace.nspname != %(nspname_1)s
2026-08-25 19:05:30,577 | INFO | [generated in 0.00027s] {'table_name': 'sucursales', 'param_1': 'r', 'param_2': 'p', 'param_3': 'f', 'param_4': 'v', 'param_5': 'm', 'nspname_1': 'pg_catalog'}
2026-08-25 19:05:30,581 | INFO | SELECT pg_catalog.pg_class.relname 
FROM pg_catalog.pg_class JOIN pg_catalog.pg_namespace ON pg_catalog.pg_namespace.oid = pg_catalog.pg_class.relnamespace 
WHERE pg_catalog.pg_class.relname = %(table_name)s AND pg_catalog.pg_class.relkind = ANY (ARRAY[%(param_1)s, %(param_2)s, %(param_3)s, %(param_4)s, %(param_5)s]) AND pg_catalog.pg_table_is_visible(pg_catalog.pg_class.oid) AND pg_catalog.pg_namespace.nspname != %(nspname_1)s
2026-08-25 19:05:30,581 | INFO | [cached since 0.004032s ago] {'table_name': 'mesas', 'param_1': 'r', 'param_2': 'p', 'param_3': 'f', 'param_4': 'v', 'param_5': 'm', 'nspname_1': 'pg_catalog'}
2026-08-25 19:05:30,582 | INFO | SELECT pg_catalog.pg_class.relname 
FROM pg_catalog.pg_class JOIN pg_catalog.pg_namespace ON pg_catalog.pg_namespace.oid = pg_catalog.pg_class.relnamespace 
WHERE pg_catalog.pg_class.relname = %(table_name)s AND pg_catalog.pg_class.relkind = ANY (ARRAY[%(param_1)s, %(param_2)s, %(param_3)s, %(param_4)s, %(param_5)s]) AND pg_catalog.pg_table_is_visible(pg_catalog.pg_class.oid) AND pg_catalog.pg_namespace.nspname != %(nspname_1)s
2026-08-25 19:05:30,582 | INFO | [cached since 0.004848s ago] {'table_name': 'clientes', 'param_1': 'r', 'param_2': 'p', 'param_3': 'f', 'param_4': 'v', 'param_5': 'm', 'nspname_1': 'pg_catalog'}
2026-08-25 19:05:30,582 | INFO | SELECT pg_catalog.pg_class.relname 
FROM pg_catalog.pg_class JOIN pg_catalog.pg_namespace ON pg_catalog.pg_namespace.oid = pg_catalog.pg_class.relnamespace 
WHERE pg_catalog.pg_class.relname = %(table_name)s AND pg_catalog.pg_class.relkind = ANY (ARRAY[%(param_1)s, %(param_2)s, %(param_3)s, %(param_4)s, %(param_5)s]) AND pg_catalog.pg_table_is_visible(pg_catalog.pg_class.oid) AND pg_catalog.pg_namespace.nspname != %(nspname_1)s
2026-08-25 19:05:30,582 | INFO | [cached since 0.005628s ago] {'table_name': 'pedidos', 'param_1': 'r', 'param_2': 'p', 'param_3': 'f', 'param_4': 'v', 'param_5': 'm', 'nspname_1': 'pg_catalog'}
2026-08-25 19:05:30,583 | INFO | SELECT pg_catalog.pg_class.relname 
FROM pg_catalog.pg_class JOIN pg_catalog.pg_namespace ON pg_catalog.pg_namespace.oid = pg_catalog.pg_class.relnamespace 
WHERE pg_catalog.pg_class.relname = %(table_name)s AND pg_catalog.pg_class.relkind = ANY (ARRAY[%(param_1)s, %(param_2)s, %(param_3)s, %(param_4)s, %(param_5)s]) AND pg_catalog.pg_table_is_visible(pg_catalog.pg_class.oid) AND pg_catalog.pg_namespace.nspname != %(nspname_1)s
2026-08-25 19:05:30,583 | INFO | [cached since 0.006394s ago] {'table_name': 'detalles_pedido', 'param_1': 'r', 'param_2': 'p', 'param_3': 'f', 'param_4': 'v', 'param_5': 'm', 'nspname_1': 'pg_catalog'}
2026-08-25 19:05:30,584 | INFO | SELECT pg_catalog.pg_class.relname 
FROM pg_catalog.pg_class JOIN pg_catalog.pg_namespace ON pg_catalog.pg_namespace.oid = pg_catalog.pg_class.relnamespace 
WHERE pg_catalog.pg_class.relname = %(table_name)s AND pg_catalog.pg_class.relkind = ANY (ARRAY[%(param_1)s, %(param_2)s, %(param_3)s, %(param_4)s, %(param_5)s]) AND pg_catalog.pg_table_is_visible(pg_catalog.pg_class.oid) AND pg_catalog.pg_namespace.nspname != %(nspname_1)s
2026-08-25 19:05:30,584 | INFO | [cached since 0.007219s ago] {'table_name': 'productos', 'param_1': 'r', 'param_2': 'p', 'param_3': 'f', 'param_4': 'v', 'param_5': 'm', 'nspname_1': 'pg_catalog'}
2026-08-25 19:05:30,585 | INFO | SELECT pg_catalog.pg_class.relname 
FROM pg_catalog.pg_class JOIN pg_catalog.pg_namespace ON pg_catalog.pg_namespace.oid = pg_catalog.pg_class.relnamespace 
WHERE pg_catalog.pg_class.relname = %(table_name)s AND pg_catalog.pg_class.relkind = ANY (ARRAY[%(param_1)s, %(param_2)s, %(param_3)s, %(param_4)s, %(param_5)s]) AND pg_catalog.pg_table_is_visible(pg_catalog.pg_class.oid) AND pg_catalog.pg_namespace.nspname != %(nspname_1)s
2026-08-25 19:05:30,586 | INFO | [cached since 0.008693s ago] {'table_name': 'comandas', 'param_1': 'r', 'param_2': 'p', 'param_3': 'f', 'param_4': 'v', 'param_5': 'm', 'nspname_1': 'pg_catalog'}
2026-08-25 19:05:30,586 | INFO | SELECT pg_catalog.pg_class.relname 
FROM pg_catalog.pg_class JOIN pg_catalog.pg_namespace ON pg_catalog.pg_namespace.oid = pg_catalog.pg_class.relnamespace 
WHERE pg_catalog.pg_class.relname = %(table_name)s AND pg_catalog.pg_class.relkind = ANY (ARRAY[%(param_1)s, %(param_2)s, %(param_3)s, %(param_4)s, %(param_5)s]) AND pg_catalog.pg_table_is_visible(pg_catalog.pg_class.oid) AND pg_catalog.pg_namespace.nspname != %(nspname_1)s
2026-08-25 19:05:30,586 | INFO | [cached since 0.009507s ago] {'table_name': 'pagos', 'param_1': 'r', 'param_2': 'p', 'param_3': 'f', 'param_4': 'v', 'param_5': 'm', 'nspname_1': 'pg_catalog'}
2026-08-25 19:05:30,587 | INFO | SELECT pg_catalog.pg_class.relname 
FROM pg_catalog.pg_class JOIN pg_catalog.pg_namespace ON pg_catalog.pg_namespace.oid = pg_catalog.pg_class.relnamespace 
WHERE pg_catalog.pg_class.relname = %(table_name)s AND pg_catalog.pg_class.relkind = ANY (ARRAY[%(param_1)s, %(param_2)s, %(param_3)s, %(param_4)s, %(param_5)s]) AND pg_catalog.pg_table_is_visible(pg_catalog.pg_class.oid) AND pg_catalog.pg_namespace.nspname != %(nspname_1)s
2026-08-25 19:05:30,587 | INFO | [cached since 0.01037s ago] {'table_name': 'usuarios', 'param_1': 'r', 'param_2': 'p', 'param_3': 'f', 'param_4': 'v', 'param_5': 'm', 'nspname_1': 'pg_catalog'}
2026-08-25 19:05:30,588 | INFO | SELECT pg_catalog.pg_class.relname 
FROM pg_catalog.pg_class JOIN pg_catalog.pg_namespace ON pg_catalog.pg_namespace.oid = pg_catalog.pg_class.relnamespace 
WHERE pg_catalog.pg_class.relname = %(table_name)s AND pg_catalog.pg_class.relkind = ANY (ARRAY[%(param_1)s, %(param_2)s, %(param_3)s, %(param_4)s, %(param_5)s]) AND pg_catalog.pg_table_is_visible(pg_catalog.pg_class.oid) AND pg_catalog.pg_namespace.nspname != %(nspname_1)s
2026-08-25 19:05:30,588 | INFO | [cached since 0.01116s ago] {'table_name': 'cuentas_credito', 'param_1': 'r', 'param_2': 'p', 'param_3': 'f', 'param_4': 'v', 'param_5': 'm', 'nspname_1': 'pg_catalog'}
2026-08-25 19:05:30,589 | INFO | SELECT pg_catalog.pg_class.relname 
FROM pg_catalog.pg_class JOIN pg_catalog.pg_namespace ON pg_catalog.pg_namespace.oid = pg_catalog.pg_class.relnamespace 
WHERE pg_catalog.pg_class.relname = %(table_name)s AND pg_catalog.pg_class.relkind = ANY (ARRAY[%(param_1)s, %(param_2)s, %(param_3)s, %(param_4)s, %(param_5)s]) AND pg_catalog.pg_table_is_visible(pg_catalog.pg_class.oid) AND pg_catalog.pg_namespace.nspname != %(nspname_1)s
2026-08-25 19:05:30,589 | INFO | [cached since 0.0119s ago] {'table_name': 'movimientos_credito', 'param_1': 'r', 'param_2': 'p', 'param_3': 'f', 'param_4': 'v', 'param_5': 'm', 'nspname_1': 'pg_catalog'}
2026-08-25 19:05:30,589 | INFO | COMMIT
2026-08-25 19:05:39,407 | INFO | BEGIN (implicit)
2026-08-25 19:05:39,410 | INFO | SELECT productos.id_producto AS productos_id_producto, productos.nombre AS productos_nombre, productos.categoria AS productos_categoria, productos.precio AS productos_precio, productos."UsuarioCreacion" AS "productos_UsuarioCreacion", productos."FechaCreacion" AS "productos_FechaCreacion", productos."UsuarioModificacion" AS "productos_UsuarioModificacion", productos."FechaModificacion" AS "productos_FechaModificacion", productos."EstadoTupla" AS "productos_EstadoTupla" 
FROM productos 
WHERE productos."EstadoTupla" = true
2026-08-25 19:05:39,411 | INFO | [generated in 0.00044s] {}
2026-08-25 19:05:45,530 | INFO | BEGIN (implicit)
2026-08-25 19:05:45,531 | INFO | SELECT productos.id_producto AS productos_id_producto, productos.nombre AS productos_nombre, productos.categoria AS productos_categoria, productos.precio AS productos_precio, productos."UsuarioCreacion" AS "productos_UsuarioCreacion", productos."FechaCreacion" AS "productos_FechaCreacion", productos."UsuarioModificacion" AS "productos_UsuarioModificacion", productos."FechaModificacion" AS "productos_FechaModificacion", productos."EstadoTupla" AS "productos_EstadoTupla" 
FROM productos 
WHERE productos."EstadoTupla" = true
2026-08-25 19:05:45,531 | INFO | [cached since 6.121s ago] {}
2026-08-25 19:05:52,307 | INFO | BEGIN (implicit)
2026-08-25 19:05:52,307 | INFO | SELECT productos.id_producto AS productos_id_producto, productos.nombre AS productos_nombre, productos.categoria AS productos_categoria, productos.precio AS productos_precio, productos."UsuarioCreacion" AS "productos_UsuarioCreacion", productos."FechaCreacion" AS "productos_FechaCreacion", productos."UsuarioModificacion" AS "productos_UsuarioModificacion", productos."FechaModificacion" AS "productos_FechaModificacion", productos."EstadoTupla" AS "productos_EstadoTupla" 
FROM productos 
WHERE productos."EstadoTupla" = true
2026-08-25 19:05:52,307 | INFO | [cached since 12.9s ago] {}
2026-08-25 19:06:11,807 | INFO | BEGIN (implicit)
2026-08-25 19:06:11,808 | INFO | SELECT productos.id_producto AS productos_id_producto, productos.nombre AS productos_nombre, productos.categoria AS productos_categoria, productos.precio AS productos_precio, productos."UsuarioCreacion" AS "productos_UsuarioCreacion", productos."FechaCreacion" AS "productos_FechaCreacion", productos."UsuarioModificacion" AS "productos_UsuarioModificacion", productos."FechaModificacion" AS "productos_FechaModificacion", productos."EstadoTupla" AS "productos_EstadoTupla" 
FROM productos 
WHERE productos."EstadoTupla" = true
2026-08-25 19:06:11,808 | INFO | [cached since 32.4s ago] {}
2026-08-25 19:06:13,108 | INFO | BEGIN (implicit)
2026-08-25 19:06:13,108 | INFO | SELECT productos.id_producto AS productos_id_producto, productos.nombre AS productos_nombre, productos.categoria AS productos_categoria, productos.precio AS productos_precio, productos."UsuarioCreacion" AS "productos_UsuarioCreacion", productos."FechaCreacion" AS "productos_FechaCreacion", productos."UsuarioModificacion" AS "productos_UsuarioModificacion", productos."FechaModificacion" AS "productos_FechaModificacion", productos."EstadoTupla" AS "productos_EstadoTupla" 
FROM productos 
WHERE productos."EstadoTupla" = true
2026-08-25 19:06:13,109 | INFO | [cached since 33.7s ago] {}
2026-08-25 19:08:57,970 | INFO | SINGLETON: Inicializando el pool de conexiones único hacia PostgreSQL.
2026-08-25 19:08:57,971 | INFO | INFRAESTRUCTURA: Verificando y creando el esquema de tablas del MVP.
2026-08-25 19:08:58,029 | INFO | select pg_catalog.version()
2026-08-25 19:08:58,030 | INFO | [raw sql] {}
2026-08-25 19:08:58,031 | INFO | select current_schema()
2026-08-25 19:08:58,032 | INFO | [raw sql] {}
2026-08-25 19:08:58,033 | INFO | show standard_conforming_strings
2026-08-25 19:08:58,033 | INFO | [raw sql] {}
2026-08-25 19:08:58,034 | INFO | BEGIN (implicit)
2026-08-25 19:08:58,037 | INFO | SELECT pg_catalog.pg_class.relname 
FROM pg_catalog.pg_class JOIN pg_catalog.pg_namespace ON pg_catalog.pg_namespace.oid = pg_catalog.pg_class.relnamespace 
WHERE pg_catalog.pg_class.relname = %(table_name)s AND pg_catalog.pg_class.relkind = ANY (ARRAY[%(param_1)s, %(param_2)s, %(param_3)s, %(param_4)s, %(param_5)s]) AND pg_catalog.pg_table_is_visible(pg_catalog.pg_class.oid) AND pg_catalog.pg_namespace.nspname != %(nspname_1)s
2026-08-25 19:08:58,038 | INFO | [generated in 0.00032s] {'table_name': 'sucursales', 'param_1': 'r', 'param_2': 'p', 'param_3': 'f', 'param_4': 'v', 'param_5': 'm', 'nspname_1': 'pg_catalog'}
2026-08-25 19:08:58,040 | INFO | SELECT pg_catalog.pg_class.relname 
FROM pg_catalog.pg_class JOIN pg_catalog.pg_namespace ON pg_catalog.pg_namespace.oid = pg_catalog.pg_class.relnamespace 
WHERE pg_catalog.pg_class.relname = %(table_name)s AND pg_catalog.pg_class.relkind = ANY (ARRAY[%(param_1)s, %(param_2)s, %(param_3)s, %(param_4)s, %(param_5)s]) AND pg_catalog.pg_table_is_visible(pg_catalog.pg_class.oid) AND pg_catalog.pg_namespace.nspname != %(nspname_1)s
2026-08-25 19:08:58,040 | INFO | [cached since 0.002881s ago] {'table_name': 'mesas', 'param_1': 'r', 'param_2': 'p', 'param_3': 'f', 'param_4': 'v', 'param_5': 'm', 'nspname_1': 'pg_catalog'}
2026-08-25 19:08:58,041 | INFO | SELECT pg_catalog.pg_class.relname 
FROM pg_catalog.pg_class JOIN pg_catalog.pg_namespace ON pg_catalog.pg_namespace.oid = pg_catalog.pg_class.relnamespace 
WHERE pg_catalog.pg_class.relname = %(table_name)s AND pg_catalog.pg_class.relkind = ANY (ARRAY[%(param_1)s, %(param_2)s, %(param_3)s, %(param_4)s, %(param_5)s]) AND pg_catalog.pg_table_is_visible(pg_catalog.pg_class.oid) AND pg_catalog.pg_namespace.nspname != %(nspname_1)s
2026-08-25 19:08:58,041 | INFO | [cached since 0.003662s ago] {'table_name': 'clientes', 'param_1': 'r', 'param_2': 'p', 'param_3': 'f', 'param_4': 'v', 'param_5': 'm', 'nspname_1': 'pg_catalog'}
2026-08-25 19:08:58,042 | INFO | SELECT pg_catalog.pg_class.relname 
FROM pg_catalog.pg_class JOIN pg_catalog.pg_namespace ON pg_catalog.pg_namespace.oid = pg_catalog.pg_class.relnamespace 
WHERE pg_catalog.pg_class.relname = %(table_name)s AND pg_catalog.pg_class.relkind = ANY (ARRAY[%(param_1)s, %(param_2)s, %(param_3)s, %(param_4)s, %(param_5)s]) AND pg_catalog.pg_table_is_visible(pg_catalog.pg_class.oid) AND pg_catalog.pg_namespace.nspname != %(nspname_1)s
2026-08-25 19:08:58,042 | INFO | [cached since 0.004415s ago] {'table_name': 'pedidos', 'param_1': 'r', 'param_2': 'p', 'param_3': 'f', 'param_4': 'v', 'param_5': 'm', 'nspname_1': 'pg_catalog'}
2026-08-25 19:08:58,042 | INFO | SELECT pg_catalog.pg_class.relname 
FROM pg_catalog.pg_class JOIN pg_catalog.pg_namespace ON pg_catalog.pg_namespace.oid = pg_catalog.pg_class.relnamespace 
WHERE pg_catalog.pg_class.relname = %(table_name)s AND pg_catalog.pg_class.relkind = ANY (ARRAY[%(param_1)s, %(param_2)s, %(param_3)s, %(param_4)s, %(param_5)s]) AND pg_catalog.pg_table_is_visible(pg_catalog.pg_class.oid) AND pg_catalog.pg_namespace.nspname != %(nspname_1)s
2026-08-25 19:08:58,042 | INFO | [cached since 0.005194s ago] {'table_name': 'detalles_pedido', 'param_1': 'r', 'param_2': 'p', 'param_3': 'f', 'param_4': 'v', 'param_5': 'm', 'nspname_1': 'pg_catalog'}
2026-08-25 19:08:58,043 | INFO | SELECT pg_catalog.pg_class.relname 
FROM pg_catalog.pg_class JOIN pg_catalog.pg_namespace ON pg_catalog.pg_namespace.oid = pg_catalog.pg_class.relnamespace 
WHERE pg_catalog.pg_class.relname = %(table_name)s AND pg_catalog.pg_class.relkind = ANY (ARRAY[%(param_1)s, %(param_2)s, %(param_3)s, %(param_4)s, %(param_5)s]) AND pg_catalog.pg_table_is_visible(pg_catalog.pg_class.oid) AND pg_catalog.pg_namespace.nspname != %(nspname_1)s
2026-08-25 19:08:58,044 | INFO | [cached since 0.006295s ago] {'table_name': 'productos', 'param_1': 'r', 'param_2': 'p', 'param_3': 'f', 'param_4': 'v', 'param_5': 'm', 'nspname_1': 'pg_catalog'}
2026-08-25 19:08:58,044 | INFO | SELECT pg_catalog.pg_class.relname 
FROM pg_catalog.pg_class JOIN pg_catalog.pg_namespace ON pg_catalog.pg_namespace.oid = pg_catalog.pg_class.relnamespace 
WHERE pg_catalog.pg_class.relname = %(table_name)s AND pg_catalog.pg_class.relkind = ANY (ARRAY[%(param_1)s, %(param_2)s, %(param_3)s, %(param_4)s, %(param_5)s]) AND pg_catalog.pg_table_is_visible(pg_catalog.pg_class.oid) AND pg_catalog.pg_namespace.nspname != %(nspname_1)s
2026-08-25 19:08:58,044 | INFO | [cached since 0.007027s ago] {'table_name': 'comandas', 'param_1': 'r', 'param_2': 'p', 'param_3': 'f', 'param_4': 'v', 'param_5': 'm', 'nspname_1': 'pg_catalog'}
2026-08-25 19:08:58,045 | INFO | SELECT pg_catalog.pg_class.relname 
FROM pg_catalog.pg_class JOIN pg_catalog.pg_namespace ON pg_catalog.pg_namespace.oid = pg_catalog.pg_class.relnamespace 
WHERE pg_catalog.pg_class.relname = %(table_name)s AND pg_catalog.pg_class.relkind = ANY (ARRAY[%(param_1)s, %(param_2)s, %(param_3)s, %(param_4)s, %(param_5)s]) AND pg_catalog.pg_table_is_visible(pg_catalog.pg_class.oid) AND pg_catalog.pg_namespace.nspname != %(nspname_1)s
2026-08-25 19:08:58,045 | INFO | [cached since 0.007714s ago] {'table_name': 'pagos', 'param_1': 'r', 'param_2': 'p', 'param_3': 'f', 'param_4': 'v', 'param_5': 'm', 'nspname_1': 'pg_catalog'}
2026-08-25 19:08:58,046 | INFO | SELECT pg_catalog.pg_class.relname 
FROM pg_catalog.pg_class JOIN pg_catalog.pg_namespace ON pg_catalog.pg_namespace.oid = pg_catalog.pg_class.relnamespace 
WHERE pg_catalog.pg_class.relname = %(table_name)s AND pg_catalog.pg_class.relkind = ANY (ARRAY[%(param_1)s, %(param_2)s, %(param_3)s, %(param_4)s, %(param_5)s]) AND pg_catalog.pg_table_is_visible(pg_catalog.pg_class.oid) AND pg_catalog.pg_namespace.nspname != %(nspname_1)s
2026-08-25 19:08:58,046 | INFO | [cached since 0.008373s ago] {'table_name': 'usuarios', 'param_1': 'r', 'param_2': 'p', 'param_3': 'f', 'param_4': 'v', 'param_5': 'm', 'nspname_1': 'pg_catalog'}
2026-08-25 19:08:58,046 | INFO | SELECT pg_catalog.pg_class.relname 
FROM pg_catalog.pg_class JOIN pg_catalog.pg_namespace ON pg_catalog.pg_namespace.oid = pg_catalog.pg_class.relnamespace 
WHERE pg_catalog.pg_class.relname = %(table_name)s AND pg_catalog.pg_class.relkind = ANY (ARRAY[%(param_1)s, %(param_2)s, %(param_3)s, %(param_4)s, %(param_5)s]) AND pg_catalog.pg_table_is_visible(pg_catalog.pg_class.oid) AND pg_catalog.pg_namespace.nspname != %(nspname_1)s
2026-08-25 19:08:58,046 | INFO | [cached since 0.009106s ago] {'table_name': 'cuentas_credito', 'param_1': 'r', 'param_2': 'p', 'param_3': 'f', 'param_4': 'v', 'param_5': 'm', 'nspname_1': 'pg_catalog'}
2026-08-25 19:08:58,047 | INFO | SELECT pg_catalog.pg_class.relname 
FROM pg_catalog.pg_class JOIN pg_catalog.pg_namespace ON pg_catalog.pg_namespace.oid = pg_catalog.pg_class.relnamespace 
WHERE pg_catalog.pg_class.relname = %(table_name)s AND pg_catalog.pg_class.relkind = ANY (ARRAY[%(param_1)s, %(param_2)s, %(param_3)s, %(param_4)s, %(param_5)s]) AND pg_catalog.pg_table_is_visible(pg_catalog.pg_class.oid) AND pg_catalog.pg_namespace.nspname != %(nspname_1)s
2026-08-25 19:08:58,047 | INFO | [cached since 0.009699s ago] {'table_name': 'movimientos_credito', 'param_1': 'r', 'param_2': 'p', 'param_3': 'f', 'param_4': 'v', 'param_5': 'm', 'nspname_1': 'pg_catalog'}
2026-08-25 19:08:58,047 | INFO | COMMIT
2026-08-25 19:09:23,591 | INFO | SINGLETON: Inicializando el pool de conexiones único hacia PostgreSQL.
2026-08-25 19:09:23,592 | INFO | INFRAESTRUCTURA: Verificando y creando el esquema de tablas del MVP.
2026-08-25 19:09:23,647 | INFO | select pg_catalog.version()
2026-08-25 19:09:23,647 | INFO | [raw sql] {}
2026-08-25 19:09:23,649 | INFO | select current_schema()
2026-08-25 19:09:23,649 | INFO | [raw sql] {}
2026-08-25 19:09:23,650 | INFO | show standard_conforming_strings
2026-08-25 19:09:23,650 | INFO | [raw sql] {}
2026-08-25 19:09:23,651 | INFO | BEGIN (implicit)
2026-08-25 19:09:23,654 | INFO | SELECT pg_catalog.pg_class.relname 
FROM pg_catalog.pg_class JOIN pg_catalog.pg_namespace ON pg_catalog.pg_namespace.oid = pg_catalog.pg_class.relnamespace 
WHERE pg_catalog.pg_class.relname = %(table_name)s AND pg_catalog.pg_class.relkind = ANY (ARRAY[%(param_1)s, %(param_2)s, %(param_3)s, %(param_4)s, %(param_5)s]) AND pg_catalog.pg_table_is_visible(pg_catalog.pg_class.oid) AND pg_catalog.pg_namespace.nspname != %(nspname_1)s
2026-08-25 19:09:23,654 | INFO | [generated in 0.00027s] {'table_name': 'sucursales', 'param_1': 'r', 'param_2': 'p', 'param_3': 'f', 'param_4': 'v', 'param_5': 'm', 'nspname_1': 'pg_catalog'}
2026-08-25 19:09:23,656 | INFO | SELECT pg_catalog.pg_class.relname 
FROM pg_catalog.pg_class JOIN pg_catalog.pg_namespace ON pg_catalog.pg_namespace.oid = pg_catalog.pg_class.relnamespace 
WHERE pg_catalog.pg_class.relname = %(table_name)s AND pg_catalog.pg_class.relkind = ANY (ARRAY[%(param_1)s, %(param_2)s, %(param_3)s, %(param_4)s, %(param_5)s]) AND pg_catalog.pg_table_is_visible(pg_catalog.pg_class.oid) AND pg_catalog.pg_namespace.nspname != %(nspname_1)s
2026-08-25 19:09:23,656 | INFO | [cached since 0.002586s ago] {'table_name': 'mesas', 'param_1': 'r', 'param_2': 'p', 'param_3': 'f', 'param_4': 'v', 'param_5': 'm', 'nspname_1': 'pg_catalog'}
2026-08-25 19:09:23,657 | INFO | SELECT pg_catalog.pg_class.relname 
FROM pg_catalog.pg_class JOIN pg_catalog.pg_namespace ON pg_catalog.pg_namespace.oid = pg_catalog.pg_class.relnamespace 
WHERE pg_catalog.pg_class.relname = %(table_name)s AND pg_catalog.pg_class.relkind = ANY (ARRAY[%(param_1)s, %(param_2)s, %(param_3)s, %(param_4)s, %(param_5)s]) AND pg_catalog.pg_table_is_visible(pg_catalog.pg_class.oid) AND pg_catalog.pg_namespace.nspname != %(nspname_1)s
2026-08-25 19:09:23,657 | INFO | [cached since 0.003399s ago] {'table_name': 'clientes', 'param_1': 'r', 'param_2': 'p', 'param_3': 'f', 'param_4': 'v', 'param_5': 'm', 'nspname_1': 'pg_catalog'}
2026-08-25 19:09:23,658 | INFO | SELECT pg_catalog.pg_class.relname 
FROM pg_catalog.pg_class JOIN pg_catalog.pg_namespace ON pg_catalog.pg_namespace.oid = pg_catalog.pg_class.relnamespace 
WHERE pg_catalog.pg_class.relname = %(table_name)s AND pg_catalog.pg_class.relkind = ANY (ARRAY[%(param_1)s, %(param_2)s, %(param_3)s, %(param_4)s, %(param_5)s]) AND pg_catalog.pg_table_is_visible(pg_catalog.pg_class.oid) AND pg_catalog.pg_namespace.nspname != %(nspname_1)s
2026-08-25 19:09:23,658 | INFO | [cached since 0.004328s ago] {'table_name': 'pedidos', 'param_1': 'r', 'param_2': 'p', 'param_3': 'f', 'param_4': 'v', 'param_5': 'm', 'nspname_1': 'pg_catalog'}
2026-08-25 19:09:23,659 | INFO | SELECT pg_catalog.pg_class.relname 
FROM pg_catalog.pg_class JOIN pg_catalog.pg_namespace ON pg_catalog.pg_namespace.oid = pg_catalog.pg_class.relnamespace 
WHERE pg_catalog.pg_class.relname = %(table_name)s AND pg_catalog.pg_class.relkind = ANY (ARRAY[%(param_1)s, %(param_2)s, %(param_3)s, %(param_4)s, %(param_5)s]) AND pg_catalog.pg_table_is_visible(pg_catalog.pg_class.oid) AND pg_catalog.pg_namespace.nspname != %(nspname_1)s
2026-08-25 19:09:23,659 | INFO | [cached since 0.005304s ago] {'table_name': 'detalles_pedido', 'param_1': 'r', 'param_2': 'p', 'param_3': 'f', 'param_4': 'v', 'param_5': 'm', 'nspname_1': 'pg_catalog'}
2026-08-25 19:09:23,660 | INFO | SELECT pg_catalog.pg_class.relname 
FROM pg_catalog.pg_class JOIN pg_catalog.pg_namespace ON pg_catalog.pg_namespace.oid = pg_catalog.pg_class.relnamespace 
WHERE pg_catalog.pg_class.relname = %(table_name)s AND pg_catalog.pg_class.relkind = ANY (ARRAY[%(param_1)s, %(param_2)s, %(param_3)s, %(param_4)s, %(param_5)s]) AND pg_catalog.pg_table_is_visible(pg_catalog.pg_class.oid) AND pg_catalog.pg_namespace.nspname != %(nspname_1)s
2026-08-25 19:09:23,660 | INFO | [cached since 0.006197s ago] {'table_name': 'productos', 'param_1': 'r', 'param_2': 'p', 'param_3': 'f', 'param_4': 'v', 'param_5': 'm', 'nspname_1': 'pg_catalog'}
2026-08-25 19:09:23,661 | INFO | SELECT pg_catalog.pg_class.relname 
FROM pg_catalog.pg_class JOIN pg_catalog.pg_namespace ON pg_catalog.pg_namespace.oid = pg_catalog.pg_class.relnamespace 
WHERE pg_catalog.pg_class.relname = %(table_name)s AND pg_catalog.pg_class.relkind = ANY (ARRAY[%(param_1)s, %(param_2)s, %(param_3)s, %(param_4)s, %(param_5)s]) AND pg_catalog.pg_table_is_visible(pg_catalog.pg_class.oid) AND pg_catalog.pg_namespace.nspname != %(nspname_1)s
2026-08-25 19:09:23,661 | INFO | [cached since 0.00695s ago] {'table_name': 'comandas', 'param_1': 'r', 'param_2': 'p', 'param_3': 'f', 'param_4': 'v', 'param_5': 'm', 'nspname_1': 'pg_catalog'}
2026-08-25 19:09:23,661 | INFO | SELECT pg_catalog.pg_class.relname 
FROM pg_catalog.pg_class JOIN pg_catalog.pg_namespace ON pg_catalog.pg_namespace.oid = pg_catalog.pg_class.relnamespace 
WHERE pg_catalog.pg_class.relname = %(table_name)s AND pg_catalog.pg_class.relkind = ANY (ARRAY[%(param_1)s, %(param_2)s, %(param_3)s, %(param_4)s, %(param_5)s]) AND pg_catalog.pg_table_is_visible(pg_catalog.pg_class.oid) AND pg_catalog.pg_namespace.nspname != %(nspname_1)s
2026-08-25 19:09:23,662 | INFO | [cached since 0.007771s ago] {'table_name': 'pagos', 'param_1': 'r', 'param_2': 'p', 'param_3': 'f', 'param_4': 'v', 'param_5': 'm', 'nspname_1': 'pg_catalog'}
2026-08-25 19:09:23,662 | INFO | SELECT pg_catalog.pg_class.relname 
FROM pg_catalog.pg_class JOIN pg_catalog.pg_namespace ON pg_catalog.pg_namespace.oid = pg_catalog.pg_class.relnamespace 
WHERE pg_catalog.pg_class.relname = %(table_name)s AND pg_catalog.pg_class.relkind = ANY (ARRAY[%(param_1)s, %(param_2)s, %(param_3)s, %(param_4)s, %(param_5)s]) AND pg_catalog.pg_table_is_visible(pg_catalog.pg_class.oid) AND pg_catalog.pg_namespace.nspname != %(nspname_1)s
2026-08-25 19:09:23,662 | INFO | [cached since 0.008575s ago] {'table_name': 'usuarios', 'param_1': 'r', 'param_2': 'p', 'param_3': 'f', 'param_4': 'v', 'param_5': 'm', 'nspname_1': 'pg_catalog'}
2026-08-25 19:09:23,663 | INFO | SELECT pg_catalog.pg_class.relname 
FROM pg_catalog.pg_class JOIN pg_catalog.pg_namespace ON pg_catalog.pg_namespace.oid = pg_catalog.pg_class.relnamespace 
WHERE pg_catalog.pg_class.relname = %(table_name)s AND pg_catalog.pg_class.relkind = ANY (ARRAY[%(param_1)s, %(param_2)s, %(param_3)s, %(param_4)s, %(param_5)s]) AND pg_catalog.pg_table_is_visible(pg_catalog.pg_class.oid) AND pg_catalog.pg_namespace.nspname != %(nspname_1)s
2026-08-25 19:09:23,663 | INFO | [cached since 0.009422s ago] {'table_name': 'cuentas_credito', 'param_1': 'r', 'param_2': 'p', 'param_3': 'f', 'param_4': 'v', 'param_5': 'm', 'nspname_1': 'pg_catalog'}
2026-08-25 19:09:23,664 | INFO | SELECT pg_catalog.pg_class.relname 
FROM pg_catalog.pg_class JOIN pg_catalog.pg_namespace ON pg_catalog.pg_namespace.oid = pg_catalog.pg_class.relnamespace 
WHERE pg_catalog.pg_class.relname = %(table_name)s AND pg_catalog.pg_class.relkind = ANY (ARRAY[%(param_1)s, %(param_2)s, %(param_3)s, %(param_4)s, %(param_5)s]) AND pg_catalog.pg_table_is_visible(pg_catalog.pg_class.oid) AND pg_catalog.pg_namespace.nspname != %(nspname_1)s
2026-08-25 19:09:23,664 | INFO | [cached since 0.01025s ago] {'table_name': 'movimientos_credito', 'param_1': 'r', 'param_2': 'p', 'param_3': 'f', 'param_4': 'v', 'param_5': 'm', 'nspname_1': 'pg_catalog'}
2026-08-25 19:09:23,665 | INFO | COMMIT
2026-08-25 19:10:04,958 | INFO | SINGLETON: Inicializando el pool de conexiones único hacia PostgreSQL.
2026-08-25 19:10:04,959 | INFO | INFRAESTRUCTURA: Verificando y creando el esquema de tablas del MVP.
2026-08-25 19:10:05,013 | INFO | select pg_catalog.version()
2026-08-25 19:10:05,013 | INFO | [raw sql] {}
2026-08-25 19:10:05,014 | INFO | select current_schema()
2026-08-25 19:10:05,014 | INFO | [raw sql] {}
2026-08-25 19:10:05,015 | INFO | show standard_conforming_strings
2026-08-25 19:10:05,015 | INFO | [raw sql] {}
2026-08-25 19:10:05,016 | INFO | BEGIN (implicit)
2026-08-25 19:10:05,019 | INFO | SELECT pg_catalog.pg_class.relname 
FROM pg_catalog.pg_class JOIN pg_catalog.pg_namespace ON pg_catalog.pg_namespace.oid = pg_catalog.pg_class.relnamespace 
WHERE pg_catalog.pg_class.relname = %(table_name)s AND pg_catalog.pg_class.relkind = ANY (ARRAY[%(param_1)s, %(param_2)s, %(param_3)s, %(param_4)s, %(param_5)s]) AND pg_catalog.pg_table_is_visible(pg_catalog.pg_class.oid) AND pg_catalog.pg_namespace.nspname != %(nspname_1)s
2026-08-25 19:10:05,020 | INFO | [generated in 0.00029s] {'table_name': 'sucursales', 'param_1': 'r', 'param_2': 'p', 'param_3': 'f', 'param_4': 'v', 'param_5': 'm', 'nspname_1': 'pg_catalog'}
2026-08-25 19:10:05,024 | INFO | SELECT pg_catalog.pg_class.relname 
FROM pg_catalog.pg_class JOIN pg_catalog.pg_namespace ON pg_catalog.pg_namespace.oid = pg_catalog.pg_class.relnamespace 
WHERE pg_catalog.pg_class.relname = %(table_name)s AND pg_catalog.pg_class.relkind = ANY (ARRAY[%(param_1)s, %(param_2)s, %(param_3)s, %(param_4)s, %(param_5)s]) AND pg_catalog.pg_table_is_visible(pg_catalog.pg_class.oid) AND pg_catalog.pg_namespace.nspname != %(nspname_1)s
2026-08-25 19:10:05,025 | INFO | [cached since 0.005408s ago] {'table_name': 'mesas', 'param_1': 'r', 'param_2': 'p', 'param_3': 'f', 'param_4': 'v', 'param_5': 'm', 'nspname_1': 'pg_catalog'}
2026-08-25 19:10:05,026 | INFO | SELECT pg_catalog.pg_class.relname 
FROM pg_catalog.pg_class JOIN pg_catalog.pg_namespace ON pg_catalog.pg_namespace.oid = pg_catalog.pg_class.relnamespace 
WHERE pg_catalog.pg_class.relname = %(table_name)s AND pg_catalog.pg_class.relkind = ANY (ARRAY[%(param_1)s, %(param_2)s, %(param_3)s, %(param_4)s, %(param_5)s]) AND pg_catalog.pg_table_is_visible(pg_catalog.pg_class.oid) AND pg_catalog.pg_namespace.nspname != %(nspname_1)s
2026-08-25 19:10:05,026 | INFO | [cached since 0.00685s ago] {'table_name': 'clientes', 'param_1': 'r', 'param_2': 'p', 'param_3': 'f', 'param_4': 'v', 'param_5': 'm', 'nspname_1': 'pg_catalog'}
2026-08-25 19:10:05,027 | INFO | SELECT pg_catalog.pg_class.relname 
FROM pg_catalog.pg_class JOIN pg_catalog.pg_namespace ON pg_catalog.pg_namespace.oid = pg_catalog.pg_class.relnamespace 
WHERE pg_catalog.pg_class.relname = %(table_name)s AND pg_catalog.pg_class.relkind = ANY (ARRAY[%(param_1)s, %(param_2)s, %(param_3)s, %(param_4)s, %(param_5)s]) AND pg_catalog.pg_table_is_visible(pg_catalog.pg_class.oid) AND pg_catalog.pg_namespace.nspname != %(nspname_1)s
2026-08-25 19:10:05,027 | INFO | [cached since 0.007811s ago] {'table_name': 'pedidos', 'param_1': 'r', 'param_2': 'p', 'param_3': 'f', 'param_4': 'v', 'param_5': 'm', 'nspname_1': 'pg_catalog'}
2026-08-25 19:10:05,028 | INFO | SELECT pg_catalog.pg_class.relname 
FROM pg_catalog.pg_class JOIN pg_catalog.pg_namespace ON pg_catalog.pg_namespace.oid = pg_catalog.pg_class.relnamespace 
WHERE pg_catalog.pg_class.relname = %(table_name)s AND pg_catalog.pg_class.relkind = ANY (ARRAY[%(param_1)s, %(param_2)s, %(param_3)s, %(param_4)s, %(param_5)s]) AND pg_catalog.pg_table_is_visible(pg_catalog.pg_class.oid) AND pg_catalog.pg_namespace.nspname != %(nspname_1)s
2026-08-25 19:10:05,028 | INFO | [cached since 0.008838s ago] {'table_name': 'detalles_pedido', 'param_1': 'r', 'param_2': 'p', 'param_3': 'f', 'param_4': 'v', 'param_5': 'm', 'nspname_1': 'pg_catalog'}
2026-08-25 19:10:05,029 | INFO | SELECT pg_catalog.pg_class.relname 
FROM pg_catalog.pg_class JOIN pg_catalog.pg_namespace ON pg_catalog.pg_namespace.oid = pg_catalog.pg_class.relnamespace 
WHERE pg_catalog.pg_class.relname = %(table_name)s AND pg_catalog.pg_class.relkind = ANY (ARRAY[%(param_1)s, %(param_2)s, %(param_3)s, %(param_4)s, %(param_5)s]) AND pg_catalog.pg_table_is_visible(pg_catalog.pg_class.oid) AND pg_catalog.pg_namespace.nspname != %(nspname_1)s
2026-08-25 19:10:05,029 | INFO | [cached since 0.009727s ago] {'table_name': 'productos', 'param_1': 'r', 'param_2': 'p', 'param_3': 'f', 'param_4': 'v', 'param_5': 'm', 'nspname_1': 'pg_catalog'}
2026-08-25 19:10:05,030 | INFO | SELECT pg_catalog.pg_class.relname 
FROM pg_catalog.pg_class JOIN pg_catalog.pg_namespace ON pg_catalog.pg_namespace.oid = pg_catalog.pg_class.relnamespace 
WHERE pg_catalog.pg_class.relname = %(table_name)s AND pg_catalog.pg_class.relkind = ANY (ARRAY[%(param_1)s, %(param_2)s, %(param_3)s, %(param_4)s, %(param_5)s]) AND pg_catalog.pg_table_is_visible(pg_catalog.pg_class.oid) AND pg_catalog.pg_namespace.nspname != %(nspname_1)s
2026-08-25 19:10:05,030 | INFO | [cached since 0.01047s ago] {'table_name': 'comandas', 'param_1': 'r', 'param_2': 'p', 'param_3': 'f', 'param_4': 'v', 'param_5': 'm', 'nspname_1': 'pg_catalog'}
2026-08-25 19:10:05,030 | INFO | SELECT pg_catalog.pg_class.relname 
FROM pg_catalog.pg_class JOIN pg_catalog.pg_namespace ON pg_catalog.pg_namespace.oid = pg_catalog.pg_class.relnamespace 
WHERE pg_catalog.pg_class.relname = %(table_name)s AND pg_catalog.pg_class.relkind = ANY (ARRAY[%(param_1)s, %(param_2)s, %(param_3)s, %(param_4)s, %(param_5)s]) AND pg_catalog.pg_table_is_visible(pg_catalog.pg_class.oid) AND pg_catalog.pg_namespace.nspname != %(nspname_1)s
2026-08-25 19:10:05,031 | INFO | [cached since 0.01123s ago] {'table_name': 'pagos', 'param_1': 'r', 'param_2': 'p', 'param_3': 'f', 'param_4': 'v', 'param_5': 'm', 'nspname_1': 'pg_catalog'}
2026-08-25 19:10:05,031 | INFO | SELECT pg_catalog.pg_class.relname 
FROM pg_catalog.pg_class JOIN pg_catalog.pg_namespace ON pg_catalog.pg_namespace.oid = pg_catalog.pg_class.relnamespace 
WHERE pg_catalog.pg_class.relname = %(table_name)s AND pg_catalog.pg_class.relkind = ANY (ARRAY[%(param_1)s, %(param_2)s, %(param_3)s, %(param_4)s, %(param_5)s]) AND pg_catalog.pg_table_is_visible(pg_catalog.pg_class.oid) AND pg_catalog.pg_namespace.nspname != %(nspname_1)s
2026-08-25 19:10:05,031 | INFO | [cached since 0.01204s ago] {'table_name': 'usuarios', 'param_1': 'r', 'param_2': 'p', 'param_3': 'f', 'param_4': 'v', 'param_5': 'm', 'nspname_1': 'pg_catalog'}
2026-08-25 19:10:05,032 | INFO | SELECT pg_catalog.pg_class.relname 
FROM pg_catalog.pg_class JOIN pg_catalog.pg_namespace ON pg_catalog.pg_namespace.oid = pg_catalog.pg_class.relnamespace 
WHERE pg_catalog.pg_class.relname = %(table_name)s AND pg_catalog.pg_class.relkind = ANY (ARRAY[%(param_1)s, %(param_2)s, %(param_3)s, %(param_4)s, %(param_5)s]) AND pg_catalog.pg_table_is_visible(pg_catalog.pg_class.oid) AND pg_catalog.pg_namespace.nspname != %(nspname_1)s
2026-08-25 19:10:05,032 | INFO | [cached since 0.01278s ago] {'table_name': 'cuentas_credito', 'param_1': 'r', 'param_2': 'p', 'param_3': 'f', 'param_4': 'v', 'param_5': 'm', 'nspname_1': 'pg_catalog'}
2026-08-25 19:10:05,033 | INFO | SELECT pg_catalog.pg_class.relname 
FROM pg_catalog.pg_class JOIN pg_catalog.pg_namespace ON pg_catalog.pg_namespace.oid = pg_catalog.pg_class.relnamespace 
WHERE pg_catalog.pg_class.relname = %(table_name)s AND pg_catalog.pg_class.relkind = ANY (ARRAY[%(param_1)s, %(param_2)s, %(param_3)s, %(param_4)s, %(param_5)s]) AND pg_catalog.pg_table_is_visible(pg_catalog.pg_class.oid) AND pg_catalog.pg_namespace.nspname != %(nspname_1)s
2026-08-25 19:10:05,033 | INFO | [cached since 0.01348s ago] {'table_name': 'movimientos_credito', 'param_1': 'r', 'param_2': 'p', 'param_3': 'f', 'param_4': 'v', 'param_5': 'm', 'nspname_1': 'pg_catalog'}
2026-08-25 19:10:05,034 | INFO | COMMIT
2026-08-25 19:18:06,519 | INFO | SINGLETON: Inicializando el pool de conexiones único hacia PostgreSQL.
2026-08-25 19:18:06,520 | INFO | INFRAESTRUCTURA: Verificando y creando el esquema de tablas del MVP.
2026-08-25 19:18:06,574 | INFO | select pg_catalog.version()
2026-08-25 19:18:06,574 | INFO | [raw sql] {}
2026-08-25 19:18:06,575 | INFO | select current_schema()
2026-08-25 19:18:06,576 | INFO | [raw sql] {}
2026-08-25 19:18:06,577 | INFO | show standard_conforming_strings
2026-08-25 19:18:06,577 | INFO | [raw sql] {}
2026-08-25 19:18:06,578 | INFO | BEGIN (implicit)
2026-08-25 19:18:06,581 | INFO | SELECT pg_catalog.pg_class.relname 
FROM pg_catalog.pg_class JOIN pg_catalog.pg_namespace ON pg_catalog.pg_namespace.oid = pg_catalog.pg_class.relnamespace 
WHERE pg_catalog.pg_class.relname = %(table_name)s AND pg_catalog.pg_class.relkind = ANY (ARRAY[%(param_1)s, %(param_2)s, %(param_3)s, %(param_4)s, %(param_5)s]) AND pg_catalog.pg_table_is_visible(pg_catalog.pg_class.oid) AND pg_catalog.pg_namespace.nspname != %(nspname_1)s
2026-08-25 19:18:06,581 | INFO | [generated in 0.00032s] {'table_name': 'sucursales', 'param_1': 'r', 'param_2': 'p', 'param_3': 'f', 'param_4': 'v', 'param_5': 'm', 'nspname_1': 'pg_catalog'}
2026-08-25 19:18:06,584 | INFO | SELECT pg_catalog.pg_class.relname 
FROM pg_catalog.pg_class JOIN pg_catalog.pg_namespace ON pg_catalog.pg_namespace.oid = pg_catalog.pg_class.relnamespace 
WHERE pg_catalog.pg_class.relname = %(table_name)s AND pg_catalog.pg_class.relkind = ANY (ARRAY[%(param_1)s, %(param_2)s, %(param_3)s, %(param_4)s, %(param_5)s]) AND pg_catalog.pg_table_is_visible(pg_catalog.pg_class.oid) AND pg_catalog.pg_namespace.nspname != %(nspname_1)s
2026-08-25 19:18:06,584 | INFO | [cached since 0.003106s ago] {'table_name': 'mesas', 'param_1': 'r', 'param_2': 'p', 'param_3': 'f', 'param_4': 'v', 'param_5': 'm', 'nspname_1': 'pg_catalog'}
2026-08-25 19:18:06,585 | INFO | SELECT pg_catalog.pg_class.relname 
FROM pg_catalog.pg_class JOIN pg_catalog.pg_namespace ON pg_catalog.pg_namespace.oid = pg_catalog.pg_class.relnamespace 
WHERE pg_catalog.pg_class.relname = %(table_name)s AND pg_catalog.pg_class.relkind = ANY (ARRAY[%(param_1)s, %(param_2)s, %(param_3)s, %(param_4)s, %(param_5)s]) AND pg_catalog.pg_table_is_visible(pg_catalog.pg_class.oid) AND pg_catalog.pg_namespace.nspname != %(nspname_1)s
2026-08-25 19:18:06,585 | INFO | [cached since 0.004346s ago] {'table_name': 'clientes', 'param_1': 'r', 'param_2': 'p', 'param_3': 'f', 'param_4': 'v', 'param_5': 'm', 'nspname_1': 'pg_catalog'}
2026-08-25 19:18:06,586 | INFO | SELECT pg_catalog.pg_class.relname 
FROM pg_catalog.pg_class JOIN pg_catalog.pg_namespace ON pg_catalog.pg_namespace.oid = pg_catalog.pg_class.relnamespace 
WHERE pg_catalog.pg_class.relname = %(table_name)s AND pg_catalog.pg_class.relkind = ANY (ARRAY[%(param_1)s, %(param_2)s, %(param_3)s, %(param_4)s, %(param_5)s]) AND pg_catalog.pg_table_is_visible(pg_catalog.pg_class.oid) AND pg_catalog.pg_namespace.nspname != %(nspname_1)s
2026-08-25 19:18:06,586 | INFO | [cached since 0.005333s ago] {'table_name': 'pedidos', 'param_1': 'r', 'param_2': 'p', 'param_3': 'f', 'param_4': 'v', 'param_5': 'm', 'nspname_1': 'pg_catalog'}
2026-08-25 19:18:06,587 | INFO | SELECT pg_catalog.pg_class.relname 
FROM pg_catalog.pg_class JOIN pg_catalog.pg_namespace ON pg_catalog.pg_namespace.oid = pg_catalog.pg_class.relnamespace 
WHERE pg_catalog.pg_class.relname = %(table_name)s AND pg_catalog.pg_class.relkind = ANY (ARRAY[%(param_1)s, %(param_2)s, %(param_3)s, %(param_4)s, %(param_5)s]) AND pg_catalog.pg_table_is_visible(pg_catalog.pg_class.oid) AND pg_catalog.pg_namespace.nspname != %(nspname_1)s
2026-08-25 19:18:06,587 | INFO | [cached since 0.006162s ago] {'table_name': 'detalles_pedido', 'param_1': 'r', 'param_2': 'p', 'param_3': 'f', 'param_4': 'v', 'param_5': 'm', 'nspname_1': 'pg_catalog'}
2026-08-25 19:18:06,587 | INFO | SELECT pg_catalog.pg_class.relname 
FROM pg_catalog.pg_class JOIN pg_catalog.pg_namespace ON pg_catalog.pg_namespace.oid = pg_catalog.pg_class.relnamespace 
WHERE pg_catalog.pg_class.relname = %(table_name)s AND pg_catalog.pg_class.relkind = ANY (ARRAY[%(param_1)s, %(param_2)s, %(param_3)s, %(param_4)s, %(param_5)s]) AND pg_catalog.pg_table_is_visible(pg_catalog.pg_class.oid) AND pg_catalog.pg_namespace.nspname != %(nspname_1)s
2026-08-25 19:18:06,588 | INFO | [cached since 0.006986s ago] {'table_name': 'productos', 'param_1': 'r', 'param_2': 'p', 'param_3': 'f', 'param_4': 'v', 'param_5': 'm', 'nspname_1': 'pg_catalog'}
2026-08-25 19:18:06,589 | INFO | SELECT pg_catalog.pg_class.relname 
FROM pg_catalog.pg_class JOIN pg_catalog.pg_namespace ON pg_catalog.pg_namespace.oid = pg_catalog.pg_class.relnamespace 
WHERE pg_catalog.pg_class.relname = %(table_name)s AND pg_catalog.pg_class.relkind = ANY (ARRAY[%(param_1)s, %(param_2)s, %(param_3)s, %(param_4)s, %(param_5)s]) AND pg_catalog.pg_table_is_visible(pg_catalog.pg_class.oid) AND pg_catalog.pg_namespace.nspname != %(nspname_1)s
2026-08-25 19:18:06,589 | INFO | [cached since 0.008058s ago] {'table_name': 'comandas', 'param_1': 'r', 'param_2': 'p', 'param_3': 'f', 'param_4': 'v', 'param_5': 'm', 'nspname_1': 'pg_catalog'}
2026-08-25 19:18:06,589 | INFO | SELECT pg_catalog.pg_class.relname 
FROM pg_catalog.pg_class JOIN pg_catalog.pg_namespace ON pg_catalog.pg_namespace.oid = pg_catalog.pg_class.relnamespace 
WHERE pg_catalog.pg_class.relname = %(table_name)s AND pg_catalog.pg_class.relkind = ANY (ARRAY[%(param_1)s, %(param_2)s, %(param_3)s, %(param_4)s, %(param_5)s]) AND pg_catalog.pg_table_is_visible(pg_catalog.pg_class.oid) AND pg_catalog.pg_namespace.nspname != %(nspname_1)s
2026-08-25 19:18:06,589 | INFO | [cached since 0.008832s ago] {'table_name': 'pagos', 'param_1': 'r', 'param_2': 'p', 'param_3': 'f', 'param_4': 'v', 'param_5': 'm', 'nspname_1': 'pg_catalog'}
2026-08-25 19:18:06,590 | INFO | SELECT pg_catalog.pg_class.relname 
FROM pg_catalog.pg_class JOIN pg_catalog.pg_namespace ON pg_catalog.pg_namespace.oid = pg_catalog.pg_class.relnamespace 
WHERE pg_catalog.pg_class.relname = %(table_name)s AND pg_catalog.pg_class.relkind = ANY (ARRAY[%(param_1)s, %(param_2)s, %(param_3)s, %(param_4)s, %(param_5)s]) AND pg_catalog.pg_table_is_visible(pg_catalog.pg_class.oid) AND pg_catalog.pg_namespace.nspname != %(nspname_1)s
2026-08-25 19:18:06,590 | INFO | [cached since 0.009585s ago] {'table_name': 'usuarios', 'param_1': 'r', 'param_2': 'p', 'param_3': 'f', 'param_4': 'v', 'param_5': 'm', 'nspname_1': 'pg_catalog'}
2026-08-25 19:18:06,591 | INFO | SELECT pg_catalog.pg_class.relname 
FROM pg_catalog.pg_class JOIN pg_catalog.pg_namespace ON pg_catalog.pg_namespace.oid = pg_catalog.pg_class.relnamespace 
WHERE pg_catalog.pg_class.relname = %(table_name)s AND pg_catalog.pg_class.relkind = ANY (ARRAY[%(param_1)s, %(param_2)s, %(param_3)s, %(param_4)s, %(param_5)s]) AND pg_catalog.pg_table_is_visible(pg_catalog.pg_class.oid) AND pg_catalog.pg_namespace.nspname != %(nspname_1)s
2026-08-25 19:18:06,591 | INFO | [cached since 0.0102s ago] {'table_name': 'cuentas_credito', 'param_1': 'r', 'param_2': 'p', 'param_3': 'f', 'param_4': 'v', 'param_5': 'm', 'nspname_1': 'pg_catalog'}
2026-08-25 19:18:06,591 | INFO | SELECT pg_catalog.pg_class.relname 
FROM pg_catalog.pg_class JOIN pg_catalog.pg_namespace ON pg_catalog.pg_namespace.oid = pg_catalog.pg_class.relnamespace 
WHERE pg_catalog.pg_class.relname = %(table_name)s AND pg_catalog.pg_class.relkind = ANY (ARRAY[%(param_1)s, %(param_2)s, %(param_3)s, %(param_4)s, %(param_5)s]) AND pg_catalog.pg_table_is_visible(pg_catalog.pg_class.oid) AND pg_catalog.pg_namespace.nspname != %(nspname_1)s
2026-08-25 19:18:06,591 | INFO | [cached since 0.01081s ago] {'table_name': 'movimientos_credito', 'param_1': 'r', 'param_2': 'p', 'param_3': 'f', 'param_4': 'v', 'param_5': 'm', 'nspname_1': 'pg_catalog'}
2026-08-25 19:18:06,592 | INFO | COMMIT
2026-08-25 19:18:13,327 | INFO | BEGIN (implicit)
2026-08-25 19:18:13,335 | INFO | SELECT productos.id_producto AS productos_id_producto, productos.nombre AS productos_nombre, productos.categoria AS productos_categoria, productos.precio AS productos_precio, productos."UsuarioCreacion" AS "productos_UsuarioCreacion", productos."FechaCreacion" AS "productos_FechaCreacion", productos."UsuarioModificacion" AS "productos_UsuarioModificacion", productos."FechaModificacion" AS "productos_FechaModificacion", productos."EstadoTupla" AS "productos_EstadoTupla" 
FROM productos 
WHERE productos."EstadoTupla" = true
2026-08-25 19:18:13,336 | INFO | [generated in 0.00101s] {}
2026-08-25 19:18:16,121 | INFO | BEGIN (implicit)
2026-08-25 19:18:16,122 | INFO | SELECT productos.id_producto AS productos_id_producto, productos.nombre AS productos_nombre, productos.categoria AS productos_categoria, productos.precio AS productos_precio, productos."UsuarioCreacion" AS "productos_UsuarioCreacion", productos."FechaCreacion" AS "productos_FechaCreacion", productos."UsuarioModificacion" AS "productos_UsuarioModificacion", productos."FechaModificacion" AS "productos_FechaModificacion", productos."EstadoTupla" AS "productos_EstadoTupla" 
FROM productos 
WHERE productos."EstadoTupla" = true
2026-08-25 19:18:16,122 | INFO | [cached since 2.787s ago] {}
2026-08-25 19:19:14,851 | INFO | BEGIN (implicit)
2026-08-25 19:19:14,854 | INFO | SELECT usuarios.id_usuario AS usuarios_id_usuario, usuarios.username AS usuarios_username, usuarios.password_hashed AS usuarios_password_hashed, usuarios."UsuarioCreacion" AS "usuarios_UsuarioCreacion", usuarios."FechaCreacion" AS "usuarios_FechaCreacion", usuarios."UsuarioModificacion" AS "usuarios_UsuarioModificacion", usuarios."FechaModificacion" AS "usuarios_FechaModificacion", usuarios."EstadoTupla" AS "usuarios_EstadoTupla" 
FROM usuarios 
WHERE usuarios.username = %(username_1)s AND usuarios."EstadoTupla" = true 
 LIMIT %(param_1)s
2026-08-25 19:19:14,854 | INFO | [generated in 0.00035s] {'username_1': 'admin', 'param_1': 1}
2026-08-25 19:19:53,588 | INFO | BEGIN (implicit)
2026-08-25 19:19:53,588 | INFO | SELECT usuarios.id_usuario AS usuarios_id_usuario, usuarios.username AS usuarios_username, usuarios.password_hashed AS usuarios_password_hashed, usuarios."UsuarioCreacion" AS "usuarios_UsuarioCreacion", usuarios."FechaCreacion" AS "usuarios_FechaCreacion", usuarios."UsuarioModificacion" AS "usuarios_UsuarioModificacion", usuarios."FechaModificacion" AS "usuarios_FechaModificacion", usuarios."EstadoTupla" AS "usuarios_EstadoTupla" 
FROM usuarios 
WHERE usuarios.username = %(username_1)s AND usuarios."EstadoTupla" = true 
 LIMIT %(param_1)s
2026-08-25 19:19:53,588 | INFO | [cached since 38.73s ago] {'username_1': 'admin', 'param_1': 1}
2026-08-25 19:19:53,653 | INFO | BEGIN (implicit)
2026-08-25 19:19:53,653 | INFO | SELECT productos.id_producto AS productos_id_producto, productos.nombre AS productos_nombre, productos.categoria AS productos_categoria, productos.precio AS productos_precio, productos."UsuarioCreacion" AS "productos_UsuarioCreacion", productos."FechaCreacion" AS "productos_FechaCreacion", productos."UsuarioModificacion" AS "productos_UsuarioModificacion", productos."FechaModificacion" AS "productos_FechaModificacion", productos."EstadoTupla" AS "productos_EstadoTupla" 
FROM productos 
WHERE productos."EstadoTupla" = true
2026-08-25 19:19:53,654 | INFO | [cached since 100.3s ago] {}
2026-08-25 19:19:55,907 | INFO | BEGIN (implicit)
2026-08-25 19:19:55,907 | INFO | SELECT productos.id_producto AS productos_id_producto, productos.nombre AS productos_nombre, productos.categoria AS productos_categoria, productos.precio AS productos_precio, productos."UsuarioCreacion" AS "productos_UsuarioCreacion", productos."FechaCreacion" AS "productos_FechaCreacion", productos."UsuarioModificacion" AS "productos_UsuarioModificacion", productos."FechaModificacion" AS "productos_FechaModificacion", productos."EstadoTupla" AS "productos_EstadoTupla" 
FROM productos 
WHERE productos."EstadoTupla" = true
2026-08-25 19:19:55,908 | INFO | [cached since 102.6s ago] {}
2026-08-25 19:41:35,655 | INFO | SINGLETON: Inicializando el pool de conexiones único hacia PostgreSQL.
2026-08-25 19:41:35,656 | INFO | INFRAESTRUCTURA: Verificando y creando el esquema de tablas del MVP.
2026-08-25 19:41:35,813 | INFO | select pg_catalog.version()
2026-08-25 19:41:35,813 | INFO | [raw sql] {}
2026-08-25 19:41:35,814 | INFO | select current_schema()
2026-08-25 19:41:35,815 | INFO | [raw sql] {}
2026-08-25 19:41:35,816 | INFO | show standard_conforming_strings
2026-08-25 19:41:35,816 | INFO | [raw sql] {}
2026-08-25 19:41:35,817 | INFO | BEGIN (implicit)
2026-08-25 19:41:35,820 | INFO | SELECT pg_catalog.pg_class.relname 
FROM pg_catalog.pg_class JOIN pg_catalog.pg_namespace ON pg_catalog.pg_namespace.oid = pg_catalog.pg_class.relnamespace 
WHERE pg_catalog.pg_class.relname = %(table_name)s AND pg_catalog.pg_class.relkind = ANY (ARRAY[%(param_1)s, %(param_2)s, %(param_3)s, %(param_4)s, %(param_5)s]) AND pg_catalog.pg_table_is_visible(pg_catalog.pg_class.oid) AND pg_catalog.pg_namespace.nspname != %(nspname_1)s
2026-08-25 19:41:35,820 | INFO | [generated in 0.00034s] {'table_name': 'sucursales', 'param_1': 'r', 'param_2': 'p', 'param_3': 'f', 'param_4': 'v', 'param_5': 'm', 'nspname_1': 'pg_catalog'}
2026-08-25 19:41:35,823 | INFO | SELECT pg_catalog.pg_class.relname 
FROM pg_catalog.pg_class JOIN pg_catalog.pg_namespace ON pg_catalog.pg_namespace.oid = pg_catalog.pg_class.relnamespace 
WHERE pg_catalog.pg_class.relname = %(table_name)s AND pg_catalog.pg_class.relkind = ANY (ARRAY[%(param_1)s, %(param_2)s, %(param_3)s, %(param_4)s, %(param_5)s]) AND pg_catalog.pg_table_is_visible(pg_catalog.pg_class.oid) AND pg_catalog.pg_namespace.nspname != %(nspname_1)s
2026-08-25 19:41:35,823 | INFO | [cached since 0.003037s ago] {'table_name': 'mesas', 'param_1': 'r', 'param_2': 'p', 'param_3': 'f', 'param_4': 'v', 'param_5': 'm', 'nspname_1': 'pg_catalog'}
2026-08-25 19:41:35,824 | INFO | SELECT pg_catalog.pg_class.relname 
FROM pg_catalog.pg_class JOIN pg_catalog.pg_namespace ON pg_catalog.pg_namespace.oid = pg_catalog.pg_class.relnamespace 
WHERE pg_catalog.pg_class.relname = %(table_name)s AND pg_catalog.pg_class.relkind = ANY (ARRAY[%(param_1)s, %(param_2)s, %(param_3)s, %(param_4)s, %(param_5)s]) AND pg_catalog.pg_table_is_visible(pg_catalog.pg_class.oid) AND pg_catalog.pg_namespace.nspname != %(nspname_1)s
2026-08-25 19:41:35,824 | INFO | [cached since 0.004083s ago] {'table_name': 'clientes', 'param_1': 'r', 'param_2': 'p', 'param_3': 'f', 'param_4': 'v', 'param_5': 'm', 'nspname_1': 'pg_catalog'}
2026-08-25 19:41:35,824 | INFO | SELECT pg_catalog.pg_class.relname 
FROM pg_catalog.pg_class JOIN pg_catalog.pg_namespace ON pg_catalog.pg_namespace.oid = pg_catalog.pg_class.relnamespace 
WHERE pg_catalog.pg_class.relname = %(table_name)s AND pg_catalog.pg_class.relkind = ANY (ARRAY[%(param_1)s, %(param_2)s, %(param_3)s, %(param_4)s, %(param_5)s]) AND pg_catalog.pg_table_is_visible(pg_catalog.pg_class.oid) AND pg_catalog.pg_namespace.nspname != %(nspname_1)s
2026-08-25 19:41:35,825 | INFO | [cached since 0.004946s ago] {'table_name': 'pedidos', 'param_1': 'r', 'param_2': 'p', 'param_3': 'f', 'param_4': 'v', 'param_5': 'm', 'nspname_1': 'pg_catalog'}
2026-08-25 19:41:35,825 | INFO | SELECT pg_catalog.pg_class.relname 
FROM pg_catalog.pg_class JOIN pg_catalog.pg_namespace ON pg_catalog.pg_namespace.oid = pg_catalog.pg_class.relnamespace 
WHERE pg_catalog.pg_class.relname = %(table_name)s AND pg_catalog.pg_class.relkind = ANY (ARRAY[%(param_1)s, %(param_2)s, %(param_3)s, %(param_4)s, %(param_5)s]) AND pg_catalog.pg_table_is_visible(pg_catalog.pg_class.oid) AND pg_catalog.pg_namespace.nspname != %(nspname_1)s
2026-08-25 19:41:35,826 | INFO | [cached since 0.005766s ago] {'table_name': 'detalles_pedido', 'param_1': 'r', 'param_2': 'p', 'param_3': 'f', 'param_4': 'v', 'param_5': 'm', 'nspname_1': 'pg_catalog'}
2026-08-25 19:41:35,826 | INFO | SELECT pg_catalog.pg_class.relname 
FROM pg_catalog.pg_class JOIN pg_catalog.pg_namespace ON pg_catalog.pg_namespace.oid = pg_catalog.pg_class.relnamespace 
WHERE pg_catalog.pg_class.relname = %(table_name)s AND pg_catalog.pg_class.relkind = ANY (ARRAY[%(param_1)s, %(param_2)s, %(param_3)s, %(param_4)s, %(param_5)s]) AND pg_catalog.pg_table_is_visible(pg_catalog.pg_class.oid) AND pg_catalog.pg_namespace.nspname != %(nspname_1)s
2026-08-25 19:41:35,826 | INFO | [cached since 0.006609s ago] {'table_name': 'productos', 'param_1': 'r', 'param_2': 'p', 'param_3': 'f', 'param_4': 'v', 'param_5': 'm', 'nspname_1': 'pg_catalog'}
2026-08-25 19:41:35,827 | INFO | SELECT pg_catalog.pg_class.relname 
FROM pg_catalog.pg_class JOIN pg_catalog.pg_namespace ON pg_catalog.pg_namespace.oid = pg_catalog.pg_class.relnamespace 
WHERE pg_catalog.pg_class.relname = %(table_name)s AND pg_catalog.pg_class.relkind = ANY (ARRAY[%(param_1)s, %(param_2)s, %(param_3)s, %(param_4)s, %(param_5)s]) AND pg_catalog.pg_table_is_visible(pg_catalog.pg_class.oid) AND pg_catalog.pg_namespace.nspname != %(nspname_1)s
2026-08-25 19:41:35,827 | INFO | [cached since 0.007335s ago] {'table_name': 'comandas', 'param_1': 'r', 'param_2': 'p', 'param_3': 'f', 'param_4': 'v', 'param_5': 'm', 'nspname_1': 'pg_catalog'}
2026-08-25 19:41:35,828 | INFO | SELECT pg_catalog.pg_class.relname 
FROM pg_catalog.pg_class JOIN pg_catalog.pg_namespace ON pg_catalog.pg_namespace.oid = pg_catalog.pg_class.relnamespace 
WHERE pg_catalog.pg_class.relname = %(table_name)s AND pg_catalog.pg_class.relkind = ANY (ARRAY[%(param_1)s, %(param_2)s, %(param_3)s, %(param_4)s, %(param_5)s]) AND pg_catalog.pg_table_is_visible(pg_catalog.pg_class.oid) AND pg_catalog.pg_namespace.nspname != %(nspname_1)s
2026-08-25 19:41:35,828 | INFO | [cached since 0.007972s ago] {'table_name': 'pagos', 'param_1': 'r', 'param_2': 'p', 'param_3': 'f', 'param_4': 'v', 'param_5': 'm', 'nspname_1': 'pg_catalog'}
2026-08-25 19:41:35,828 | INFO | SELECT pg_catalog.pg_class.relname 
FROM pg_catalog.pg_class JOIN pg_catalog.pg_namespace ON pg_catalog.pg_namespace.oid = pg_catalog.pg_class.relnamespace 
WHERE pg_catalog.pg_class.relname = %(table_name)s AND pg_catalog.pg_class.relkind = ANY (ARRAY[%(param_1)s, %(param_2)s, %(param_3)s, %(param_4)s, %(param_5)s]) AND pg_catalog.pg_table_is_visible(pg_catalog.pg_class.oid) AND pg_catalog.pg_namespace.nspname != %(nspname_1)s
2026-08-25 19:41:35,828 | INFO | [cached since 0.008633s ago] {'table_name': 'usuarios', 'param_1': 'r', 'param_2': 'p', 'param_3': 'f', 'param_4': 'v', 'param_5': 'm', 'nspname_1': 'pg_catalog'}
2026-08-25 19:41:35,829 | INFO | SELECT pg_catalog.pg_class.relname 
FROM pg_catalog.pg_class JOIN pg_catalog.pg_namespace ON pg_catalog.pg_namespace.oid = pg_catalog.pg_class.relnamespace 
WHERE pg_catalog.pg_class.relname = %(table_name)s AND pg_catalog.pg_class.relkind = ANY (ARRAY[%(param_1)s, %(param_2)s, %(param_3)s, %(param_4)s, %(param_5)s]) AND pg_catalog.pg_table_is_visible(pg_catalog.pg_class.oid) AND pg_catalog.pg_namespace.nspname != %(nspname_1)s
2026-08-25 19:41:35,829 | INFO | [cached since 0.009299s ago] {'table_name': 'cuentas_credito', 'param_1': 'r', 'param_2': 'p', 'param_3': 'f', 'param_4': 'v', 'param_5': 'm', 'nspname_1': 'pg_catalog'}
2026-08-25 19:41:35,830 | INFO | SELECT pg_catalog.pg_class.relname 
FROM pg_catalog.pg_class JOIN pg_catalog.pg_namespace ON pg_catalog.pg_namespace.oid = pg_catalog.pg_class.relnamespace 
WHERE pg_catalog.pg_class.relname = %(table_name)s AND pg_catalog.pg_class.relkind = ANY (ARRAY[%(param_1)s, %(param_2)s, %(param_3)s, %(param_4)s, %(param_5)s]) AND pg_catalog.pg_table_is_visible(pg_catalog.pg_class.oid) AND pg_catalog.pg_namespace.nspname != %(nspname_1)s
2026-08-25 19:41:35,830 | INFO | [cached since 0.01s ago] {'table_name': 'movimientos_credito', 'param_1': 'r', 'param_2': 'p', 'param_3': 'f', 'param_4': 'v', 'param_5': 'm', 'nspname_1': 'pg_catalog'}
2026-08-25 19:41:35,830 | INFO | COMMIT
2026-08-25 19:41:45,089 | INFO | SINGLETON: Inicializando el pool de conexiones único hacia PostgreSQL.
2026-08-25 19:41:45,090 | INFO | INFRAESTRUCTURA: Verificando y creando el esquema de tablas del MVP.
2026-08-25 19:41:45,143 | INFO | select pg_catalog.version()
2026-08-25 19:41:45,144 | INFO | [raw sql] {}
2026-08-25 19:41:45,145 | INFO | select current_schema()
2026-08-25 19:41:45,146 | INFO | [raw sql] {}
2026-08-25 19:41:45,147 | INFO | show standard_conforming_strings
2026-08-25 19:41:45,147 | INFO | [raw sql] {}
2026-08-25 19:41:45,148 | INFO | BEGIN (implicit)
2026-08-25 19:41:45,151 | INFO | SELECT pg_catalog.pg_class.relname 
FROM pg_catalog.pg_class JOIN pg_catalog.pg_namespace ON pg_catalog.pg_namespace.oid = pg_catalog.pg_class.relnamespace 
WHERE pg_catalog.pg_class.relname = %(table_name)s AND pg_catalog.pg_class.relkind = ANY (ARRAY[%(param_1)s, %(param_2)s, %(param_3)s, %(param_4)s, %(param_5)s]) AND pg_catalog.pg_table_is_visible(pg_catalog.pg_class.oid) AND pg_catalog.pg_namespace.nspname != %(nspname_1)s
2026-08-25 19:41:45,151 | INFO | [generated in 0.00028s] {'table_name': 'sucursales', 'param_1': 'r', 'param_2': 'p', 'param_3': 'f', 'param_4': 'v', 'param_5': 'm', 'nspname_1': 'pg_catalog'}
2026-08-25 19:41:45,154 | INFO | SELECT pg_catalog.pg_class.relname 
FROM pg_catalog.pg_class JOIN pg_catalog.pg_namespace ON pg_catalog.pg_namespace.oid = pg_catalog.pg_class.relnamespace 
WHERE pg_catalog.pg_class.relname = %(table_name)s AND pg_catalog.pg_class.relkind = ANY (ARRAY[%(param_1)s, %(param_2)s, %(param_3)s, %(param_4)s, %(param_5)s]) AND pg_catalog.pg_table_is_visible(pg_catalog.pg_class.oid) AND pg_catalog.pg_namespace.nspname != %(nspname_1)s
2026-08-25 19:41:45,154 | INFO | [cached since 0.002741s ago] {'table_name': 'mesas', 'param_1': 'r', 'param_2': 'p', 'param_3': 'f', 'param_4': 'v', 'param_5': 'm', 'nspname_1': 'pg_catalog'}
2026-08-25 19:41:45,154 | INFO | SELECT pg_catalog.pg_class.relname 
FROM pg_catalog.pg_class JOIN pg_catalog.pg_namespace ON pg_catalog.pg_namespace.oid = pg_catalog.pg_class.relnamespace 
WHERE pg_catalog.pg_class.relname = %(table_name)s AND pg_catalog.pg_class.relkind = ANY (ARRAY[%(param_1)s, %(param_2)s, %(param_3)s, %(param_4)s, %(param_5)s]) AND pg_catalog.pg_table_is_visible(pg_catalog.pg_class.oid) AND pg_catalog.pg_namespace.nspname != %(nspname_1)s
2026-08-25 19:41:45,155 | INFO | [cached since 0.003594s ago] {'table_name': 'clientes', 'param_1': 'r', 'param_2': 'p', 'param_3': 'f', 'param_4': 'v', 'param_5': 'm', 'nspname_1': 'pg_catalog'}
2026-08-25 19:41:45,155 | INFO | SELECT pg_catalog.pg_class.relname 
FROM pg_catalog.pg_class JOIN pg_catalog.pg_namespace ON pg_catalog.pg_namespace.oid = pg_catalog.pg_class.relnamespace 
WHERE pg_catalog.pg_class.relname = %(table_name)s AND pg_catalog.pg_class.relkind = ANY (ARRAY[%(param_1)s, %(param_2)s, %(param_3)s, %(param_4)s, %(param_5)s]) AND pg_catalog.pg_table_is_visible(pg_catalog.pg_class.oid) AND pg_catalog.pg_namespace.nspname != %(nspname_1)s
2026-08-25 19:41:45,156 | INFO | [cached since 0.004428s ago] {'table_name': 'pedidos', 'param_1': 'r', 'param_2': 'p', 'param_3': 'f', 'param_4': 'v', 'param_5': 'm', 'nspname_1': 'pg_catalog'}
2026-08-25 19:41:45,156 | INFO | SELECT pg_catalog.pg_class.relname 
FROM pg_catalog.pg_class JOIN pg_catalog.pg_namespace ON pg_catalog.pg_namespace.oid = pg_catalog.pg_class.relnamespace 
WHERE pg_catalog.pg_class.relname = %(table_name)s AND pg_catalog.pg_class.relkind = ANY (ARRAY[%(param_1)s, %(param_2)s, %(param_3)s, %(param_4)s, %(param_5)s]) AND pg_catalog.pg_table_is_visible(pg_catalog.pg_class.oid) AND pg_catalog.pg_namespace.nspname != %(nspname_1)s
2026-08-25 19:41:45,156 | INFO | [cached since 0.005193s ago] {'table_name': 'detalles_pedido', 'param_1': 'r', 'param_2': 'p', 'param_3': 'f', 'param_4': 'v', 'param_5': 'm', 'nspname_1': 'pg_catalog'}
2026-08-25 19:41:45,157 | INFO | SELECT pg_catalog.pg_class.relname 
FROM pg_catalog.pg_class JOIN pg_catalog.pg_namespace ON pg_catalog.pg_namespace.oid = pg_catalog.pg_class.relnamespace 
WHERE pg_catalog.pg_class.relname = %(table_name)s AND pg_catalog.pg_class.relkind = ANY (ARRAY[%(param_1)s, %(param_2)s, %(param_3)s, %(param_4)s, %(param_5)s]) AND pg_catalog.pg_table_is_visible(pg_catalog.pg_class.oid) AND pg_catalog.pg_namespace.nspname != %(nspname_1)s
2026-08-25 19:41:45,157 | INFO | [cached since 0.005948s ago] {'table_name': 'productos', 'param_1': 'r', 'param_2': 'p', 'param_3': 'f', 'param_4': 'v', 'param_5': 'm', 'nspname_1': 'pg_catalog'}
2026-08-25 19:41:45,158 | INFO | SELECT pg_catalog.pg_class.relname 
FROM pg_catalog.pg_class JOIN pg_catalog.pg_namespace ON pg_catalog.pg_namespace.oid = pg_catalog.pg_class.relnamespace 
WHERE pg_catalog.pg_class.relname = %(table_name)s AND pg_catalog.pg_class.relkind = ANY (ARRAY[%(param_1)s, %(param_2)s, %(param_3)s, %(param_4)s, %(param_5)s]) AND pg_catalog.pg_table_is_visible(pg_catalog.pg_class.oid) AND pg_catalog.pg_namespace.nspname != %(nspname_1)s
2026-08-25 19:41:45,158 | INFO | [cached since 0.006741s ago] {'table_name': 'comandas', 'param_1': 'r', 'param_2': 'p', 'param_3': 'f', 'param_4': 'v', 'param_5': 'm', 'nspname_1': 'pg_catalog'}
2026-08-25 19:41:45,158 | INFO | SELECT pg_catalog.pg_class.relname 
FROM pg_catalog.pg_class JOIN pg_catalog.pg_namespace ON pg_catalog.pg_namespace.oid = pg_catalog.pg_class.relnamespace 
WHERE pg_catalog.pg_class.relname = %(table_name)s AND pg_catalog.pg_class.relkind = ANY (ARRAY[%(param_1)s, %(param_2)s, %(param_3)s, %(param_4)s, %(param_5)s]) AND pg_catalog.pg_table_is_visible(pg_catalog.pg_class.oid) AND pg_catalog.pg_namespace.nspname != %(nspname_1)s
2026-08-25 19:41:45,159 | INFO | [cached since 0.007514s ago] {'table_name': 'pagos', 'param_1': 'r', 'param_2': 'p', 'param_3': 'f', 'param_4': 'v', 'param_5': 'm', 'nspname_1': 'pg_catalog'}
2026-08-25 19:41:45,159 | INFO | SELECT pg_catalog.pg_class.relname 
FROM pg_catalog.pg_class JOIN pg_catalog.pg_namespace ON pg_catalog.pg_namespace.oid = pg_catalog.pg_class.relnamespace 
WHERE pg_catalog.pg_class.relname = %(table_name)s AND pg_catalog.pg_class.relkind = ANY (ARRAY[%(param_1)s, %(param_2)s, %(param_3)s, %(param_4)s, %(param_5)s]) AND pg_catalog.pg_table_is_visible(pg_catalog.pg_class.oid) AND pg_catalog.pg_namespace.nspname != %(nspname_1)s
2026-08-25 19:41:45,160 | INFO | [cached since 0.008568s ago] {'table_name': 'usuarios', 'param_1': 'r', 'param_2': 'p', 'param_3': 'f', 'param_4': 'v', 'param_5': 'm', 'nspname_1': 'pg_catalog'}
2026-08-25 19:41:45,161 | INFO | SELECT pg_catalog.pg_class.relname 
FROM pg_catalog.pg_class JOIN pg_catalog.pg_namespace ON pg_catalog.pg_namespace.oid = pg_catalog.pg_class.relnamespace 
WHERE pg_catalog.pg_class.relname = %(table_name)s AND pg_catalog.pg_class.relkind = ANY (ARRAY[%(param_1)s, %(param_2)s, %(param_3)s, %(param_4)s, %(param_5)s]) AND pg_catalog.pg_table_is_visible(pg_catalog.pg_class.oid) AND pg_catalog.pg_namespace.nspname != %(nspname_1)s
2026-08-25 19:41:45,161 | INFO | [cached since 0.009631s ago] {'table_name': 'cuentas_credito', 'param_1': 'r', 'param_2': 'p', 'param_3': 'f', 'param_4': 'v', 'param_5': 'm', 'nspname_1': 'pg_catalog'}
2026-08-25 19:41:45,161 | INFO | SELECT pg_catalog.pg_class.relname 
FROM pg_catalog.pg_class JOIN pg_catalog.pg_namespace ON pg_catalog.pg_namespace.oid = pg_catalog.pg_class.relnamespace 
WHERE pg_catalog.pg_class.relname = %(table_name)s AND pg_catalog.pg_class.relkind = ANY (ARRAY[%(param_1)s, %(param_2)s, %(param_3)s, %(param_4)s, %(param_5)s]) AND pg_catalog.pg_table_is_visible(pg_catalog.pg_class.oid) AND pg_catalog.pg_namespace.nspname != %(nspname_1)s
2026-08-25 19:41:45,161 | INFO | [cached since 0.01034s ago] {'table_name': 'movimientos_credito', 'param_1': 'r', 'param_2': 'p', 'param_3': 'f', 'param_4': 'v', 'param_5': 'm', 'nspname_1': 'pg_catalog'}
2026-08-25 19:41:45,162 | INFO | COMMIT
2026-08-25 19:41:58,442 | INFO | BEGIN (implicit)
2026-08-25 19:41:58,445 | INFO | SELECT clientes.id_cliente AS clientes_id_cliente, clientes.nombre AS clientes_nombre, clientes.rut AS clientes_rut, clientes.telefono AS clientes_telefono, clientes.email AS clientes_email, clientes.direccion AS clientes_direccion, clientes.tipo_cliente AS clientes_tipo_cliente, clientes.observaciones AS clientes_observaciones, clientes."UsuarioCreacion" AS "clientes_UsuarioCreacion", clientes."FechaCreacion" AS "clientes_FechaCreacion", clientes."UsuarioModificacion" AS "clientes_UsuarioModificacion", clientes."FechaModificacion" AS "clientes_FechaModificacion", clientes."EstadoTupla" AS "clientes_EstadoTupla" 
FROM clientes 
WHERE clientes.rut = %(rut_1)s 
 LIMIT %(param_1)s
2026-08-25 19:41:58,445 | INFO | [generated in 0.00054s] {'rut_1': '10207612-5', 'param_1': 1}
2026-08-25 19:41:58,450 | INFO | INSERT INTO clientes (nombre, rut, telefono, email, direccion, tipo_cliente, observaciones, "UsuarioCreacion", "FechaCreacion", "UsuarioModificacion", "FechaModificacion", "EstadoTupla") VALUES (%(nombre)s, %(rut)s, %(telefono)s, %(email)s, %(direccion)s, %(tipo_cliente)s, %(observaciones)s, %(UsuarioCreacion)s, %(FechaCreacion)s, %(UsuarioModificacion)s, %(FechaModificacion)s, %(EstadoTupla)s) RETURNING clientes.id_cliente
2026-08-25 19:41:58,450 | INFO | [generated in 0.00039s] {'nombre': 'Alvaro Pinto Rodriguez', 'rut': '10207612-5', 'telefono': '+56959513929', 'email': None, 'direccion': None, 'tipo_cliente': 'Frecuente', 'observaciones': None, 'UsuarioCreacion': 'admin', 'FechaCreacion': datetime.datetime(2026, 8, 25, 23, 41, 58, 450291, tzinfo=datetime.timezone.utc), 'UsuarioModificacion': None, 'FechaModificacion': None, 'EstadoTupla': True}
2026-08-25 19:41:58,452 | INFO | COMMIT
2026-08-25 19:42:01,923 | INFO | BEGIN (implicit)
2026-08-25 19:42:01,924 | INFO | SELECT productos.id_producto AS productos_id_producto, productos.nombre AS productos_nombre, productos.categoria AS productos_categoria, productos.precio AS productos_precio, productos."UsuarioCreacion" AS "productos_UsuarioCreacion", productos."FechaCreacion" AS "productos_FechaCreacion", productos."UsuarioModificacion" AS "productos_UsuarioModificacion", productos."FechaModificacion" AS "productos_FechaModificacion", productos."EstadoTupla" AS "productos_EstadoTupla" 
FROM productos 
WHERE productos."EstadoTupla" = true
2026-08-25 19:42:01,925 | INFO | [generated in 0.00023s] {}
2026-08-25 20:09:40,473 | INFO | SINGLETON: Inicializando el pool de conexiones único hacia PostgreSQL.
2026-08-25 20:09:40,474 | INFO | INFRAESTRUCTURA: Verificando y creando el esquema de tablas del MVP.
2026-08-25 20:09:40,535 | INFO | select pg_catalog.version()
2026-08-25 20:09:40,535 | INFO | [raw sql] {}
2026-08-25 20:09:40,537 | INFO | select current_schema()
2026-08-25 20:09:40,537 | INFO | [raw sql] {}
2026-08-25 20:09:40,538 | INFO | show standard_conforming_strings
2026-08-25 20:09:40,538 | INFO | [raw sql] {}
2026-08-25 20:09:40,539 | INFO | BEGIN (implicit)
2026-08-25 20:09:40,542 | INFO | SELECT pg_catalog.pg_class.relname 
FROM pg_catalog.pg_class JOIN pg_catalog.pg_namespace ON pg_catalog.pg_namespace.oid = pg_catalog.pg_class.relnamespace 
WHERE pg_catalog.pg_class.relname = %(table_name)s AND pg_catalog.pg_class.relkind = ANY (ARRAY[%(param_1)s, %(param_2)s, %(param_3)s, %(param_4)s, %(param_5)s]) AND pg_catalog.pg_table_is_visible(pg_catalog.pg_class.oid) AND pg_catalog.pg_namespace.nspname != %(nspname_1)s
2026-08-25 20:09:40,542 | INFO | [generated in 0.00024s] {'table_name': 'sucursales', 'param_1': 'r', 'param_2': 'p', 'param_3': 'f', 'param_4': 'v', 'param_5': 'm', 'nspname_1': 'pg_catalog'}
2026-08-25 20:09:40,544 | INFO | SELECT pg_catalog.pg_class.relname 
FROM pg_catalog.pg_class JOIN pg_catalog.pg_namespace ON pg_catalog.pg_namespace.oid = pg_catalog.pg_class.relnamespace 
WHERE pg_catalog.pg_class.relname = %(table_name)s AND pg_catalog.pg_class.relkind = ANY (ARRAY[%(param_1)s, %(param_2)s, %(param_3)s, %(param_4)s, %(param_5)s]) AND pg_catalog.pg_table_is_visible(pg_catalog.pg_class.oid) AND pg_catalog.pg_namespace.nspname != %(nspname_1)s
2026-08-25 20:09:40,545 | INFO | [cached since 0.002879s ago] {'table_name': 'mesas', 'param_1': 'r', 'param_2': 'p', 'param_3': 'f', 'param_4': 'v', 'param_5': 'm', 'nspname_1': 'pg_catalog'}
2026-08-25 20:09:40,545 | INFO | SELECT pg_catalog.pg_class.relname 
FROM pg_catalog.pg_class JOIN pg_catalog.pg_namespace ON pg_catalog.pg_namespace.oid = pg_catalog.pg_class.relnamespace 
WHERE pg_catalog.pg_class.relname = %(table_name)s AND pg_catalog.pg_class.relkind = ANY (ARRAY[%(param_1)s, %(param_2)s, %(param_3)s, %(param_4)s, %(param_5)s]) AND pg_catalog.pg_table_is_visible(pg_catalog.pg_class.oid) AND pg_catalog.pg_namespace.nspname != %(nspname_1)s
2026-08-25 20:09:40,546 | INFO | [cached since 0.003824s ago] {'table_name': 'clientes', 'param_1': 'r', 'param_2': 'p', 'param_3': 'f', 'param_4': 'v', 'param_5': 'm', 'nspname_1': 'pg_catalog'}
2026-08-25 20:09:40,546 | INFO | SELECT pg_catalog.pg_class.relname 
FROM pg_catalog.pg_class JOIN pg_catalog.pg_namespace ON pg_catalog.pg_namespace.oid = pg_catalog.pg_class.relnamespace 
WHERE pg_catalog.pg_class.relname = %(table_name)s AND pg_catalog.pg_class.relkind = ANY (ARRAY[%(param_1)s, %(param_2)s, %(param_3)s, %(param_4)s, %(param_5)s]) AND pg_catalog.pg_table_is_visible(pg_catalog.pg_class.oid) AND pg_catalog.pg_namespace.nspname != %(nspname_1)s
2026-08-25 20:09:40,546 | INFO | [cached since 0.004804s ago] {'table_name': 'pedidos', 'param_1': 'r', 'param_2': 'p', 'param_3': 'f', 'param_4': 'v', 'param_5': 'm', 'nspname_1': 'pg_catalog'}
2026-08-25 20:09:40,547 | INFO | SELECT pg_catalog.pg_class.relname 
FROM pg_catalog.pg_class JOIN pg_catalog.pg_namespace ON pg_catalog.pg_namespace.oid = pg_catalog.pg_class.relnamespace 
WHERE pg_catalog.pg_class.relname = %(table_name)s AND pg_catalog.pg_class.relkind = ANY (ARRAY[%(param_1)s, %(param_2)s, %(param_3)s, %(param_4)s, %(param_5)s]) AND pg_catalog.pg_table_is_visible(pg_catalog.pg_class.oid) AND pg_catalog.pg_namespace.nspname != %(nspname_1)s
2026-08-25 20:09:40,547 | INFO | [cached since 0.005824s ago] {'table_name': 'detalles_pedido', 'param_1': 'r', 'param_2': 'p', 'param_3': 'f', 'param_4': 'v', 'param_5': 'm', 'nspname_1': 'pg_catalog'}
2026-08-25 20:09:40,548 | INFO | SELECT pg_catalog.pg_class.relname 
FROM pg_catalog.pg_class JOIN pg_catalog.pg_namespace ON pg_catalog.pg_namespace.oid = pg_catalog.pg_class.relnamespace 
WHERE pg_catalog.pg_class.relname = %(table_name)s AND pg_catalog.pg_class.relkind = ANY (ARRAY[%(param_1)s, %(param_2)s, %(param_3)s, %(param_4)s, %(param_5)s]) AND pg_catalog.pg_table_is_visible(pg_catalog.pg_class.oid) AND pg_catalog.pg_namespace.nspname != %(nspname_1)s
2026-08-25 20:09:40,549 | INFO | [cached since 0.007104s ago] {'table_name': 'productos', 'param_1': 'r', 'param_2': 'p', 'param_3': 'f', 'param_4': 'v', 'param_5': 'm', 'nspname_1': 'pg_catalog'}
2026-08-25 20:09:40,549 | INFO | SELECT pg_catalog.pg_class.relname 
FROM pg_catalog.pg_class JOIN pg_catalog.pg_namespace ON pg_catalog.pg_namespace.oid = pg_catalog.pg_class.relnamespace 
WHERE pg_catalog.pg_class.relname = %(table_name)s AND pg_catalog.pg_class.relkind = ANY (ARRAY[%(param_1)s, %(param_2)s, %(param_3)s, %(param_4)s, %(param_5)s]) AND pg_catalog.pg_table_is_visible(pg_catalog.pg_class.oid) AND pg_catalog.pg_namespace.nspname != %(nspname_1)s
2026-08-25 20:09:40,550 | INFO | [cached since 0.007891s ago] {'table_name': 'comandas', 'param_1': 'r', 'param_2': 'p', 'param_3': 'f', 'param_4': 'v', 'param_5': 'm', 'nspname_1': 'pg_catalog'}
2026-08-25 20:09:40,550 | INFO | SELECT pg_catalog.pg_class.relname 
FROM pg_catalog.pg_class JOIN pg_catalog.pg_namespace ON pg_catalog.pg_namespace.oid = pg_catalog.pg_class.relnamespace 
WHERE pg_catalog.pg_class.relname = %(table_name)s AND pg_catalog.pg_class.relkind = ANY (ARRAY[%(param_1)s, %(param_2)s, %(param_3)s, %(param_4)s, %(param_5)s]) AND pg_catalog.pg_table_is_visible(pg_catalog.pg_class.oid) AND pg_catalog.pg_namespace.nspname != %(nspname_1)s
2026-08-25 20:09:40,550 | INFO | [cached since 0.008646s ago] {'table_name': 'pagos', 'param_1': 'r', 'param_2': 'p', 'param_3': 'f', 'param_4': 'v', 'param_5': 'm', 'nspname_1': 'pg_catalog'}
2026-08-25 20:09:40,551 | INFO | SELECT pg_catalog.pg_class.relname 
FROM pg_catalog.pg_class JOIN pg_catalog.pg_namespace ON pg_catalog.pg_namespace.oid = pg_catalog.pg_class.relnamespace 
WHERE pg_catalog.pg_class.relname = %(table_name)s AND pg_catalog.pg_class.relkind = ANY (ARRAY[%(param_1)s, %(param_2)s, %(param_3)s, %(param_4)s, %(param_5)s]) AND pg_catalog.pg_table_is_visible(pg_catalog.pg_class.oid) AND pg_catalog.pg_namespace.nspname != %(nspname_1)s
2026-08-25 20:09:40,551 | INFO | [cached since 0.009442s ago] {'table_name': 'usuarios', 'param_1': 'r', 'param_2': 'p', 'param_3': 'f', 'param_4': 'v', 'param_5': 'm', 'nspname_1': 'pg_catalog'}
2026-08-25 20:09:40,552 | INFO | SELECT pg_catalog.pg_class.relname 
FROM pg_catalog.pg_class JOIN pg_catalog.pg_namespace ON pg_catalog.pg_namespace.oid = pg_catalog.pg_class.relnamespace 
WHERE pg_catalog.pg_class.relname = %(table_name)s AND pg_catalog.pg_class.relkind = ANY (ARRAY[%(param_1)s, %(param_2)s, %(param_3)s, %(param_4)s, %(param_5)s]) AND pg_catalog.pg_table_is_visible(pg_catalog.pg_class.oid) AND pg_catalog.pg_namespace.nspname != %(nspname_1)s
2026-08-25 20:09:40,552 | INFO | [cached since 0.01023s ago] {'table_name': 'cuentas_credito', 'param_1': 'r', 'param_2': 'p', 'param_3': 'f', 'param_4': 'v', 'param_5': 'm', 'nspname_1': 'pg_catalog'}
2026-08-25 20:09:40,553 | INFO | SELECT pg_catalog.pg_class.relname 
FROM pg_catalog.pg_class JOIN pg_catalog.pg_namespace ON pg_catalog.pg_namespace.oid = pg_catalog.pg_class.relnamespace 
WHERE pg_catalog.pg_class.relname = %(table_name)s AND pg_catalog.pg_class.relkind = ANY (ARRAY[%(param_1)s, %(param_2)s, %(param_3)s, %(param_4)s, %(param_5)s]) AND pg_catalog.pg_table_is_visible(pg_catalog.pg_class.oid) AND pg_catalog.pg_namespace.nspname != %(nspname_1)s
2026-08-25 20:09:40,553 | INFO | [cached since 0.01105s ago] {'table_name': 'movimientos_credito', 'param_1': 'r', 'param_2': 'p', 'param_3': 'f', 'param_4': 'v', 'param_5': 'm', 'nspname_1': 'pg_catalog'}
2026-08-25 20:09:40,553 | INFO | COMMIT
2026-08-25 20:09:50,503 | INFO | BEGIN (implicit)
2026-08-25 20:09:50,508 | INFO | SELECT productos.id_producto AS productos_id_producto, productos.nombre AS productos_nombre, productos.categoria AS productos_categoria, productos.precio AS productos_precio, productos."UsuarioCreacion" AS "productos_UsuarioCreacion", productos."FechaCreacion" AS "productos_FechaCreacion", productos."UsuarioModificacion" AS "productos_UsuarioModificacion", productos."FechaModificacion" AS "productos_FechaModificacion", productos."EstadoTupla" AS "productos_EstadoTupla" 
FROM productos 
WHERE productos."EstadoTupla" = true
2026-08-25 20:09:50,510 | INFO | [generated in 0.00157s] {}
2026-08-25 20:09:57,613 | INFO | BEGIN (implicit)
2026-08-25 20:09:57,614 | INFO | SELECT usuarios.id_usuario AS usuarios_id_usuario, usuarios.username AS usuarios_username, usuarios.password_hashed AS usuarios_password_hashed, usuarios."UsuarioCreacion" AS "usuarios_UsuarioCreacion", usuarios."FechaCreacion" AS "usuarios_FechaCreacion", usuarios."UsuarioModificacion" AS "usuarios_UsuarioModificacion", usuarios."FechaModificacion" AS "usuarios_FechaModificacion", usuarios."EstadoTupla" AS "usuarios_EstadoTupla" 
FROM usuarios 
WHERE usuarios.username = %(username_1)s AND usuarios."EstadoTupla" = true 
 LIMIT %(param_1)s
2026-08-25 20:09:57,615 | INFO | [generated in 0.00050s] {'username_1': 'admin', 'param_1': 1}
2026-08-25 20:09:57,679 | INFO | BEGIN (implicit)
2026-08-25 20:09:57,679 | INFO | SELECT productos.id_producto AS productos_id_producto, productos.nombre AS productos_nombre, productos.categoria AS productos_categoria, productos.precio AS productos_precio, productos."UsuarioCreacion" AS "productos_UsuarioCreacion", productos."FechaCreacion" AS "productos_FechaCreacion", productos."UsuarioModificacion" AS "productos_UsuarioModificacion", productos."FechaModificacion" AS "productos_FechaModificacion", productos."EstadoTupla" AS "productos_EstadoTupla" 
FROM productos 
WHERE productos."EstadoTupla" = true
2026-08-25 20:09:57,680 | INFO | [cached since 7.171s ago] {}
2026-08-25 20:10:00,371 | INFO | BEGIN (implicit)
2026-08-25 20:10:00,371 | INFO | SELECT productos.id_producto AS productos_id_producto, productos.nombre AS productos_nombre, productos.categoria AS productos_categoria, productos.precio AS productos_precio, productos."UsuarioCreacion" AS "productos_UsuarioCreacion", productos."FechaCreacion" AS "productos_FechaCreacion", productos."UsuarioModificacion" AS "productos_UsuarioModificacion", productos."FechaModificacion" AS "productos_FechaModificacion", productos."EstadoTupla" AS "productos_EstadoTupla" 
FROM productos 
WHERE productos."EstadoTupla" = true
2026-08-25 20:10:00,371 | INFO | [cached since 9.863s ago] {}
2026-08-25 20:10:00,421 | INFO | BEGIN (implicit)
2026-08-25 20:10:00,423 | INFO | SELECT clientes.id_cliente AS clientes_id_cliente, clientes.nombre AS clientes_nombre, clientes.rut AS clientes_rut, clientes.telefono AS clientes_telefono, clientes.email AS clientes_email, clientes.direccion AS clientes_direccion, clientes.tipo_cliente AS clientes_tipo_cliente, clientes.observaciones AS clientes_observaciones, clientes."UsuarioCreacion" AS "clientes_UsuarioCreacion", clientes."FechaCreacion" AS "clientes_FechaCreacion", clientes."UsuarioModificacion" AS "clientes_UsuarioModificacion", clientes."FechaModificacion" AS "clientes_FechaModificacion", clientes."EstadoTupla" AS "clientes_EstadoTupla" 
FROM clientes 
WHERE clientes."EstadoTupla" = true
2026-08-25 20:10:00,423 | INFO | [generated in 0.00023s] {}
2026-08-25 20:10:48,085 | INFO | BEGIN (implicit)
2026-08-25 20:10:48,086 | INFO | SELECT clientes.id_cliente AS clientes_id_cliente, clientes.nombre AS clientes_nombre, clientes.rut AS clientes_rut, clientes.telefono AS clientes_telefono, clientes.email AS clientes_email, clientes.direccion AS clientes_direccion, clientes.tipo_cliente AS clientes_tipo_cliente, clientes.observaciones AS clientes_observaciones, clientes."UsuarioCreacion" AS "clientes_UsuarioCreacion", clientes."FechaCreacion" AS "clientes_FechaCreacion", clientes."UsuarioModificacion" AS "clientes_UsuarioModificacion", clientes."FechaModificacion" AS "clientes_FechaModificacion", clientes."EstadoTupla" AS "clientes_EstadoTupla" 
FROM clientes 
WHERE clientes.rut = %(rut_1)s 
 LIMIT %(param_1)s
2026-08-25 20:10:48,086 | INFO | [generated in 0.00022s] {'rut_1': '23653768-4', 'param_1': 1}
2026-08-25 20:10:48,090 | INFO | INSERT INTO clientes (nombre, rut, telefono, email, direccion, tipo_cliente, observaciones, "UsuarioCreacion", "FechaCreacion", "UsuarioModificacion", "FechaModificacion", "EstadoTupla") VALUES (%(nombre)s, %(rut)s, %(telefono)s, %(email)s, %(direccion)s, %(tipo_cliente)s, %(observaciones)s, %(UsuarioCreacion)s, %(FechaCreacion)s, %(UsuarioModificacion)s, %(FechaModificacion)s, %(EstadoTupla)s) RETURNING clientes.id_cliente
2026-08-25 20:10:48,090 | INFO | [generated in 0.00033s] {'nombre': 'Jaquelin Doren Pinto', 'rut': '23653768-4', 'telefono': '+56951993187', 'email': None, 'direccion': None, 'tipo_cliente': 'Frecuente', 'observaciones': None, 'UsuarioCreacion': 'admin', 'FechaCreacion': datetime.datetime(2026, 8, 26, 0, 10, 48, 90214, tzinfo=datetime.timezone.utc), 'UsuarioModificacion': None, 'FechaModificacion': None, 'EstadoTupla': True}
2026-08-25 20:10:48,091 | INFO | COMMIT
2026-08-25 20:10:51,172 | INFO | BEGIN (implicit)
2026-08-25 20:10:51,173 | INFO | SELECT clientes.id_cliente AS clientes_id_cliente, clientes.nombre AS clientes_nombre, clientes.rut AS clientes_rut, clientes.telefono AS clientes_telefono, clientes.email AS clientes_email, clientes.direccion AS clientes_direccion, clientes.tipo_cliente AS clientes_tipo_cliente, clientes.observaciones AS clientes_observaciones, clientes."UsuarioCreacion" AS "clientes_UsuarioCreacion", clientes."FechaCreacion" AS "clientes_FechaCreacion", clientes."UsuarioModificacion" AS "clientes_UsuarioModificacion", clientes."FechaModificacion" AS "clientes_FechaModificacion", clientes."EstadoTupla" AS "clientes_EstadoTupla" 
FROM clientes 
WHERE clientes."EstadoTupla" = true
2026-08-25 20:10:51,173 | INFO | [cached since 50.75s ago] {}
2026-08-25 20:10:51,229 | INFO | BEGIN (implicit)
2026-08-25 20:10:51,231 | INFO | SELECT productos.id_producto AS productos_id_producto, productos.nombre AS productos_nombre, productos.categoria AS productos_categoria, productos.precio AS productos_precio, productos."UsuarioCreacion" AS "productos_UsuarioCreacion", productos."FechaCreacion" AS "productos_FechaCreacion", productos."UsuarioModificacion" AS "productos_UsuarioModificacion", productos."FechaModificacion" AS "productos_FechaModificacion", productos."EstadoTupla" AS "productos_EstadoTupla" 
FROM productos 
WHERE productos."EstadoTupla" = true
2026-08-25 20:10:51,231 | INFO | [cached since 60.72s ago] {}
2026-08-25 20:11:07,634 | INFO | BEGIN (implicit)
2026-08-25 20:11:07,634 | INFO | SELECT productos.id_producto AS productos_id_producto, productos.nombre AS productos_nombre, productos.categoria AS productos_categoria, productos.precio AS productos_precio, productos."UsuarioCreacion" AS "productos_UsuarioCreacion", productos."FechaCreacion" AS "productos_FechaCreacion", productos."UsuarioModificacion" AS "productos_UsuarioModificacion", productos."FechaModificacion" AS "productos_FechaModificacion", productos."EstadoTupla" AS "productos_EstadoTupla" 
FROM productos 
WHERE productos."EstadoTupla" = true
2026-08-25 20:11:07,634 | INFO | [cached since 77.13s ago] {}
2026-08-25 20:11:12,128 | INFO | BEGIN (implicit)
2026-08-25 20:11:12,129 | INFO | SELECT productos.id_producto AS productos_id_producto, productos.nombre AS productos_nombre, productos.categoria AS productos_categoria, productos.precio AS productos_precio, productos."UsuarioCreacion" AS "productos_UsuarioCreacion", productos."FechaCreacion" AS "productos_FechaCreacion", productos."UsuarioModificacion" AS "productos_UsuarioModificacion", productos."FechaModificacion" AS "productos_FechaModificacion", productos."EstadoTupla" AS "productos_EstadoTupla" 
FROM productos 
WHERE productos."EstadoTupla" = true
2026-08-25 20:11:12,129 | INFO | [cached since 81.62s ago] {}
2026-08-25 20:11:22,219 | INFO | BEGIN (implicit)
2026-08-25 20:11:22,220 | INFO | SELECT productos.id_producto AS productos_id_producto, productos.nombre AS productos_nombre, productos.categoria AS productos_categoria, productos.precio AS productos_precio, productos."UsuarioCreacion" AS "productos_UsuarioCreacion", productos."FechaCreacion" AS "productos_FechaCreacion", productos."UsuarioModificacion" AS "productos_UsuarioModificacion", productos."FechaModificacion" AS "productos_FechaModificacion", productos."EstadoTupla" AS "productos_EstadoTupla" 
FROM productos 
WHERE productos."EstadoTupla" = true
2026-08-25 20:11:22,220 | INFO | [cached since 91.71s ago] {}
2026-08-25 20:11:53,548 | INFO | BEGIN (implicit)
2026-08-25 20:11:53,549 | INFO | SELECT clientes.id_cliente AS clientes_id_cliente, clientes.nombre AS clientes_nombre, clientes.rut AS clientes_rut, clientes.telefono AS clientes_telefono, clientes.email AS clientes_email, clientes.direccion AS clientes_direccion, clientes.tipo_cliente AS clientes_tipo_cliente, clientes.observaciones AS clientes_observaciones, clientes."UsuarioCreacion" AS "clientes_UsuarioCreacion", clientes."FechaCreacion" AS "clientes_FechaCreacion", clientes."UsuarioModificacion" AS "clientes_UsuarioModificacion", clientes."FechaModificacion" AS "clientes_FechaModificacion", clientes."EstadoTupla" AS "clientes_EstadoTupla" 
FROM clientes 
WHERE clientes."EstadoTupla" = true
2026-08-25 20:11:53,549 | INFO | [cached since 113.1s ago] {}
2026-08-25 20:11:53,551 | INFO | BEGIN (implicit)
2026-08-25 20:11:53,551 | INFO | SELECT productos.id_producto AS productos_id_producto, productos.nombre AS productos_nombre, productos.categoria AS productos_categoria, productos.precio AS productos_precio, productos."UsuarioCreacion" AS "productos_UsuarioCreacion", productos."FechaCreacion" AS "productos_FechaCreacion", productos."UsuarioModificacion" AS "productos_UsuarioModificacion", productos."FechaModificacion" AS "productos_FechaModificacion", productos."EstadoTupla" AS "productos_EstadoTupla" 
FROM productos 
WHERE productos."EstadoTupla" = true
2026-08-25 20:11:53,552 | INFO | [cached since 123s ago] {}
2026-08-25 20:13:37,734 | INFO | BEGIN (implicit)
2026-08-25 20:13:37,734 | INFO | SELECT productos.id_producto AS productos_id_producto, productos.nombre AS productos_nombre, productos.categoria AS productos_categoria, productos.precio AS productos_precio, productos."UsuarioCreacion" AS "productos_UsuarioCreacion", productos."FechaCreacion" AS "productos_FechaCreacion", productos."UsuarioModificacion" AS "productos_UsuarioModificacion", productos."FechaModificacion" AS "productos_FechaModificacion", productos."EstadoTupla" AS "productos_EstadoTupla" 
FROM productos 
WHERE productos."EstadoTupla" = true
2026-08-25 20:13:37,734 | INFO | [cached since 227.2s ago] {}
2026-08-25 20:14:19,115 | INFO | BEGIN (implicit)
2026-08-25 20:14:19,115 | INFO | SELECT productos.id_producto AS productos_id_producto, productos.nombre AS productos_nombre, productos.categoria AS productos_categoria, productos.precio AS productos_precio, productos."UsuarioCreacion" AS "productos_UsuarioCreacion", productos."FechaCreacion" AS "productos_FechaCreacion", productos."UsuarioModificacion" AS "productos_UsuarioModificacion", productos."FechaModificacion" AS "productos_FechaModificacion", productos."EstadoTupla" AS "productos_EstadoTupla" 
FROM productos 
WHERE productos."EstadoTupla" = true
2026-08-25 20:14:19,116 | INFO | [cached since 268.6s ago] {}
2026-08-25 20:16:14,317 | INFO | BEGIN (implicit)
2026-08-25 20:16:14,317 | INFO | SELECT productos.id_producto AS productos_id_producto, productos.nombre AS productos_nombre, productos.categoria AS productos_categoria, productos.precio AS productos_precio, productos."UsuarioCreacion" AS "productos_UsuarioCreacion", productos."FechaCreacion" AS "productos_FechaCreacion", productos."UsuarioModificacion" AS "productos_UsuarioModificacion", productos."FechaModificacion" AS "productos_FechaModificacion", productos."EstadoTupla" AS "productos_EstadoTupla" 
FROM productos 
WHERE productos."EstadoTupla" = true
2026-08-25 20:16:14,317 | INFO | [cached since 383.8s ago] {}
2026-08-25 20:16:34,389 | INFO | BEGIN (implicit)
2026-08-25 20:16:34,390 | INFO | SELECT productos.id_producto AS productos_id_producto, productos.nombre AS productos_nombre, productos.categoria AS productos_categoria, productos.precio AS productos_precio, productos."UsuarioCreacion" AS "productos_UsuarioCreacion", productos."FechaCreacion" AS "productos_FechaCreacion", productos."UsuarioModificacion" AS "productos_UsuarioModificacion", productos."FechaModificacion" AS "productos_FechaModificacion", productos."EstadoTupla" AS "productos_EstadoTupla" 
FROM productos 
WHERE productos."EstadoTupla" = true
2026-08-25 20:16:34,404 | INFO | [cached since 403.9s ago] {}
2026-08-25 20:17:56,068 | INFO | BEGIN (implicit)
2026-08-25 20:17:56,069 | INFO | SELECT productos.id_producto AS productos_id_producto, productos.nombre AS productos_nombre, productos.categoria AS productos_categoria, productos.precio AS productos_precio, productos."UsuarioCreacion" AS "productos_UsuarioCreacion", productos."FechaCreacion" AS "productos_FechaCreacion", productos."UsuarioModificacion" AS "productos_UsuarioModificacion", productos."FechaModificacion" AS "productos_FechaModificacion", productos."EstadoTupla" AS "productos_EstadoTupla" 
FROM productos 
WHERE productos."EstadoTupla" = true
2026-08-25 20:17:56,069 | INFO | [cached since 485.6s ago] {}
2026-08-25 20:25:01,331 | INFO | SINGLETON: Inicializando el pool de conexiones único hacia PostgreSQL.
2026-08-25 20:25:01,332 | INFO | INFRAESTRUCTURA: Verificando y creando el esquema de tablas del MVP.
2026-08-25 20:25:01,390 | INFO | select pg_catalog.version()
2026-08-25 20:25:01,391 | INFO | [raw sql] {}
2026-08-25 20:25:01,392 | INFO | select current_schema()
2026-08-25 20:25:01,392 | INFO | [raw sql] {}
2026-08-25 20:25:01,394 | INFO | show standard_conforming_strings
2026-08-25 20:25:01,394 | INFO | [raw sql] {}
2026-08-25 20:25:01,395 | INFO | BEGIN (implicit)
2026-08-25 20:25:01,398 | INFO | SELECT pg_catalog.pg_class.relname 
FROM pg_catalog.pg_class JOIN pg_catalog.pg_namespace ON pg_catalog.pg_namespace.oid = pg_catalog.pg_class.relnamespace 
WHERE pg_catalog.pg_class.relname = %(table_name)s AND pg_catalog.pg_class.relkind = ANY (ARRAY[%(param_1)s, %(param_2)s, %(param_3)s, %(param_4)s, %(param_5)s]) AND pg_catalog.pg_table_is_visible(pg_catalog.pg_class.oid) AND pg_catalog.pg_namespace.nspname != %(nspname_1)s
2026-08-25 20:25:01,398 | INFO | [generated in 0.00028s] {'table_name': 'sucursales', 'param_1': 'r', 'param_2': 'p', 'param_3': 'f', 'param_4': 'v', 'param_5': 'm', 'nspname_1': 'pg_catalog'}
2026-08-25 20:25:01,400 | INFO | SELECT pg_catalog.pg_class.relname 
FROM pg_catalog.pg_class JOIN pg_catalog.pg_namespace ON pg_catalog.pg_namespace.oid = pg_catalog.pg_class.relnamespace 
WHERE pg_catalog.pg_class.relname = %(table_name)s AND pg_catalog.pg_class.relkind = ANY (ARRAY[%(param_1)s, %(param_2)s, %(param_3)s, %(param_4)s, %(param_5)s]) AND pg_catalog.pg_table_is_visible(pg_catalog.pg_class.oid) AND pg_catalog.pg_namespace.nspname != %(nspname_1)s
2026-08-25 20:25:01,400 | INFO | [cached since 0.002893s ago] {'table_name': 'mesas', 'param_1': 'r', 'param_2': 'p', 'param_3': 'f', 'param_4': 'v', 'param_5': 'm', 'nspname_1': 'pg_catalog'}
2026-08-25 20:25:01,401 | INFO | SELECT pg_catalog.pg_class.relname 
FROM pg_catalog.pg_class JOIN pg_catalog.pg_namespace ON pg_catalog.pg_namespace.oid = pg_catalog.pg_class.relnamespace 
WHERE pg_catalog.pg_class.relname = %(table_name)s AND pg_catalog.pg_class.relkind = ANY (ARRAY[%(param_1)s, %(param_2)s, %(param_3)s, %(param_4)s, %(param_5)s]) AND pg_catalog.pg_table_is_visible(pg_catalog.pg_class.oid) AND pg_catalog.pg_namespace.nspname != %(nspname_1)s
2026-08-25 20:25:01,401 | INFO | [cached since 0.003716s ago] {'table_name': 'clientes', 'param_1': 'r', 'param_2': 'p', 'param_3': 'f', 'param_4': 'v', 'param_5': 'm', 'nspname_1': 'pg_catalog'}
2026-08-25 20:25:01,402 | INFO | SELECT pg_catalog.pg_class.relname 
FROM pg_catalog.pg_class JOIN pg_catalog.pg_namespace ON pg_catalog.pg_namespace.oid = pg_catalog.pg_class.relnamespace 
WHERE pg_catalog.pg_class.relname = %(table_name)s AND pg_catalog.pg_class.relkind = ANY (ARRAY[%(param_1)s, %(param_2)s, %(param_3)s, %(param_4)s, %(param_5)s]) AND pg_catalog.pg_table_is_visible(pg_catalog.pg_class.oid) AND pg_catalog.pg_namespace.nspname != %(nspname_1)s
2026-08-25 20:25:01,402 | INFO | [cached since 0.004548s ago] {'table_name': 'pedidos', 'param_1': 'r', 'param_2': 'p', 'param_3': 'f', 'param_4': 'v', 'param_5': 'm', 'nspname_1': 'pg_catalog'}
2026-08-25 20:25:01,403 | INFO | SELECT pg_catalog.pg_class.relname 
FROM pg_catalog.pg_class JOIN pg_catalog.pg_namespace ON pg_catalog.pg_namespace.oid = pg_catalog.pg_class.relnamespace 
WHERE pg_catalog.pg_class.relname = %(table_name)s AND pg_catalog.pg_class.relkind = ANY (ARRAY[%(param_1)s, %(param_2)s, %(param_3)s, %(param_4)s, %(param_5)s]) AND pg_catalog.pg_table_is_visible(pg_catalog.pg_class.oid) AND pg_catalog.pg_namespace.nspname != %(nspname_1)s
2026-08-25 20:25:01,403 | INFO | [cached since 0.005323s ago] {'table_name': 'detalles_pedido', 'param_1': 'r', 'param_2': 'p', 'param_3': 'f', 'param_4': 'v', 'param_5': 'm', 'nspname_1': 'pg_catalog'}
2026-08-25 20:25:01,403 | INFO | SELECT pg_catalog.pg_class.relname 
FROM pg_catalog.pg_class JOIN pg_catalog.pg_namespace ON pg_catalog.pg_namespace.oid = pg_catalog.pg_class.relnamespace 
WHERE pg_catalog.pg_class.relname = %(table_name)s AND pg_catalog.pg_class.relkind = ANY (ARRAY[%(param_1)s, %(param_2)s, %(param_3)s, %(param_4)s, %(param_5)s]) AND pg_catalog.pg_table_is_visible(pg_catalog.pg_class.oid) AND pg_catalog.pg_namespace.nspname != %(nspname_1)s
2026-08-25 20:25:01,404 | INFO | [cached since 0.006107s ago] {'table_name': 'productos', 'param_1': 'r', 'param_2': 'p', 'param_3': 'f', 'param_4': 'v', 'param_5': 'm', 'nspname_1': 'pg_catalog'}
2026-08-25 20:25:01,404 | INFO | SELECT pg_catalog.pg_class.relname 
FROM pg_catalog.pg_class JOIN pg_catalog.pg_namespace ON pg_catalog.pg_namespace.oid = pg_catalog.pg_class.relnamespace 
WHERE pg_catalog.pg_class.relname = %(table_name)s AND pg_catalog.pg_class.relkind = ANY (ARRAY[%(param_1)s, %(param_2)s, %(param_3)s, %(param_4)s, %(param_5)s]) AND pg_catalog.pg_table_is_visible(pg_catalog.pg_class.oid) AND pg_catalog.pg_namespace.nspname != %(nspname_1)s
2026-08-25 20:25:01,404 | INFO | [cached since 0.00686s ago] {'table_name': 'comandas', 'param_1': 'r', 'param_2': 'p', 'param_3': 'f', 'param_4': 'v', 'param_5': 'm', 'nspname_1': 'pg_catalog'}
2026-08-25 20:25:01,405 | INFO | SELECT pg_catalog.pg_class.relname 
FROM pg_catalog.pg_class JOIN pg_catalog.pg_namespace ON pg_catalog.pg_namespace.oid = pg_catalog.pg_class.relnamespace 
WHERE pg_catalog.pg_class.relname = %(table_name)s AND pg_catalog.pg_class.relkind = ANY (ARRAY[%(param_1)s, %(param_2)s, %(param_3)s, %(param_4)s, %(param_5)s]) AND pg_catalog.pg_table_is_visible(pg_catalog.pg_class.oid) AND pg_catalog.pg_namespace.nspname != %(nspname_1)s
2026-08-25 20:25:01,405 | INFO | [cached since 0.00758s ago] {'table_name': 'pagos', 'param_1': 'r', 'param_2': 'p', 'param_3': 'f', 'param_4': 'v', 'param_5': 'm', 'nspname_1': 'pg_catalog'}
2026-08-25 20:25:01,406 | INFO | SELECT pg_catalog.pg_class.relname 
FROM pg_catalog.pg_class JOIN pg_catalog.pg_namespace ON pg_catalog.pg_namespace.oid = pg_catalog.pg_class.relnamespace 
WHERE pg_catalog.pg_class.relname = %(table_name)s AND pg_catalog.pg_class.relkind = ANY (ARRAY[%(param_1)s, %(param_2)s, %(param_3)s, %(param_4)s, %(param_5)s]) AND pg_catalog.pg_table_is_visible(pg_catalog.pg_class.oid) AND pg_catalog.pg_namespace.nspname != %(nspname_1)s
2026-08-25 20:25:01,406 | INFO | [cached since 0.008259s ago] {'table_name': 'usuarios', 'param_1': 'r', 'param_2': 'p', 'param_3': 'f', 'param_4': 'v', 'param_5': 'm', 'nspname_1': 'pg_catalog'}
2026-08-25 20:25:01,406 | INFO | SELECT pg_catalog.pg_class.relname 
FROM pg_catalog.pg_class JOIN pg_catalog.pg_namespace ON pg_catalog.pg_namespace.oid = pg_catalog.pg_class.relnamespace 
WHERE pg_catalog.pg_class.relname = %(table_name)s AND pg_catalog.pg_class.relkind = ANY (ARRAY[%(param_1)s, %(param_2)s, %(param_3)s, %(param_4)s, %(param_5)s]) AND pg_catalog.pg_table_is_visible(pg_catalog.pg_class.oid) AND pg_catalog.pg_namespace.nspname != %(nspname_1)s
2026-08-25 20:25:01,406 | INFO | [cached since 0.008917s ago] {'table_name': 'cuentas_credito', 'param_1': 'r', 'param_2': 'p', 'param_3': 'f', 'param_4': 'v', 'param_5': 'm', 'nspname_1': 'pg_catalog'}
2026-08-25 20:25:01,407 | INFO | SELECT pg_catalog.pg_class.relname 
FROM pg_catalog.pg_class JOIN pg_catalog.pg_namespace ON pg_catalog.pg_namespace.oid = pg_catalog.pg_class.relnamespace 
WHERE pg_catalog.pg_class.relname = %(table_name)s AND pg_catalog.pg_class.relkind = ANY (ARRAY[%(param_1)s, %(param_2)s, %(param_3)s, %(param_4)s, %(param_5)s]) AND pg_catalog.pg_table_is_visible(pg_catalog.pg_class.oid) AND pg_catalog.pg_namespace.nspname != %(nspname_1)s
2026-08-25 20:25:01,407 | INFO | [cached since 0.009649s ago] {'table_name': 'movimientos_credito', 'param_1': 'r', 'param_2': 'p', 'param_3': 'f', 'param_4': 'v', 'param_5': 'm', 'nspname_1': 'pg_catalog'}
2026-08-25 20:25:01,408 | INFO | COMMIT
2026-08-25 20:25:07,636 | INFO | BEGIN (implicit)
2026-08-25 20:25:07,640 | INFO | SELECT productos.id_producto AS productos_id_producto, productos.nombre AS productos_nombre, productos.categoria AS productos_categoria, productos.precio AS productos_precio, productos."UsuarioCreacion" AS "productos_UsuarioCreacion", productos."FechaCreacion" AS "productos_FechaCreacion", productos."UsuarioModificacion" AS "productos_UsuarioModificacion", productos."FechaModificacion" AS "productos_FechaModificacion", productos."EstadoTupla" AS "productos_EstadoTupla" 
FROM productos 
WHERE productos."EstadoTupla" = true
2026-08-25 20:25:07,641 | INFO | [generated in 0.00044s] {}
2026-08-25 20:25:10,955 | INFO | BEGIN (implicit)
2026-08-25 20:25:10,956 | INFO | SELECT productos.id_producto AS productos_id_producto, productos.nombre AS productos_nombre, productos.categoria AS productos_categoria, productos.precio AS productos_precio, productos."UsuarioCreacion" AS "productos_UsuarioCreacion", productos."FechaCreacion" AS "productos_FechaCreacion", productos."UsuarioModificacion" AS "productos_UsuarioModificacion", productos."FechaModificacion" AS "productos_FechaModificacion", productos."EstadoTupla" AS "productos_EstadoTupla" 
FROM productos 
WHERE productos."EstadoTupla" = true
2026-08-25 20:25:10,956 | INFO | [cached since 3.316s ago] {}
2026-08-25 20:25:36,684 | INFO | BEGIN (implicit)
2026-08-25 20:25:36,684 | INFO | SELECT productos.id_producto AS productos_id_producto, productos.nombre AS productos_nombre, productos.categoria AS productos_categoria, productos.precio AS productos_precio, productos."UsuarioCreacion" AS "productos_UsuarioCreacion", productos."FechaCreacion" AS "productos_FechaCreacion", productos."UsuarioModificacion" AS "productos_UsuarioModificacion", productos."FechaModificacion" AS "productos_FechaModificacion", productos."EstadoTupla" AS "productos_EstadoTupla" 
FROM productos 
WHERE productos."EstadoTupla" = true
2026-08-25 20:25:36,684 | INFO | [cached since 29.04s ago] {}
2026-08-25 20:25:47,231 | INFO | BEGIN (implicit)
2026-08-25 20:25:47,232 | INFO | SELECT productos.id_producto AS productos_id_producto, productos.nombre AS productos_nombre, productos.categoria AS productos_categoria, productos.precio AS productos_precio, productos."UsuarioCreacion" AS "productos_UsuarioCreacion", productos."FechaCreacion" AS "productos_FechaCreacion", productos."UsuarioModificacion" AS "productos_UsuarioModificacion", productos."FechaModificacion" AS "productos_FechaModificacion", productos."EstadoTupla" AS "productos_EstadoTupla" 
FROM productos 
WHERE productos."EstadoTupla" = true
2026-08-25 20:25:47,232 | INFO | [cached since 39.59s ago] {}
2026-08-25 20:28:47,167 | INFO | SINGLETON: Inicializando el pool de conexiones único hacia PostgreSQL.
2026-08-25 20:28:47,168 | INFO | INFRAESTRUCTURA: Verificando y creando el esquema de tablas del MVP.
2026-08-25 20:28:47,225 | INFO | select pg_catalog.version()
2026-08-25 20:28:47,225 | INFO | [raw sql] {}
2026-08-25 20:28:47,227 | INFO | select current_schema()
2026-08-25 20:28:47,227 | INFO | [raw sql] {}
2026-08-25 20:28:47,228 | INFO | show standard_conforming_strings
2026-08-25 20:28:47,228 | INFO | [raw sql] {}
2026-08-25 20:28:47,229 | INFO | BEGIN (implicit)
2026-08-25 20:28:47,232 | INFO | SELECT pg_catalog.pg_class.relname 
FROM pg_catalog.pg_class JOIN pg_catalog.pg_namespace ON pg_catalog.pg_namespace.oid = pg_catalog.pg_class.relnamespace 
WHERE pg_catalog.pg_class.relname = %(table_name)s AND pg_catalog.pg_class.relkind = ANY (ARRAY[%(param_1)s, %(param_2)s, %(param_3)s, %(param_4)s, %(param_5)s]) AND pg_catalog.pg_table_is_visible(pg_catalog.pg_class.oid) AND pg_catalog.pg_namespace.nspname != %(nspname_1)s
2026-08-25 20:28:47,232 | INFO | [generated in 0.00031s] {'table_name': 'sucursales', 'param_1': 'r', 'param_2': 'p', 'param_3': 'f', 'param_4': 'v', 'param_5': 'm', 'nspname_1': 'pg_catalog'}
2026-08-25 20:28:47,235 | INFO | SELECT pg_catalog.pg_class.relname 
FROM pg_catalog.pg_class JOIN pg_catalog.pg_namespace ON pg_catalog.pg_namespace.oid = pg_catalog.pg_class.relnamespace 
WHERE pg_catalog.pg_class.relname = %(table_name)s AND pg_catalog.pg_class.relkind = ANY (ARRAY[%(param_1)s, %(param_2)s, %(param_3)s, %(param_4)s, %(param_5)s]) AND pg_catalog.pg_table_is_visible(pg_catalog.pg_class.oid) AND pg_catalog.pg_namespace.nspname != %(nspname_1)s
2026-08-25 20:28:47,235 | INFO | [cached since 0.002693s ago] {'table_name': 'mesas', 'param_1': 'r', 'param_2': 'p', 'param_3': 'f', 'param_4': 'v', 'param_5': 'm', 'nspname_1': 'pg_catalog'}
2026-08-25 20:28:47,235 | INFO | SELECT pg_catalog.pg_class.relname 
FROM pg_catalog.pg_class JOIN pg_catalog.pg_namespace ON pg_catalog.pg_namespace.oid = pg_catalog.pg_class.relnamespace 
WHERE pg_catalog.pg_class.relname = %(table_name)s AND pg_catalog.pg_class.relkind = ANY (ARRAY[%(param_1)s, %(param_2)s, %(param_3)s, %(param_4)s, %(param_5)s]) AND pg_catalog.pg_table_is_visible(pg_catalog.pg_class.oid) AND pg_catalog.pg_namespace.nspname != %(nspname_1)s
2026-08-25 20:28:47,235 | INFO | [cached since 0.003481s ago] {'table_name': 'clientes', 'param_1': 'r', 'param_2': 'p', 'param_3': 'f', 'param_4': 'v', 'param_5': 'm', 'nspname_1': 'pg_catalog'}
2026-08-25 20:28:47,236 | INFO | SELECT pg_catalog.pg_class.relname 
FROM pg_catalog.pg_class JOIN pg_catalog.pg_namespace ON pg_catalog.pg_namespace.oid = pg_catalog.pg_class.relnamespace 
WHERE pg_catalog.pg_class.relname = %(table_name)s AND pg_catalog.pg_class.relkind = ANY (ARRAY[%(param_1)s, %(param_2)s, %(param_3)s, %(param_4)s, %(param_5)s]) AND pg_catalog.pg_table_is_visible(pg_catalog.pg_class.oid) AND pg_catalog.pg_namespace.nspname != %(nspname_1)s
2026-08-25 20:28:47,236 | INFO | [cached since 0.004182s ago] {'table_name': 'pedidos', 'param_1': 'r', 'param_2': 'p', 'param_3': 'f', 'param_4': 'v', 'param_5': 'm', 'nspname_1': 'pg_catalog'}
2026-08-25 20:28:47,237 | INFO | SELECT pg_catalog.pg_class.relname 
FROM pg_catalog.pg_class JOIN pg_catalog.pg_namespace ON pg_catalog.pg_namespace.oid = pg_catalog.pg_class.relnamespace 
WHERE pg_catalog.pg_class.relname = %(table_name)s AND pg_catalog.pg_class.relkind = ANY (ARRAY[%(param_1)s, %(param_2)s, %(param_3)s, %(param_4)s, %(param_5)s]) AND pg_catalog.pg_table_is_visible(pg_catalog.pg_class.oid) AND pg_catalog.pg_namespace.nspname != %(nspname_1)s
2026-08-25 20:28:47,237 | INFO | [cached since 0.005033s ago] {'table_name': 'detalles_pedido', 'param_1': 'r', 'param_2': 'p', 'param_3': 'f', 'param_4': 'v', 'param_5': 'm', 'nspname_1': 'pg_catalog'}
2026-08-25 20:28:47,238 | INFO | SELECT pg_catalog.pg_class.relname 
FROM pg_catalog.pg_class JOIN pg_catalog.pg_namespace ON pg_catalog.pg_namespace.oid = pg_catalog.pg_class.relnamespace 
WHERE pg_catalog.pg_class.relname = %(table_name)s AND pg_catalog.pg_class.relkind = ANY (ARRAY[%(param_1)s, %(param_2)s, %(param_3)s, %(param_4)s, %(param_5)s]) AND pg_catalog.pg_table_is_visible(pg_catalog.pg_class.oid) AND pg_catalog.pg_namespace.nspname != %(nspname_1)s
2026-08-25 20:28:47,238 | INFO | [cached since 0.005772s ago] {'table_name': 'productos', 'param_1': 'r', 'param_2': 'p', 'param_3': 'f', 'param_4': 'v', 'param_5': 'm', 'nspname_1': 'pg_catalog'}
2026-08-25 20:28:47,238 | INFO | SELECT pg_catalog.pg_class.relname 
FROM pg_catalog.pg_class JOIN pg_catalog.pg_namespace ON pg_catalog.pg_namespace.oid = pg_catalog.pg_class.relnamespace 
WHERE pg_catalog.pg_class.relname = %(table_name)s AND pg_catalog.pg_class.relkind = ANY (ARRAY[%(param_1)s, %(param_2)s, %(param_3)s, %(param_4)s, %(param_5)s]) AND pg_catalog.pg_table_is_visible(pg_catalog.pg_class.oid) AND pg_catalog.pg_namespace.nspname != %(nspname_1)s
2026-08-25 20:28:47,239 | INFO | [cached since 0.006569s ago] {'table_name': 'comandas', 'param_1': 'r', 'param_2': 'p', 'param_3': 'f', 'param_4': 'v', 'param_5': 'm', 'nspname_1': 'pg_catalog'}
2026-08-25 20:28:47,239 | INFO | SELECT pg_catalog.pg_class.relname 
FROM pg_catalog.pg_class JOIN pg_catalog.pg_namespace ON pg_catalog.pg_namespace.oid = pg_catalog.pg_class.relnamespace 
WHERE pg_catalog.pg_class.relname = %(table_name)s AND pg_catalog.pg_class.relkind = ANY (ARRAY[%(param_1)s, %(param_2)s, %(param_3)s, %(param_4)s, %(param_5)s]) AND pg_catalog.pg_table_is_visible(pg_catalog.pg_class.oid) AND pg_catalog.pg_namespace.nspname != %(nspname_1)s
2026-08-25 20:28:47,239 | INFO | [cached since 0.007284s ago] {'table_name': 'pagos', 'param_1': 'r', 'param_2': 'p', 'param_3': 'f', 'param_4': 'v', 'param_5': 'm', 'nspname_1': 'pg_catalog'}
2026-08-25 20:28:47,240 | INFO | SELECT pg_catalog.pg_class.relname 
FROM pg_catalog.pg_class JOIN pg_catalog.pg_namespace ON pg_catalog.pg_namespace.oid = pg_catalog.pg_class.relnamespace 
WHERE pg_catalog.pg_class.relname = %(table_name)s AND pg_catalog.pg_class.relkind = ANY (ARRAY[%(param_1)s, %(param_2)s, %(param_3)s, %(param_4)s, %(param_5)s]) AND pg_catalog.pg_table_is_visible(pg_catalog.pg_class.oid) AND pg_catalog.pg_namespace.nspname != %(nspname_1)s
2026-08-25 20:28:47,240 | INFO | [cached since 0.00799s ago] {'table_name': 'usuarios', 'param_1': 'r', 'param_2': 'p', 'param_3': 'f', 'param_4': 'v', 'param_5': 'm', 'nspname_1': 'pg_catalog'}
2026-08-25 20:28:47,241 | INFO | SELECT pg_catalog.pg_class.relname 
FROM pg_catalog.pg_class JOIN pg_catalog.pg_namespace ON pg_catalog.pg_namespace.oid = pg_catalog.pg_class.relnamespace 
WHERE pg_catalog.pg_class.relname = %(table_name)s AND pg_catalog.pg_class.relkind = ANY (ARRAY[%(param_1)s, %(param_2)s, %(param_3)s, %(param_4)s, %(param_5)s]) AND pg_catalog.pg_table_is_visible(pg_catalog.pg_class.oid) AND pg_catalog.pg_namespace.nspname != %(nspname_1)s
2026-08-25 20:28:47,241 | INFO | [cached since 0.008714s ago] {'table_name': 'cuentas_credito', 'param_1': 'r', 'param_2': 'p', 'param_3': 'f', 'param_4': 'v', 'param_5': 'm', 'nspname_1': 'pg_catalog'}
2026-08-25 20:28:47,241 | INFO | SELECT pg_catalog.pg_class.relname 
FROM pg_catalog.pg_class JOIN pg_catalog.pg_namespace ON pg_catalog.pg_namespace.oid = pg_catalog.pg_class.relnamespace 
WHERE pg_catalog.pg_class.relname = %(table_name)s AND pg_catalog.pg_class.relkind = ANY (ARRAY[%(param_1)s, %(param_2)s, %(param_3)s, %(param_4)s, %(param_5)s]) AND pg_catalog.pg_table_is_visible(pg_catalog.pg_class.oid) AND pg_catalog.pg_namespace.nspname != %(nspname_1)s
2026-08-25 20:28:47,241 | INFO | [cached since 0.00941s ago] {'table_name': 'movimientos_credito', 'param_1': 'r', 'param_2': 'p', 'param_3': 'f', 'param_4': 'v', 'param_5': 'm', 'nspname_1': 'pg_catalog'}
2026-08-25 20:28:47,242 | INFO | COMMIT
2026-08-25 20:28:56,129 | INFO | BEGIN (implicit)
2026-08-25 20:28:56,132 | INFO | SELECT productos.id_producto AS productos_id_producto, productos.nombre AS productos_nombre, productos.categoria AS productos_categoria, productos.precio AS productos_precio, productos."UsuarioCreacion" AS "productos_UsuarioCreacion", productos."FechaCreacion" AS "productos_FechaCreacion", productos."UsuarioModificacion" AS "productos_UsuarioModificacion", productos."FechaModificacion" AS "productos_FechaModificacion", productos."EstadoTupla" AS "productos_EstadoTupla" 
FROM productos 
WHERE productos."EstadoTupla" = true
2026-08-25 20:28:56,132 | INFO | [generated in 0.00031s] {}
2026-08-25 20:28:58,327 | INFO | BEGIN (implicit)
2026-08-25 20:28:58,328 | INFO | SELECT productos.id_producto AS productos_id_producto, productos.nombre AS productos_nombre, productos.categoria AS productos_categoria, productos.precio AS productos_precio, productos."UsuarioCreacion" AS "productos_UsuarioCreacion", productos."FechaCreacion" AS "productos_FechaCreacion", productos."UsuarioModificacion" AS "productos_UsuarioModificacion", productos."FechaModificacion" AS "productos_FechaModificacion", productos."EstadoTupla" AS "productos_EstadoTupla" 
FROM productos 
WHERE productos."EstadoTupla" = true
2026-08-25 20:28:58,328 | INFO | [cached since 2.197s ago] {}
2026-08-25 20:29:08,921 | INFO | BEGIN (implicit)
2026-08-25 20:29:08,921 | INFO | SELECT productos.id_producto AS productos_id_producto, productos.nombre AS productos_nombre, productos.categoria AS productos_categoria, productos.precio AS productos_precio, productos."UsuarioCreacion" AS "productos_UsuarioCreacion", productos."FechaCreacion" AS "productos_FechaCreacion", productos."UsuarioModificacion" AS "productos_UsuarioModificacion", productos."FechaModificacion" AS "productos_FechaModificacion", productos."EstadoTupla" AS "productos_EstadoTupla" 
FROM productos 
WHERE productos."EstadoTupla" = true
2026-08-25 20:29:08,921 | INFO | [cached since 12.79s ago] {}
2026-08-25 20:29:49,802 | INFO | BEGIN (implicit)
2026-08-25 20:29:49,802 | INFO | SELECT productos.id_producto AS productos_id_producto, productos.nombre AS productos_nombre, productos.categoria AS productos_categoria, productos.precio AS productos_precio, productos."UsuarioCreacion" AS "productos_UsuarioCreacion", productos."FechaCreacion" AS "productos_FechaCreacion", productos."UsuarioModificacion" AS "productos_UsuarioModificacion", productos."FechaModificacion" AS "productos_FechaModificacion", productos."EstadoTupla" AS "productos_EstadoTupla" 
FROM productos 
WHERE productos."EstadoTupla" = true
2026-08-25 20:29:49,802 | INFO | [cached since 53.67s ago] {}
2026-08-25 20:29:56,657 | INFO | BEGIN (implicit)
2026-08-25 20:29:56,657 | INFO | SELECT productos.id_producto AS productos_id_producto, productos.nombre AS productos_nombre, productos.categoria AS productos_categoria, productos.precio AS productos_precio, productos."UsuarioCreacion" AS "productos_UsuarioCreacion", productos."FechaCreacion" AS "productos_FechaCreacion", productos."UsuarioModificacion" AS "productos_UsuarioModificacion", productos."FechaModificacion" AS "productos_FechaModificacion", productos."EstadoTupla" AS "productos_EstadoTupla" 
FROM productos 
WHERE productos."EstadoTupla" = true
2026-08-25 20:29:56,658 | INFO | [cached since 60.53s ago] {}
2026-08-25 20:29:56,665 | INFO | BEGIN (implicit)
2026-08-25 20:29:56,667 | INFO | SELECT clientes.id_cliente AS clientes_id_cliente, clientes.nombre AS clientes_nombre, clientes.rut AS clientes_rut, clientes.telefono AS clientes_telefono, clientes.email AS clientes_email, clientes.direccion AS clientes_direccion, clientes.tipo_cliente AS clientes_tipo_cliente, clientes.observaciones AS clientes_observaciones, clientes."UsuarioCreacion" AS "clientes_UsuarioCreacion", clientes."FechaCreacion" AS "clientes_FechaCreacion", clientes."UsuarioModificacion" AS "clientes_UsuarioModificacion", clientes."FechaModificacion" AS "clientes_FechaModificacion", clientes."EstadoTupla" AS "clientes_EstadoTupla" 
FROM clientes 
WHERE clientes."EstadoTupla" = true
2026-08-25 20:29:56,667 | INFO | [generated in 0.00028s] {}
2026-08-25 20:31:14,367 | INFO | BEGIN (implicit)
2026-08-25 20:31:14,367 | INFO | SELECT productos.id_producto AS productos_id_producto, productos.nombre AS productos_nombre, productos.categoria AS productos_categoria, productos.precio AS productos_precio, productos."UsuarioCreacion" AS "productos_UsuarioCreacion", productos."FechaCreacion" AS "productos_FechaCreacion", productos."UsuarioModificacion" AS "productos_UsuarioModificacion", productos."FechaModificacion" AS "productos_FechaModificacion", productos."EstadoTupla" AS "productos_EstadoTupla" 
FROM productos 
WHERE productos."EstadoTupla" = true
2026-08-25 20:31:14,367 | INFO | [cached since 138.2s ago] {}
2026-08-25 20:31:16,683 | INFO | BEGIN (implicit)
2026-08-25 20:31:16,684 | INFO | BEGIN (implicit)
2026-08-25 20:31:16,684 | INFO | SELECT clientes.id_cliente AS clientes_id_cliente, clientes.nombre AS clientes_nombre, clientes.rut AS clientes_rut, clientes.telefono AS clientes_telefono, clientes.email AS clientes_email, clientes.direccion AS clientes_direccion, clientes.tipo_cliente AS clientes_tipo_cliente, clientes.observaciones AS clientes_observaciones, clientes."UsuarioCreacion" AS "clientes_UsuarioCreacion", clientes."FechaCreacion" AS "clientes_FechaCreacion", clientes."UsuarioModificacion" AS "clientes_UsuarioModificacion", clientes."FechaModificacion" AS "clientes_FechaModificacion", clientes."EstadoTupla" AS "clientes_EstadoTupla" 
FROM clientes 
WHERE clientes."EstadoTupla" = true
2026-08-25 20:31:16,685 | INFO | SELECT productos.id_producto AS productos_id_producto, productos.nombre AS productos_nombre, productos.categoria AS productos_categoria, productos.precio AS productos_precio, productos."UsuarioCreacion" AS "productos_UsuarioCreacion", productos."FechaCreacion" AS "productos_FechaCreacion", productos."UsuarioModificacion" AS "productos_UsuarioModificacion", productos."FechaModificacion" AS "productos_FechaModificacion", productos."EstadoTupla" AS "productos_EstadoTupla" 
FROM productos 
WHERE productos."EstadoTupla" = true
2026-08-25 20:31:16,685 | INFO | [cached since 80.02s ago] {}
2026-08-25 20:31:16,685 | INFO | [cached since 140.6s ago] {}
2026-08-25 20:31:37,816 | INFO | BEGIN (implicit)
2026-08-25 20:31:37,817 | INFO | SELECT productos.id_producto AS productos_id_producto, productos.nombre AS productos_nombre, productos.categoria AS productos_categoria, productos.precio AS productos_precio, productos."UsuarioCreacion" AS "productos_UsuarioCreacion", productos."FechaCreacion" AS "productos_FechaCreacion", productos."UsuarioModificacion" AS "productos_UsuarioModificacion", productos."FechaModificacion" AS "productos_FechaModificacion", productos."EstadoTupla" AS "productos_EstadoTupla" 
FROM productos 
WHERE productos."EstadoTupla" = true
2026-08-25 20:31:37,817 | INFO | [cached since 161.7s ago] {}
2026-08-25 20:31:39,632 | INFO | BEGIN (implicit)
2026-08-25 20:31:39,632 | INFO | SELECT productos.id_producto AS productos_id_producto, productos.nombre AS productos_nombre, productos.categoria AS productos_categoria, productos.precio AS productos_precio, productos."UsuarioCreacion" AS "productos_UsuarioCreacion", productos."FechaCreacion" AS "productos_FechaCreacion", productos."UsuarioModificacion" AS "productos_UsuarioModificacion", productos."FechaModificacion" AS "productos_FechaModificacion", productos."EstadoTupla" AS "productos_EstadoTupla" 
FROM productos 
WHERE productos."EstadoTupla" = true
2026-08-25 20:31:39,633 | INFO | [cached since 163.5s ago] {}
2026-08-25 20:32:02,926 | INFO | BEGIN (implicit)
2026-08-25 20:32:02,927 | INFO | SELECT productos.id_producto AS productos_id_producto, productos.nombre AS productos_nombre, productos.categoria AS productos_categoria, productos.precio AS productos_precio, productos."UsuarioCreacion" AS "productos_UsuarioCreacion", productos."FechaCreacion" AS "productos_FechaCreacion", productos."UsuarioModificacion" AS "productos_UsuarioModificacion", productos."FechaModificacion" AS "productos_FechaModificacion", productos."EstadoTupla" AS "productos_EstadoTupla" 
FROM productos 
WHERE productos."EstadoTupla" = true
2026-08-25 20:32:02,927 | INFO | [cached since 186.8s ago] {}
2026-08-25 20:38:38,481 | INFO | SINGLETON: Inicializando el pool de conexiones único hacia PostgreSQL.
2026-08-25 20:38:38,482 | INFO | INFRAESTRUCTURA: Verificando y creando el esquema de tablas del MVP.
2026-08-25 20:38:38,540 | INFO | select pg_catalog.version()
2026-08-25 20:38:38,540 | INFO | [raw sql] {}
2026-08-25 20:38:38,542 | INFO | select current_schema()
2026-08-25 20:38:38,542 | INFO | [raw sql] {}
2026-08-25 20:38:38,543 | INFO | show standard_conforming_strings
2026-08-25 20:38:38,543 | INFO | [raw sql] {}
2026-08-25 20:38:38,544 | INFO | BEGIN (implicit)
2026-08-25 20:38:38,548 | INFO | SELECT pg_catalog.pg_class.relname 
FROM pg_catalog.pg_class JOIN pg_catalog.pg_namespace ON pg_catalog.pg_namespace.oid = pg_catalog.pg_class.relnamespace 
WHERE pg_catalog.pg_class.relname = %(table_name)s AND pg_catalog.pg_class.relkind = ANY (ARRAY[%(param_1)s, %(param_2)s, %(param_3)s, %(param_4)s, %(param_5)s]) AND pg_catalog.pg_table_is_visible(pg_catalog.pg_class.oid) AND pg_catalog.pg_namespace.nspname != %(nspname_1)s
2026-08-25 20:38:38,548 | INFO | [generated in 0.00047s] {'table_name': 'sucursales', 'param_1': 'r', 'param_2': 'p', 'param_3': 'f', 'param_4': 'v', 'param_5': 'm', 'nspname_1': 'pg_catalog'}
2026-08-25 20:38:38,551 | INFO | SELECT pg_catalog.pg_class.relname 
FROM pg_catalog.pg_class JOIN pg_catalog.pg_namespace ON pg_catalog.pg_namespace.oid = pg_catalog.pg_class.relnamespace 
WHERE pg_catalog.pg_class.relname = %(table_name)s AND pg_catalog.pg_class.relkind = ANY (ARRAY[%(param_1)s, %(param_2)s, %(param_3)s, %(param_4)s, %(param_5)s]) AND pg_catalog.pg_table_is_visible(pg_catalog.pg_class.oid) AND pg_catalog.pg_namespace.nspname != %(nspname_1)s
2026-08-25 20:38:38,551 | INFO | [cached since 0.003474s ago] {'table_name': 'mesas', 'param_1': 'r', 'param_2': 'p', 'param_3': 'f', 'param_4': 'v', 'param_5': 'm', 'nspname_1': 'pg_catalog'}
2026-08-25 20:38:38,552 | INFO | SELECT pg_catalog.pg_class.relname 
FROM pg_catalog.pg_class JOIN pg_catalog.pg_namespace ON pg_catalog.pg_namespace.oid = pg_catalog.pg_class.relnamespace 
WHERE pg_catalog.pg_class.relname = %(table_name)s AND pg_catalog.pg_class.relkind = ANY (ARRAY[%(param_1)s, %(param_2)s, %(param_3)s, %(param_4)s, %(param_5)s]) AND pg_catalog.pg_table_is_visible(pg_catalog.pg_class.oid) AND pg_catalog.pg_namespace.nspname != %(nspname_1)s
2026-08-25 20:38:38,552 | INFO | [cached since 0.004504s ago] {'table_name': 'clientes', 'param_1': 'r', 'param_2': 'p', 'param_3': 'f', 'param_4': 'v', 'param_5': 'm', 'nspname_1': 'pg_catalog'}
2026-08-25 20:38:38,553 | INFO | SELECT pg_catalog.pg_class.relname 
FROM pg_catalog.pg_class JOIN pg_catalog.pg_namespace ON pg_catalog.pg_namespace.oid = pg_catalog.pg_class.relnamespace 
WHERE pg_catalog.pg_class.relname = %(table_name)s AND pg_catalog.pg_class.relkind = ANY (ARRAY[%(param_1)s, %(param_2)s, %(param_3)s, %(param_4)s, %(param_5)s]) AND pg_catalog.pg_table_is_visible(pg_catalog.pg_class.oid) AND pg_catalog.pg_namespace.nspname != %(nspname_1)s
2026-08-25 20:38:38,553 | INFO | [cached since 0.005333s ago] {'table_name': 'pedidos', 'param_1': 'r', 'param_2': 'p', 'param_3': 'f', 'param_4': 'v', 'param_5': 'm', 'nspname_1': 'pg_catalog'}
2026-08-25 20:38:38,553 | INFO | SELECT pg_catalog.pg_class.relname 
FROM pg_catalog.pg_class JOIN pg_catalog.pg_namespace ON pg_catalog.pg_namespace.oid = pg_catalog.pg_class.relnamespace 
WHERE pg_catalog.pg_class.relname = %(table_name)s AND pg_catalog.pg_class.relkind = ANY (ARRAY[%(param_1)s, %(param_2)s, %(param_3)s, %(param_4)s, %(param_5)s]) AND pg_catalog.pg_table_is_visible(pg_catalog.pg_class.oid) AND pg_catalog.pg_namespace.nspname != %(nspname_1)s
2026-08-25 20:38:38,554 | INFO | [cached since 0.006288s ago] {'table_name': 'detalles_pedido', 'param_1': 'r', 'param_2': 'p', 'param_3': 'f', 'param_4': 'v', 'param_5': 'm', 'nspname_1': 'pg_catalog'}
2026-08-25 20:38:38,554 | INFO | SELECT pg_catalog.pg_class.relname 
FROM pg_catalog.pg_class JOIN pg_catalog.pg_namespace ON pg_catalog.pg_namespace.oid = pg_catalog.pg_class.relnamespace 
WHERE pg_catalog.pg_class.relname = %(table_name)s AND pg_catalog.pg_class.relkind = ANY (ARRAY[%(param_1)s, %(param_2)s, %(param_3)s, %(param_4)s, %(param_5)s]) AND pg_catalog.pg_table_is_visible(pg_catalog.pg_class.oid) AND pg_catalog.pg_namespace.nspname != %(nspname_1)s
2026-08-25 20:38:38,555 | INFO | [cached since 0.007154s ago] {'table_name': 'productos', 'param_1': 'r', 'param_2': 'p', 'param_3': 'f', 'param_4': 'v', 'param_5': 'm', 'nspname_1': 'pg_catalog'}
2026-08-25 20:38:38,555 | INFO | SELECT pg_catalog.pg_class.relname 
FROM pg_catalog.pg_class JOIN pg_catalog.pg_namespace ON pg_catalog.pg_namespace.oid = pg_catalog.pg_class.relnamespace 
WHERE pg_catalog.pg_class.relname = %(table_name)s AND pg_catalog.pg_class.relkind = ANY (ARRAY[%(param_1)s, %(param_2)s, %(param_3)s, %(param_4)s, %(param_5)s]) AND pg_catalog.pg_table_is_visible(pg_catalog.pg_class.oid) AND pg_catalog.pg_namespace.nspname != %(nspname_1)s
2026-08-25 20:38:38,555 | INFO | [cached since 0.00811s ago] {'table_name': 'comandas', 'param_1': 'r', 'param_2': 'p', 'param_3': 'f', 'param_4': 'v', 'param_5': 'm', 'nspname_1': 'pg_catalog'}
2026-08-25 20:38:38,556 | INFO | SELECT pg_catalog.pg_class.relname 
FROM pg_catalog.pg_class JOIN pg_catalog.pg_namespace ON pg_catalog.pg_namespace.oid = pg_catalog.pg_class.relnamespace 
WHERE pg_catalog.pg_class.relname = %(table_name)s AND pg_catalog.pg_class.relkind = ANY (ARRAY[%(param_1)s, %(param_2)s, %(param_3)s, %(param_4)s, %(param_5)s]) AND pg_catalog.pg_table_is_visible(pg_catalog.pg_class.oid) AND pg_catalog.pg_namespace.nspname != %(nspname_1)s
2026-08-25 20:38:38,556 | INFO | [cached since 0.008996s ago] {'table_name': 'pagos', 'param_1': 'r', 'param_2': 'p', 'param_3': 'f', 'param_4': 'v', 'param_5': 'm', 'nspname_1': 'pg_catalog'}
2026-08-25 20:38:38,557 | INFO | SELECT pg_catalog.pg_class.relname 
FROM pg_catalog.pg_class JOIN pg_catalog.pg_namespace ON pg_catalog.pg_namespace.oid = pg_catalog.pg_class.relnamespace 
WHERE pg_catalog.pg_class.relname = %(table_name)s AND pg_catalog.pg_class.relkind = ANY (ARRAY[%(param_1)s, %(param_2)s, %(param_3)s, %(param_4)s, %(param_5)s]) AND pg_catalog.pg_table_is_visible(pg_catalog.pg_class.oid) AND pg_catalog.pg_namespace.nspname != %(nspname_1)s
2026-08-25 20:38:38,557 | INFO | [cached since 0.009816s ago] {'table_name': 'usuarios', 'param_1': 'r', 'param_2': 'p', 'param_3': 'f', 'param_4': 'v', 'param_5': 'm', 'nspname_1': 'pg_catalog'}
2026-08-25 20:38:38,558 | INFO | SELECT pg_catalog.pg_class.relname 
FROM pg_catalog.pg_class JOIN pg_catalog.pg_namespace ON pg_catalog.pg_namespace.oid = pg_catalog.pg_class.relnamespace 
WHERE pg_catalog.pg_class.relname = %(table_name)s AND pg_catalog.pg_class.relkind = ANY (ARRAY[%(param_1)s, %(param_2)s, %(param_3)s, %(param_4)s, %(param_5)s]) AND pg_catalog.pg_table_is_visible(pg_catalog.pg_class.oid) AND pg_catalog.pg_namespace.nspname != %(nspname_1)s
2026-08-25 20:38:38,558 | INFO | [cached since 0.01057s ago] {'table_name': 'cuentas_credito', 'param_1': 'r', 'param_2': 'p', 'param_3': 'f', 'param_4': 'v', 'param_5': 'm', 'nspname_1': 'pg_catalog'}
2026-08-25 20:38:38,559 | INFO | SELECT pg_catalog.pg_class.relname 
FROM pg_catalog.pg_class JOIN pg_catalog.pg_namespace ON pg_catalog.pg_namespace.oid = pg_catalog.pg_class.relnamespace 
WHERE pg_catalog.pg_class.relname = %(table_name)s AND pg_catalog.pg_class.relkind = ANY (ARRAY[%(param_1)s, %(param_2)s, %(param_3)s, %(param_4)s, %(param_5)s]) AND pg_catalog.pg_table_is_visible(pg_catalog.pg_class.oid) AND pg_catalog.pg_namespace.nspname != %(nspname_1)s
2026-08-25 20:38:38,559 | INFO | [cached since 0.01134s ago] {'table_name': 'movimientos_credito', 'param_1': 'r', 'param_2': 'p', 'param_3': 'f', 'param_4': 'v', 'param_5': 'm', 'nspname_1': 'pg_catalog'}
2026-08-25 20:38:38,560 | INFO | COMMIT
2026-08-25 20:38:52,381 | INFO | BEGIN (implicit)
2026-08-25 20:38:52,385 | INFO | SELECT productos.id_producto AS productos_id_producto, productos.nombre AS productos_nombre, productos.categoria AS productos_categoria, productos.precio AS productos_precio, productos."UsuarioCreacion" AS "productos_UsuarioCreacion", productos."FechaCreacion" AS "productos_FechaCreacion", productos."UsuarioModificacion" AS "productos_UsuarioModificacion", productos."FechaModificacion" AS "productos_FechaModificacion", productos."EstadoTupla" AS "productos_EstadoTupla" 
FROM productos 
WHERE productos."EstadoTupla" = true
2026-08-25 20:38:52,385 | INFO | [generated in 0.00037s] {}
2026-08-25 20:38:55,028 | INFO | BEGIN (implicit)
2026-08-25 20:38:55,028 | INFO | SELECT productos.id_producto AS productos_id_producto, productos.nombre AS productos_nombre, productos.categoria AS productos_categoria, productos.precio AS productos_precio, productos."UsuarioCreacion" AS "productos_UsuarioCreacion", productos."FechaCreacion" AS "productos_FechaCreacion", productos."UsuarioModificacion" AS "productos_UsuarioModificacion", productos."FechaModificacion" AS "productos_FechaModificacion", productos."EstadoTupla" AS "productos_EstadoTupla" 
FROM productos 
WHERE productos."EstadoTupla" = true
2026-08-25 20:38:55,029 | INFO | [cached since 2.644s ago] {}
2026-08-25 20:38:55,034 | INFO | BEGIN (implicit)
2026-08-25 20:38:55,036 | INFO | SELECT clientes.id_cliente AS clientes_id_cliente, clientes.nombre AS clientes_nombre, clientes.rut AS clientes_rut, clientes.telefono AS clientes_telefono, clientes.email AS clientes_email, clientes.direccion AS clientes_direccion, clientes.tipo_cliente AS clientes_tipo_cliente, clientes.observaciones AS clientes_observaciones, clientes."UsuarioCreacion" AS "clientes_UsuarioCreacion", clientes."FechaCreacion" AS "clientes_FechaCreacion", clientes."UsuarioModificacion" AS "clientes_UsuarioModificacion", clientes."FechaModificacion" AS "clientes_FechaModificacion", clientes."EstadoTupla" AS "clientes_EstadoTupla" 
FROM clientes 
WHERE clientes."EstadoTupla" = true
2026-08-25 20:38:55,036 | INFO | [generated in 0.00029s] {}
2026-08-25 20:39:05,906 | INFO | BEGIN (implicit)
2026-08-25 20:39:05,908 | INFO | SELECT productos.id_producto AS productos_id_producto, productos.nombre AS productos_nombre, productos.categoria AS productos_categoria, productos.precio AS productos_precio, productos."UsuarioCreacion" AS "productos_UsuarioCreacion", productos."FechaCreacion" AS "productos_FechaCreacion", productos."UsuarioModificacion" AS "productos_UsuarioModificacion", productos."FechaModificacion" AS "productos_FechaModificacion", productos."EstadoTupla" AS "productos_EstadoTupla" 
FROM productos 
WHERE productos."EstadoTupla" = true
2026-08-25 20:39:05,912 | INFO | [cached since 13.53s ago] {}
2026-08-25 20:39:38,125 | INFO | BEGIN (implicit)
2026-08-25 20:39:38,126 | INFO | SELECT productos.id_producto AS productos_id_producto, productos.nombre AS productos_nombre, productos.categoria AS productos_categoria, productos.precio AS productos_precio, productos."UsuarioCreacion" AS "productos_UsuarioCreacion", productos."FechaCreacion" AS "productos_FechaCreacion", productos."UsuarioModificacion" AS "productos_UsuarioModificacion", productos."FechaModificacion" AS "productos_FechaModificacion", productos."EstadoTupla" AS "productos_EstadoTupla" 
FROM productos 
WHERE productos."EstadoTupla" = true
2026-08-25 20:39:38,126 | INFO | [cached since 45.74s ago] {}
2026-08-25 20:39:42,274 | INFO | BEGIN (implicit)
2026-08-25 20:39:42,274 | INFO | SELECT clientes.id_cliente AS clientes_id_cliente, clientes.nombre AS clientes_nombre, clientes.rut AS clientes_rut, clientes.telefono AS clientes_telefono, clientes.email AS clientes_email, clientes.direccion AS clientes_direccion, clientes.tipo_cliente AS clientes_tipo_cliente, clientes.observaciones AS clientes_observaciones, clientes."UsuarioCreacion" AS "clientes_UsuarioCreacion", clientes."FechaCreacion" AS "clientes_FechaCreacion", clientes."UsuarioModificacion" AS "clientes_UsuarioModificacion", clientes."FechaModificacion" AS "clientes_FechaModificacion", clientes."EstadoTupla" AS "clientes_EstadoTupla" 
FROM clientes 
WHERE clientes."EstadoTupla" = true
2026-08-25 20:39:42,275 | INFO | [cached since 47.24s ago] {}
2026-08-25 20:39:42,280 | INFO | BEGIN (implicit)
2026-08-25 20:39:42,281 | INFO | SELECT productos.id_producto AS productos_id_producto, productos.nombre AS productos_nombre, productos.categoria AS productos_categoria, productos.precio AS productos_precio, productos."UsuarioCreacion" AS "productos_UsuarioCreacion", productos."FechaCreacion" AS "productos_FechaCreacion", productos."UsuarioModificacion" AS "productos_UsuarioModificacion", productos."FechaModificacion" AS "productos_FechaModificacion", productos."EstadoTupla" AS "productos_EstadoTupla" 
FROM productos 
WHERE productos."EstadoTupla" = true
2026-08-25 20:39:42,281 | INFO | [cached since 49.9s ago] {}
2026-08-25 20:39:44,284 | INFO | BEGIN (implicit)
2026-08-25 20:39:44,285 | INFO | SELECT productos.id_producto AS productos_id_producto, productos.nombre AS productos_nombre, productos.categoria AS productos_categoria, productos.precio AS productos_precio, productos."UsuarioCreacion" AS "productos_UsuarioCreacion", productos."FechaCreacion" AS "productos_FechaCreacion", productos."UsuarioModificacion" AS "productos_UsuarioModificacion", productos."FechaModificacion" AS "productos_FechaModificacion", productos."EstadoTupla" AS "productos_EstadoTupla" 
FROM productos 
WHERE productos."EstadoTupla" = true
2026-08-25 20:39:44,285 | INFO | [cached since 51.9s ago] {}
2026-08-25 20:39:44,291 | INFO | BEGIN (implicit)
2026-08-25 20:39:44,291 | INFO | SELECT clientes.id_cliente AS clientes_id_cliente, clientes.nombre AS clientes_nombre, clientes.rut AS clientes_rut, clientes.telefono AS clientes_telefono, clientes.email AS clientes_email, clientes.direccion AS clientes_direccion, clientes.tipo_cliente AS clientes_tipo_cliente, clientes.observaciones AS clientes_observaciones, clientes."UsuarioCreacion" AS "clientes_UsuarioCreacion", clientes."FechaCreacion" AS "clientes_FechaCreacion", clientes."UsuarioModificacion" AS "clientes_UsuarioModificacion", clientes."FechaModificacion" AS "clientes_FechaModificacion", clientes."EstadoTupla" AS "clientes_EstadoTupla" 
FROM clientes 
WHERE clientes."EstadoTupla" = true
2026-08-25 20:39:44,291 | INFO | [cached since 49.25s ago] {}
2026-08-25 20:47:25,281 | INFO | SINGLETON: Inicializando el pool de conexiones único hacia PostgreSQL.
2026-08-25 20:47:25,282 | INFO | INFRAESTRUCTURA: Verificando y creando el esquema de tablas del MVP.
2026-08-25 20:47:25,341 | INFO | select pg_catalog.version()
2026-08-25 20:47:25,341 | INFO | [raw sql] {}
2026-08-25 20:47:25,343 | INFO | select current_schema()
2026-08-25 20:47:25,344 | INFO | [raw sql] {}
2026-08-25 20:47:25,345 | INFO | show standard_conforming_strings
2026-08-25 20:47:25,345 | INFO | [raw sql] {}
2026-08-25 20:47:25,345 | INFO | BEGIN (implicit)
2026-08-25 20:47:25,348 | INFO | SELECT pg_catalog.pg_class.relname 
FROM pg_catalog.pg_class JOIN pg_catalog.pg_namespace ON pg_catalog.pg_namespace.oid = pg_catalog.pg_class.relnamespace 
WHERE pg_catalog.pg_class.relname = %(table_name)s AND pg_catalog.pg_class.relkind = ANY (ARRAY[%(param_1)s, %(param_2)s, %(param_3)s, %(param_4)s, %(param_5)s]) AND pg_catalog.pg_table_is_visible(pg_catalog.pg_class.oid) AND pg_catalog.pg_namespace.nspname != %(nspname_1)s
2026-08-25 20:47:25,348 | INFO | [generated in 0.00030s] {'table_name': 'sucursales', 'param_1': 'r', 'param_2': 'p', 'param_3': 'f', 'param_4': 'v', 'param_5': 'm', 'nspname_1': 'pg_catalog'}
2026-08-25 20:47:25,351 | INFO | SELECT pg_catalog.pg_class.relname 
FROM pg_catalog.pg_class JOIN pg_catalog.pg_namespace ON pg_catalog.pg_namespace.oid = pg_catalog.pg_class.relnamespace 
WHERE pg_catalog.pg_class.relname = %(table_name)s AND pg_catalog.pg_class.relkind = ANY (ARRAY[%(param_1)s, %(param_2)s, %(param_3)s, %(param_4)s, %(param_5)s]) AND pg_catalog.pg_table_is_visible(pg_catalog.pg_class.oid) AND pg_catalog.pg_namespace.nspname != %(nspname_1)s
2026-08-25 20:47:25,351 | INFO | [cached since 0.002637s ago] {'table_name': 'mesas', 'param_1': 'r', 'param_2': 'p', 'param_3': 'f', 'param_4': 'v', 'param_5': 'm', 'nspname_1': 'pg_catalog'}
2026-08-25 20:47:25,351 | INFO | SELECT pg_catalog.pg_class.relname 
FROM pg_catalog.pg_class JOIN pg_catalog.pg_namespace ON pg_catalog.pg_namespace.oid = pg_catalog.pg_class.relnamespace 
WHERE pg_catalog.pg_class.relname = %(table_name)s AND pg_catalog.pg_class.relkind = ANY (ARRAY[%(param_1)s, %(param_2)s, %(param_3)s, %(param_4)s, %(param_5)s]) AND pg_catalog.pg_table_is_visible(pg_catalog.pg_class.oid) AND pg_catalog.pg_namespace.nspname != %(nspname_1)s
2026-08-25 20:47:25,352 | INFO | [cached since 0.003452s ago] {'table_name': 'clientes', 'param_1': 'r', 'param_2': 'p', 'param_3': 'f', 'param_4': 'v', 'param_5': 'm', 'nspname_1': 'pg_catalog'}
2026-08-25 20:47:25,352 | INFO | SELECT pg_catalog.pg_class.relname 
FROM pg_catalog.pg_class JOIN pg_catalog.pg_namespace ON pg_catalog.pg_namespace.oid = pg_catalog.pg_class.relnamespace 
WHERE pg_catalog.pg_class.relname = %(table_name)s AND pg_catalog.pg_class.relkind = ANY (ARRAY[%(param_1)s, %(param_2)s, %(param_3)s, %(param_4)s, %(param_5)s]) AND pg_catalog.pg_table_is_visible(pg_catalog.pg_class.oid) AND pg_catalog.pg_namespace.nspname != %(nspname_1)s
2026-08-25 20:47:25,352 | INFO | [cached since 0.004254s ago] {'table_name': 'pedidos', 'param_1': 'r', 'param_2': 'p', 'param_3': 'f', 'param_4': 'v', 'param_5': 'm', 'nspname_1': 'pg_catalog'}
2026-08-25 20:47:25,353 | INFO | SELECT pg_catalog.pg_class.relname 
FROM pg_catalog.pg_class JOIN pg_catalog.pg_namespace ON pg_catalog.pg_namespace.oid = pg_catalog.pg_class.relnamespace 
WHERE pg_catalog.pg_class.relname = %(table_name)s AND pg_catalog.pg_class.relkind = ANY (ARRAY[%(param_1)s, %(param_2)s, %(param_3)s, %(param_4)s, %(param_5)s]) AND pg_catalog.pg_table_is_visible(pg_catalog.pg_class.oid) AND pg_catalog.pg_namespace.nspname != %(nspname_1)s
2026-08-25 20:47:25,353 | INFO | [cached since 0.004988s ago] {'table_name': 'detalles_pedido', 'param_1': 'r', 'param_2': 'p', 'param_3': 'f', 'param_4': 'v', 'param_5': 'm', 'nspname_1': 'pg_catalog'}
2026-08-25 20:47:25,354 | INFO | SELECT pg_catalog.pg_class.relname 
FROM pg_catalog.pg_class JOIN pg_catalog.pg_namespace ON pg_catalog.pg_namespace.oid = pg_catalog.pg_class.relnamespace 
WHERE pg_catalog.pg_class.relname = %(table_name)s AND pg_catalog.pg_class.relkind = ANY (ARRAY[%(param_1)s, %(param_2)s, %(param_3)s, %(param_4)s, %(param_5)s]) AND pg_catalog.pg_table_is_visible(pg_catalog.pg_class.oid) AND pg_catalog.pg_namespace.nspname != %(nspname_1)s
2026-08-25 20:47:25,354 | INFO | [cached since 0.005814s ago] {'table_name': 'productos', 'param_1': 'r', 'param_2': 'p', 'param_3': 'f', 'param_4': 'v', 'param_5': 'm', 'nspname_1': 'pg_catalog'}
2026-08-25 20:47:25,355 | INFO | SELECT pg_catalog.pg_class.relname 
FROM pg_catalog.pg_class JOIN pg_catalog.pg_namespace ON pg_catalog.pg_namespace.oid = pg_catalog.pg_class.relnamespace 
WHERE pg_catalog.pg_class.relname = %(table_name)s AND pg_catalog.pg_class.relkind = ANY (ARRAY[%(param_1)s, %(param_2)s, %(param_3)s, %(param_4)s, %(param_5)s]) AND pg_catalog.pg_table_is_visible(pg_catalog.pg_class.oid) AND pg_catalog.pg_namespace.nspname != %(nspname_1)s
2026-08-25 20:47:25,355 | INFO | [cached since 0.006747s ago] {'table_name': 'comandas', 'param_1': 'r', 'param_2': 'p', 'param_3': 'f', 'param_4': 'v', 'param_5': 'm', 'nspname_1': 'pg_catalog'}
2026-08-25 20:47:25,355 | INFO | SELECT pg_catalog.pg_class.relname 
FROM pg_catalog.pg_class JOIN pg_catalog.pg_namespace ON pg_catalog.pg_namespace.oid = pg_catalog.pg_class.relnamespace 
WHERE pg_catalog.pg_class.relname = %(table_name)s AND pg_catalog.pg_class.relkind = ANY (ARRAY[%(param_1)s, %(param_2)s, %(param_3)s, %(param_4)s, %(param_5)s]) AND pg_catalog.pg_table_is_visible(pg_catalog.pg_class.oid) AND pg_catalog.pg_namespace.nspname != %(nspname_1)s
2026-08-25 20:47:25,356 | INFO | [cached since 0.007475s ago] {'table_name': 'pagos', 'param_1': 'r', 'param_2': 'p', 'param_3': 'f', 'param_4': 'v', 'param_5': 'm', 'nspname_1': 'pg_catalog'}
2026-08-25 20:47:25,356 | INFO | SELECT pg_catalog.pg_class.relname 
FROM pg_catalog.pg_class JOIN pg_catalog.pg_namespace ON pg_catalog.pg_namespace.oid = pg_catalog.pg_class.relnamespace 
WHERE pg_catalog.pg_class.relname = %(table_name)s AND pg_catalog.pg_class.relkind = ANY (ARRAY[%(param_1)s, %(param_2)s, %(param_3)s, %(param_4)s, %(param_5)s]) AND pg_catalog.pg_table_is_visible(pg_catalog.pg_class.oid) AND pg_catalog.pg_namespace.nspname != %(nspname_1)s
2026-08-25 20:47:25,356 | INFO | [cached since 0.008151s ago] {'table_name': 'usuarios', 'param_1': 'r', 'param_2': 'p', 'param_3': 'f', 'param_4': 'v', 'param_5': 'm', 'nspname_1': 'pg_catalog'}
2026-08-25 20:47:25,357 | INFO | SELECT pg_catalog.pg_class.relname 
FROM pg_catalog.pg_class JOIN pg_catalog.pg_namespace ON pg_catalog.pg_namespace.oid = pg_catalog.pg_class.relnamespace 
WHERE pg_catalog.pg_class.relname = %(table_name)s AND pg_catalog.pg_class.relkind = ANY (ARRAY[%(param_1)s, %(param_2)s, %(param_3)s, %(param_4)s, %(param_5)s]) AND pg_catalog.pg_table_is_visible(pg_catalog.pg_class.oid) AND pg_catalog.pg_namespace.nspname != %(nspname_1)s
2026-08-25 20:47:25,357 | INFO | [cached since 0.008888s ago] {'table_name': 'cuentas_credito', 'param_1': 'r', 'param_2': 'p', 'param_3': 'f', 'param_4': 'v', 'param_5': 'm', 'nspname_1': 'pg_catalog'}
2026-08-25 20:47:25,358 | INFO | SELECT pg_catalog.pg_class.relname 
FROM pg_catalog.pg_class JOIN pg_catalog.pg_namespace ON pg_catalog.pg_namespace.oid = pg_catalog.pg_class.relnamespace 
WHERE pg_catalog.pg_class.relname = %(table_name)s AND pg_catalog.pg_class.relkind = ANY (ARRAY[%(param_1)s, %(param_2)s, %(param_3)s, %(param_4)s, %(param_5)s]) AND pg_catalog.pg_table_is_visible(pg_catalog.pg_class.oid) AND pg_catalog.pg_namespace.nspname != %(nspname_1)s
2026-08-25 20:47:25,358 | INFO | [cached since 0.009548s ago] {'table_name': 'movimientos_credito', 'param_1': 'r', 'param_2': 'p', 'param_3': 'f', 'param_4': 'v', 'param_5': 'm', 'nspname_1': 'pg_catalog'}
2026-08-25 20:47:25,358 | INFO | COMMIT
2026-08-25 20:50:48,101 | INFO | SINGLETON: Inicializando el pool de conexiones único hacia PostgreSQL.
2026-08-25 20:50:48,102 | INFO | INFRAESTRUCTURA: Verificando y creando el esquema de tablas del MVP.
2026-08-25 20:50:48,160 | INFO | select pg_catalog.version()
2026-08-25 20:50:48,161 | INFO | [raw sql] {}
2026-08-25 20:50:48,162 | INFO | select current_schema()
2026-08-25 20:50:48,162 | INFO | [raw sql] {}
2026-08-25 20:50:48,163 | INFO | show standard_conforming_strings
2026-08-25 20:50:48,164 | INFO | [raw sql] {}
2026-08-25 20:50:48,164 | INFO | BEGIN (implicit)
2026-08-25 20:50:48,167 | INFO | SELECT pg_catalog.pg_class.relname 
FROM pg_catalog.pg_class JOIN pg_catalog.pg_namespace ON pg_catalog.pg_namespace.oid = pg_catalog.pg_class.relnamespace 
WHERE pg_catalog.pg_class.relname = %(table_name)s AND pg_catalog.pg_class.relkind = ANY (ARRAY[%(param_1)s, %(param_2)s, %(param_3)s, %(param_4)s, %(param_5)s]) AND pg_catalog.pg_table_is_visible(pg_catalog.pg_class.oid) AND pg_catalog.pg_namespace.nspname != %(nspname_1)s
2026-08-25 20:50:48,167 | INFO | [generated in 0.00025s] {'table_name': 'sucursales', 'param_1': 'r', 'param_2': 'p', 'param_3': 'f', 'param_4': 'v', 'param_5': 'm', 'nspname_1': 'pg_catalog'}
2026-08-25 20:50:48,169 | INFO | SELECT pg_catalog.pg_class.relname 
FROM pg_catalog.pg_class JOIN pg_catalog.pg_namespace ON pg_catalog.pg_namespace.oid = pg_catalog.pg_class.relnamespace 
WHERE pg_catalog.pg_class.relname = %(table_name)s AND pg_catalog.pg_class.relkind = ANY (ARRAY[%(param_1)s, %(param_2)s, %(param_3)s, %(param_4)s, %(param_5)s]) AND pg_catalog.pg_table_is_visible(pg_catalog.pg_class.oid) AND pg_catalog.pg_namespace.nspname != %(nspname_1)s
2026-08-25 20:50:48,170 | INFO | [cached since 0.00248s ago] {'table_name': 'mesas', 'param_1': 'r', 'param_2': 'p', 'param_3': 'f', 'param_4': 'v', 'param_5': 'm', 'nspname_1': 'pg_catalog'}
2026-08-25 20:50:48,170 | INFO | SELECT pg_catalog.pg_class.relname 
FROM pg_catalog.pg_class JOIN pg_catalog.pg_namespace ON pg_catalog.pg_namespace.oid = pg_catalog.pg_class.relnamespace 
WHERE pg_catalog.pg_class.relname = %(table_name)s AND pg_catalog.pg_class.relkind = ANY (ARRAY[%(param_1)s, %(param_2)s, %(param_3)s, %(param_4)s, %(param_5)s]) AND pg_catalog.pg_table_is_visible(pg_catalog.pg_class.oid) AND pg_catalog.pg_namespace.nspname != %(nspname_1)s
2026-08-25 20:50:48,170 | INFO | [cached since 0.003397s ago] {'table_name': 'clientes', 'param_1': 'r', 'param_2': 'p', 'param_3': 'f', 'param_4': 'v', 'param_5': 'm', 'nspname_1': 'pg_catalog'}
2026-08-25 20:50:48,171 | INFO | SELECT pg_catalog.pg_class.relname 
FROM pg_catalog.pg_class JOIN pg_catalog.pg_namespace ON pg_catalog.pg_namespace.oid = pg_catalog.pg_class.relnamespace 
WHERE pg_catalog.pg_class.relname = %(table_name)s AND pg_catalog.pg_class.relkind = ANY (ARRAY[%(param_1)s, %(param_2)s, %(param_3)s, %(param_4)s, %(param_5)s]) AND pg_catalog.pg_table_is_visible(pg_catalog.pg_class.oid) AND pg_catalog.pg_namespace.nspname != %(nspname_1)s
2026-08-25 20:50:48,171 | INFO | [cached since 0.004231s ago] {'table_name': 'pedidos', 'param_1': 'r', 'param_2': 'p', 'param_3': 'f', 'param_4': 'v', 'param_5': 'm', 'nspname_1': 'pg_catalog'}
2026-08-25 20:50:48,172 | INFO | SELECT pg_catalog.pg_class.relname 
FROM pg_catalog.pg_class JOIN pg_catalog.pg_namespace ON pg_catalog.pg_namespace.oid = pg_catalog.pg_class.relnamespace 
WHERE pg_catalog.pg_class.relname = %(table_name)s AND pg_catalog.pg_class.relkind = ANY (ARRAY[%(param_1)s, %(param_2)s, %(param_3)s, %(param_4)s, %(param_5)s]) AND pg_catalog.pg_table_is_visible(pg_catalog.pg_class.oid) AND pg_catalog.pg_namespace.nspname != %(nspname_1)s
2026-08-25 20:50:48,172 | INFO | [cached since 0.005016s ago] {'table_name': 'detalles_pedido', 'param_1': 'r', 'param_2': 'p', 'param_3': 'f', 'param_4': 'v', 'param_5': 'm', 'nspname_1': 'pg_catalog'}
2026-08-25 20:50:48,173 | INFO | SELECT pg_catalog.pg_class.relname 
FROM pg_catalog.pg_class JOIN pg_catalog.pg_namespace ON pg_catalog.pg_namespace.oid = pg_catalog.pg_class.relnamespace 
WHERE pg_catalog.pg_class.relname = %(table_name)s AND pg_catalog.pg_class.relkind = ANY (ARRAY[%(param_1)s, %(param_2)s, %(param_3)s, %(param_4)s, %(param_5)s]) AND pg_catalog.pg_table_is_visible(pg_catalog.pg_class.oid) AND pg_catalog.pg_namespace.nspname != %(nspname_1)s
2026-08-25 20:50:48,173 | INFO | [cached since 0.005801s ago] {'table_name': 'productos', 'param_1': 'r', 'param_2': 'p', 'param_3': 'f', 'param_4': 'v', 'param_5': 'm', 'nspname_1': 'pg_catalog'}
2026-08-25 20:50:48,173 | INFO | SELECT pg_catalog.pg_class.relname 
FROM pg_catalog.pg_class JOIN pg_catalog.pg_namespace ON pg_catalog.pg_namespace.oid = pg_catalog.pg_class.relnamespace 
WHERE pg_catalog.pg_class.relname = %(table_name)s AND pg_catalog.pg_class.relkind = ANY (ARRAY[%(param_1)s, %(param_2)s, %(param_3)s, %(param_4)s, %(param_5)s]) AND pg_catalog.pg_table_is_visible(pg_catalog.pg_class.oid) AND pg_catalog.pg_namespace.nspname != %(nspname_1)s
2026-08-25 20:50:48,174 | INFO | [cached since 0.006595s ago] {'table_name': 'comandas', 'param_1': 'r', 'param_2': 'p', 'param_3': 'f', 'param_4': 'v', 'param_5': 'm', 'nspname_1': 'pg_catalog'}
2026-08-25 20:50:48,174 | INFO | SELECT pg_catalog.pg_class.relname 
FROM pg_catalog.pg_class JOIN pg_catalog.pg_namespace ON pg_catalog.pg_namespace.oid = pg_catalog.pg_class.relnamespace 
WHERE pg_catalog.pg_class.relname = %(table_name)s AND pg_catalog.pg_class.relkind = ANY (ARRAY[%(param_1)s, %(param_2)s, %(param_3)s, %(param_4)s, %(param_5)s]) AND pg_catalog.pg_table_is_visible(pg_catalog.pg_class.oid) AND pg_catalog.pg_namespace.nspname != %(nspname_1)s
2026-08-25 20:50:48,175 | INFO | [cached since 0.00747s ago] {'table_name': 'pagos', 'param_1': 'r', 'param_2': 'p', 'param_3': 'f', 'param_4': 'v', 'param_5': 'm', 'nspname_1': 'pg_catalog'}
2026-08-25 20:50:48,175 | INFO | SELECT pg_catalog.pg_class.relname 
FROM pg_catalog.pg_class JOIN pg_catalog.pg_namespace ON pg_catalog.pg_namespace.oid = pg_catalog.pg_class.relnamespace 
WHERE pg_catalog.pg_class.relname = %(table_name)s AND pg_catalog.pg_class.relkind = ANY (ARRAY[%(param_1)s, %(param_2)s, %(param_3)s, %(param_4)s, %(param_5)s]) AND pg_catalog.pg_table_is_visible(pg_catalog.pg_class.oid) AND pg_catalog.pg_namespace.nspname != %(nspname_1)s
2026-08-25 20:50:48,176 | INFO | [cached since 0.008496s ago] {'table_name': 'usuarios', 'param_1': 'r', 'param_2': 'p', 'param_3': 'f', 'param_4': 'v', 'param_5': 'm', 'nspname_1': 'pg_catalog'}
2026-08-25 20:50:48,177 | INFO | SELECT pg_catalog.pg_class.relname 
FROM pg_catalog.pg_class JOIN pg_catalog.pg_namespace ON pg_catalog.pg_namespace.oid = pg_catalog.pg_class.relnamespace 
WHERE pg_catalog.pg_class.relname = %(table_name)s AND pg_catalog.pg_class.relkind = ANY (ARRAY[%(param_1)s, %(param_2)s, %(param_3)s, %(param_4)s, %(param_5)s]) AND pg_catalog.pg_table_is_visible(pg_catalog.pg_class.oid) AND pg_catalog.pg_namespace.nspname != %(nspname_1)s
2026-08-25 20:50:48,177 | INFO | [cached since 0.01028s ago] {'table_name': 'cuentas_credito', 'param_1': 'r', 'param_2': 'p', 'param_3': 'f', 'param_4': 'v', 'param_5': 'm', 'nspname_1': 'pg_catalog'}
2026-08-25 20:50:48,179 | INFO | SELECT pg_catalog.pg_class.relname 
FROM pg_catalog.pg_class JOIN pg_catalog.pg_namespace ON pg_catalog.pg_namespace.oid = pg_catalog.pg_class.relnamespace 
WHERE pg_catalog.pg_class.relname = %(table_name)s AND pg_catalog.pg_class.relkind = ANY (ARRAY[%(param_1)s, %(param_2)s, %(param_3)s, %(param_4)s, %(param_5)s]) AND pg_catalog.pg_table_is_visible(pg_catalog.pg_class.oid) AND pg_catalog.pg_namespace.nspname != %(nspname_1)s
2026-08-25 20:50:48,179 | INFO | [cached since 0.01181s ago] {'table_name': 'movimientos_credito', 'param_1': 'r', 'param_2': 'p', 'param_3': 'f', 'param_4': 'v', 'param_5': 'm', 'nspname_1': 'pg_catalog'}
2026-08-25 20:50:48,180 | INFO | COMMIT
2026-08-25 20:50:55,279 | INFO | BEGIN (implicit)
2026-08-25 20:50:55,283 | INFO | SELECT productos.id_producto AS productos_id_producto, productos.nombre AS productos_nombre, productos.categoria AS productos_categoria, productos.precio AS productos_precio, productos."UsuarioCreacion" AS "productos_UsuarioCreacion", productos."FechaCreacion" AS "productos_FechaCreacion", productos."UsuarioModificacion" AS "productos_UsuarioModificacion", productos."FechaModificacion" AS "productos_FechaModificacion", productos."EstadoTupla" AS "productos_EstadoTupla" 
FROM productos 
WHERE productos."EstadoTupla" = true
2026-08-25 20:50:55,283 | INFO | [generated in 0.00035s] {}
2026-08-25 20:51:02,000 | INFO | BEGIN (implicit)
2026-08-25 20:51:02,000 | INFO | SELECT productos.id_producto AS productos_id_producto, productos.nombre AS productos_nombre, productos.categoria AS productos_categoria, productos.precio AS productos_precio, productos."UsuarioCreacion" AS "productos_UsuarioCreacion", productos."FechaCreacion" AS "productos_FechaCreacion", productos."UsuarioModificacion" AS "productos_UsuarioModificacion", productos."FechaModificacion" AS "productos_FechaModificacion", productos."EstadoTupla" AS "productos_EstadoTupla" 
FROM productos 
WHERE productos."EstadoTupla" = true
2026-08-25 20:51:02,000 | INFO | [cached since 6.718s ago] {}
2026-08-25 20:57:53,646 | INFO | SINGLETON: Inicializando el pool de conexiones único hacia PostgreSQL.
2026-08-25 20:57:53,647 | INFO | INFRAESTRUCTURA: Verificando y creando el esquema de tablas del MVP.
2026-08-25 20:57:53,711 | INFO | select pg_catalog.version()
2026-08-25 20:57:53,712 | INFO | [raw sql] {}
2026-08-25 20:57:53,714 | INFO | select current_schema()
2026-08-25 20:57:53,714 | INFO | [raw sql] {}
2026-08-25 20:57:53,715 | INFO | show standard_conforming_strings
2026-08-25 20:57:53,715 | INFO | [raw sql] {}
2026-08-25 20:57:53,716 | INFO | BEGIN (implicit)
2026-08-25 20:57:53,719 | INFO | SELECT pg_catalog.pg_class.relname 
FROM pg_catalog.pg_class JOIN pg_catalog.pg_namespace ON pg_catalog.pg_namespace.oid = pg_catalog.pg_class.relnamespace 
WHERE pg_catalog.pg_class.relname = %(table_name)s AND pg_catalog.pg_class.relkind = ANY (ARRAY[%(param_1)s, %(param_2)s, %(param_3)s, %(param_4)s, %(param_5)s]) AND pg_catalog.pg_table_is_visible(pg_catalog.pg_class.oid) AND pg_catalog.pg_namespace.nspname != %(nspname_1)s
2026-08-25 20:57:53,720 | INFO | [generated in 0.00044s] {'table_name': 'sucursales', 'param_1': 'r', 'param_2': 'p', 'param_3': 'f', 'param_4': 'v', 'param_5': 'm', 'nspname_1': 'pg_catalog'}
2026-08-25 20:57:53,722 | INFO | SELECT pg_catalog.pg_class.relname 
FROM pg_catalog.pg_class JOIN pg_catalog.pg_namespace ON pg_catalog.pg_namespace.oid = pg_catalog.pg_class.relnamespace 
WHERE pg_catalog.pg_class.relname = %(table_name)s AND pg_catalog.pg_class.relkind = ANY (ARRAY[%(param_1)s, %(param_2)s, %(param_3)s, %(param_4)s, %(param_5)s]) AND pg_catalog.pg_table_is_visible(pg_catalog.pg_class.oid) AND pg_catalog.pg_namespace.nspname != %(nspname_1)s
2026-08-25 20:57:53,722 | INFO | [cached since 0.002912s ago] {'table_name': 'mesas', 'param_1': 'r', 'param_2': 'p', 'param_3': 'f', 'param_4': 'v', 'param_5': 'm', 'nspname_1': 'pg_catalog'}
2026-08-25 20:57:53,723 | INFO | SELECT pg_catalog.pg_class.relname 
FROM pg_catalog.pg_class JOIN pg_catalog.pg_namespace ON pg_catalog.pg_namespace.oid = pg_catalog.pg_class.relnamespace 
WHERE pg_catalog.pg_class.relname = %(table_name)s AND pg_catalog.pg_class.relkind = ANY (ARRAY[%(param_1)s, %(param_2)s, %(param_3)s, %(param_4)s, %(param_5)s]) AND pg_catalog.pg_table_is_visible(pg_catalog.pg_class.oid) AND pg_catalog.pg_namespace.nspname != %(nspname_1)s
2026-08-25 20:57:53,723 | INFO | [cached since 0.003764s ago] {'table_name': 'clientes', 'param_1': 'r', 'param_2': 'p', 'param_3': 'f', 'param_4': 'v', 'param_5': 'm', 'nspname_1': 'pg_catalog'}
2026-08-25 20:57:53,723 | INFO | SELECT pg_catalog.pg_class.relname 
FROM pg_catalog.pg_class JOIN pg_catalog.pg_namespace ON pg_catalog.pg_namespace.oid = pg_catalog.pg_class.relnamespace 
WHERE pg_catalog.pg_class.relname = %(table_name)s AND pg_catalog.pg_class.relkind = ANY (ARRAY[%(param_1)s, %(param_2)s, %(param_3)s, %(param_4)s, %(param_5)s]) AND pg_catalog.pg_table_is_visible(pg_catalog.pg_class.oid) AND pg_catalog.pg_namespace.nspname != %(nspname_1)s
2026-08-25 20:57:53,724 | INFO | [cached since 0.004568s ago] {'table_name': 'pedidos', 'param_1': 'r', 'param_2': 'p', 'param_3': 'f', 'param_4': 'v', 'param_5': 'm', 'nspname_1': 'pg_catalog'}
2026-08-25 20:57:53,724 | INFO | SELECT pg_catalog.pg_class.relname 
FROM pg_catalog.pg_class JOIN pg_catalog.pg_namespace ON pg_catalog.pg_namespace.oid = pg_catalog.pg_class.relnamespace 
WHERE pg_catalog.pg_class.relname = %(table_name)s AND pg_catalog.pg_class.relkind = ANY (ARRAY[%(param_1)s, %(param_2)s, %(param_3)s, %(param_4)s, %(param_5)s]) AND pg_catalog.pg_table_is_visible(pg_catalog.pg_class.oid) AND pg_catalog.pg_namespace.nspname != %(nspname_1)s
2026-08-25 20:57:53,725 | INFO | [cached since 0.005444s ago] {'table_name': 'detalles_pedido', 'param_1': 'r', 'param_2': 'p', 'param_3': 'f', 'param_4': 'v', 'param_5': 'm', 'nspname_1': 'pg_catalog'}
2026-08-25 20:57:53,725 | INFO | SELECT pg_catalog.pg_class.relname 
FROM pg_catalog.pg_class JOIN pg_catalog.pg_namespace ON pg_catalog.pg_namespace.oid = pg_catalog.pg_class.relnamespace 
WHERE pg_catalog.pg_class.relname = %(table_name)s AND pg_catalog.pg_class.relkind = ANY (ARRAY[%(param_1)s, %(param_2)s, %(param_3)s, %(param_4)s, %(param_5)s]) AND pg_catalog.pg_table_is_visible(pg_catalog.pg_class.oid) AND pg_catalog.pg_namespace.nspname != %(nspname_1)s
2026-08-25 20:57:53,725 | INFO | [cached since 0.006344s ago] {'table_name': 'productos', 'param_1': 'r', 'param_2': 'p', 'param_3': 'f', 'param_4': 'v', 'param_5': 'm', 'nspname_1': 'pg_catalog'}
2026-08-25 20:57:53,726 | INFO | SELECT pg_catalog.pg_class.relname 
FROM pg_catalog.pg_class JOIN pg_catalog.pg_namespace ON pg_catalog.pg_namespace.oid = pg_catalog.pg_class.relnamespace 
WHERE pg_catalog.pg_class.relname = %(table_name)s AND pg_catalog.pg_class.relkind = ANY (ARRAY[%(param_1)s, %(param_2)s, %(param_3)s, %(param_4)s, %(param_5)s]) AND pg_catalog.pg_table_is_visible(pg_catalog.pg_class.oid) AND pg_catalog.pg_namespace.nspname != %(nspname_1)s
2026-08-25 20:57:53,726 | INFO | [cached since 0.007153s ago] {'table_name': 'comandas', 'param_1': 'r', 'param_2': 'p', 'param_3': 'f', 'param_4': 'v', 'param_5': 'm', 'nspname_1': 'pg_catalog'}
2026-08-25 20:57:53,727 | INFO | SELECT pg_catalog.pg_class.relname 
FROM pg_catalog.pg_class JOIN pg_catalog.pg_namespace ON pg_catalog.pg_namespace.oid = pg_catalog.pg_class.relnamespace 
WHERE pg_catalog.pg_class.relname = %(table_name)s AND pg_catalog.pg_class.relkind = ANY (ARRAY[%(param_1)s, %(param_2)s, %(param_3)s, %(param_4)s, %(param_5)s]) AND pg_catalog.pg_table_is_visible(pg_catalog.pg_class.oid) AND pg_catalog.pg_namespace.nspname != %(nspname_1)s
2026-08-25 20:57:53,727 | INFO | [cached since 0.008059s ago] {'table_name': 'pagos', 'param_1': 'r', 'param_2': 'p', 'param_3': 'f', 'param_4': 'v', 'param_5': 'm', 'nspname_1': 'pg_catalog'}
2026-08-25 20:57:53,728 | INFO | SELECT pg_catalog.pg_class.relname 
FROM pg_catalog.pg_class JOIN pg_catalog.pg_namespace ON pg_catalog.pg_namespace.oid = pg_catalog.pg_class.relnamespace 
WHERE pg_catalog.pg_class.relname = %(table_name)s AND pg_catalog.pg_class.relkind = ANY (ARRAY[%(param_1)s, %(param_2)s, %(param_3)s, %(param_4)s, %(param_5)s]) AND pg_catalog.pg_table_is_visible(pg_catalog.pg_class.oid) AND pg_catalog.pg_namespace.nspname != %(nspname_1)s
2026-08-25 20:57:53,728 | INFO | [cached since 0.008818s ago] {'table_name': 'usuarios', 'param_1': 'r', 'param_2': 'p', 'param_3': 'f', 'param_4': 'v', 'param_5': 'm', 'nspname_1': 'pg_catalog'}
2026-08-25 20:57:53,728 | INFO | SELECT pg_catalog.pg_class.relname 
FROM pg_catalog.pg_class JOIN pg_catalog.pg_namespace ON pg_catalog.pg_namespace.oid = pg_catalog.pg_class.relnamespace 
WHERE pg_catalog.pg_class.relname = %(table_name)s AND pg_catalog.pg_class.relkind = ANY (ARRAY[%(param_1)s, %(param_2)s, %(param_3)s, %(param_4)s, %(param_5)s]) AND pg_catalog.pg_table_is_visible(pg_catalog.pg_class.oid) AND pg_catalog.pg_namespace.nspname != %(nspname_1)s
2026-08-25 20:57:53,729 | INFO | [cached since 0.00954s ago] {'table_name': 'cuentas_credito', 'param_1': 'r', 'param_2': 'p', 'param_3': 'f', 'param_4': 'v', 'param_5': 'm', 'nspname_1': 'pg_catalog'}
2026-08-25 20:57:53,729 | INFO | SELECT pg_catalog.pg_class.relname 
FROM pg_catalog.pg_class JOIN pg_catalog.pg_namespace ON pg_catalog.pg_namespace.oid = pg_catalog.pg_class.relnamespace 
WHERE pg_catalog.pg_class.relname = %(table_name)s AND pg_catalog.pg_class.relkind = ANY (ARRAY[%(param_1)s, %(param_2)s, %(param_3)s, %(param_4)s, %(param_5)s]) AND pg_catalog.pg_table_is_visible(pg_catalog.pg_class.oid) AND pg_catalog.pg_namespace.nspname != %(nspname_1)s
2026-08-25 20:57:53,729 | INFO | [cached since 0.01025s ago] {'table_name': 'movimientos_credito', 'param_1': 'r', 'param_2': 'p', 'param_3': 'f', 'param_4': 'v', 'param_5': 'm', 'nspname_1': 'pg_catalog'}
2026-08-25 20:57:53,730 | INFO | COMMIT
2026-08-25 20:58:01,784 | INFO | SINGLETON: Inicializando el pool de conexiones único hacia PostgreSQL.
2026-08-25 20:58:01,785 | INFO | INFRAESTRUCTURA: Verificando y creando el esquema de tablas del MVP.
2026-08-25 20:58:01,846 | INFO | select pg_catalog.version()
2026-08-25 20:58:01,846 | INFO | [raw sql] {}
2026-08-25 20:58:01,847 | INFO | select current_schema()
2026-08-25 20:58:01,848 | INFO | [raw sql] {}
2026-08-25 20:58:01,848 | INFO | show standard_conforming_strings
2026-08-25 20:58:01,849 | INFO | [raw sql] {}
2026-08-25 20:58:01,849 | INFO | BEGIN (implicit)
2026-08-25 20:58:01,852 | INFO | SELECT pg_catalog.pg_class.relname 
FROM pg_catalog.pg_class JOIN pg_catalog.pg_namespace ON pg_catalog.pg_namespace.oid = pg_catalog.pg_class.relnamespace 
WHERE pg_catalog.pg_class.relname = %(table_name)s AND pg_catalog.pg_class.relkind = ANY (ARRAY[%(param_1)s, %(param_2)s, %(param_3)s, %(param_4)s, %(param_5)s]) AND pg_catalog.pg_table_is_visible(pg_catalog.pg_class.oid) AND pg_catalog.pg_namespace.nspname != %(nspname_1)s
2026-08-25 20:58:01,852 | INFO | [generated in 0.00028s] {'table_name': 'sucursales', 'param_1': 'r', 'param_2': 'p', 'param_3': 'f', 'param_4': 'v', 'param_5': 'm', 'nspname_1': 'pg_catalog'}
2026-08-25 20:58:01,855 | INFO | SELECT pg_catalog.pg_class.relname 
FROM pg_catalog.pg_class JOIN pg_catalog.pg_namespace ON pg_catalog.pg_namespace.oid = pg_catalog.pg_class.relnamespace 
WHERE pg_catalog.pg_class.relname = %(table_name)s AND pg_catalog.pg_class.relkind = ANY (ARRAY[%(param_1)s, %(param_2)s, %(param_3)s, %(param_4)s, %(param_5)s]) AND pg_catalog.pg_table_is_visible(pg_catalog.pg_class.oid) AND pg_catalog.pg_namespace.nspname != %(nspname_1)s
2026-08-25 20:58:01,855 | INFO | [cached since 0.002666s ago] {'table_name': 'mesas', 'param_1': 'r', 'param_2': 'p', 'param_3': 'f', 'param_4': 'v', 'param_5': 'm', 'nspname_1': 'pg_catalog'}
2026-08-25 20:58:01,856 | INFO | SELECT pg_catalog.pg_class.relname 
FROM pg_catalog.pg_class JOIN pg_catalog.pg_namespace ON pg_catalog.pg_namespace.oid = pg_catalog.pg_class.relnamespace 
WHERE pg_catalog.pg_class.relname = %(table_name)s AND pg_catalog.pg_class.relkind = ANY (ARRAY[%(param_1)s, %(param_2)s, %(param_3)s, %(param_4)s, %(param_5)s]) AND pg_catalog.pg_table_is_visible(pg_catalog.pg_class.oid) AND pg_catalog.pg_namespace.nspname != %(nspname_1)s
2026-08-25 20:58:01,856 | INFO | [cached since 0.003916s ago] {'table_name': 'clientes', 'param_1': 'r', 'param_2': 'p', 'param_3': 'f', 'param_4': 'v', 'param_5': 'm', 'nspname_1': 'pg_catalog'}
2026-08-25 20:58:01,857 | INFO | SELECT pg_catalog.pg_class.relname 
FROM pg_catalog.pg_class JOIN pg_catalog.pg_namespace ON pg_catalog.pg_namespace.oid = pg_catalog.pg_class.relnamespace 
WHERE pg_catalog.pg_class.relname = %(table_name)s AND pg_catalog.pg_class.relkind = ANY (ARRAY[%(param_1)s, %(param_2)s, %(param_3)s, %(param_4)s, %(param_5)s]) AND pg_catalog.pg_table_is_visible(pg_catalog.pg_class.oid) AND pg_catalog.pg_namespace.nspname != %(nspname_1)s
2026-08-25 20:58:01,857 | INFO | [cached since 0.004817s ago] {'table_name': 'pedidos', 'param_1': 'r', 'param_2': 'p', 'param_3': 'f', 'param_4': 'v', 'param_5': 'm', 'nspname_1': 'pg_catalog'}
2026-08-25 20:58:01,858 | INFO | SELECT pg_catalog.pg_class.relname 
FROM pg_catalog.pg_class JOIN pg_catalog.pg_namespace ON pg_catalog.pg_namespace.oid = pg_catalog.pg_class.relnamespace 
WHERE pg_catalog.pg_class.relname = %(table_name)s AND pg_catalog.pg_class.relkind = ANY (ARRAY[%(param_1)s, %(param_2)s, %(param_3)s, %(param_4)s, %(param_5)s]) AND pg_catalog.pg_table_is_visible(pg_catalog.pg_class.oid) AND pg_catalog.pg_namespace.nspname != %(nspname_1)s
2026-08-25 20:58:01,858 | INFO | [cached since 0.005652s ago] {'table_name': 'detalles_pedido', 'param_1': 'r', 'param_2': 'p', 'param_3': 'f', 'param_4': 'v', 'param_5': 'm', 'nspname_1': 'pg_catalog'}
2026-08-25 20:58:01,859 | INFO | SELECT pg_catalog.pg_class.relname 
FROM pg_catalog.pg_class JOIN pg_catalog.pg_namespace ON pg_catalog.pg_namespace.oid = pg_catalog.pg_class.relnamespace 
WHERE pg_catalog.pg_class.relname = %(table_name)s AND pg_catalog.pg_class.relkind = ANY (ARRAY[%(param_1)s, %(param_2)s, %(param_3)s, %(param_4)s, %(param_5)s]) AND pg_catalog.pg_table_is_visible(pg_catalog.pg_class.oid) AND pg_catalog.pg_namespace.nspname != %(nspname_1)s
2026-08-25 20:58:01,859 | INFO | [cached since 0.006652s ago] {'table_name': 'productos', 'param_1': 'r', 'param_2': 'p', 'param_3': 'f', 'param_4': 'v', 'param_5': 'm', 'nspname_1': 'pg_catalog'}
2026-08-25 20:58:01,860 | INFO | SELECT pg_catalog.pg_class.relname 
FROM pg_catalog.pg_class JOIN pg_catalog.pg_namespace ON pg_catalog.pg_namespace.oid = pg_catalog.pg_class.relnamespace 
WHERE pg_catalog.pg_class.relname = %(table_name)s AND pg_catalog.pg_class.relkind = ANY (ARRAY[%(param_1)s, %(param_2)s, %(param_3)s, %(param_4)s, %(param_5)s]) AND pg_catalog.pg_table_is_visible(pg_catalog.pg_class.oid) AND pg_catalog.pg_namespace.nspname != %(nspname_1)s
2026-08-25 20:58:01,860 | INFO | [cached since 0.00756s ago] {'table_name': 'comandas', 'param_1': 'r', 'param_2': 'p', 'param_3': 'f', 'param_4': 'v', 'param_5': 'm', 'nspname_1': 'pg_catalog'}
2026-08-25 20:58:01,860 | INFO | SELECT pg_catalog.pg_class.relname 
FROM pg_catalog.pg_class JOIN pg_catalog.pg_namespace ON pg_catalog.pg_namespace.oid = pg_catalog.pg_class.relnamespace 
WHERE pg_catalog.pg_class.relname = %(table_name)s AND pg_catalog.pg_class.relkind = ANY (ARRAY[%(param_1)s, %(param_2)s, %(param_3)s, %(param_4)s, %(param_5)s]) AND pg_catalog.pg_table_is_visible(pg_catalog.pg_class.oid) AND pg_catalog.pg_namespace.nspname != %(nspname_1)s
2026-08-25 20:58:01,861 | INFO | [cached since 0.008359s ago] {'table_name': 'pagos', 'param_1': 'r', 'param_2': 'p', 'param_3': 'f', 'param_4': 'v', 'param_5': 'm', 'nspname_1': 'pg_catalog'}
2026-08-25 20:58:01,861 | INFO | SELECT pg_catalog.pg_class.relname 
FROM pg_catalog.pg_class JOIN pg_catalog.pg_namespace ON pg_catalog.pg_namespace.oid = pg_catalog.pg_class.relnamespace 
WHERE pg_catalog.pg_class.relname = %(table_name)s AND pg_catalog.pg_class.relkind = ANY (ARRAY[%(param_1)s, %(param_2)s, %(param_3)s, %(param_4)s, %(param_5)s]) AND pg_catalog.pg_table_is_visible(pg_catalog.pg_class.oid) AND pg_catalog.pg_namespace.nspname != %(nspname_1)s
2026-08-25 20:58:01,861 | INFO | [cached since 0.009139s ago] {'table_name': 'usuarios', 'param_1': 'r', 'param_2': 'p', 'param_3': 'f', 'param_4': 'v', 'param_5': 'm', 'nspname_1': 'pg_catalog'}
2026-08-25 20:58:01,862 | INFO | SELECT pg_catalog.pg_class.relname 
FROM pg_catalog.pg_class JOIN pg_catalog.pg_namespace ON pg_catalog.pg_namespace.oid = pg_catalog.pg_class.relnamespace 
WHERE pg_catalog.pg_class.relname = %(table_name)s AND pg_catalog.pg_class.relkind = ANY (ARRAY[%(param_1)s, %(param_2)s, %(param_3)s, %(param_4)s, %(param_5)s]) AND pg_catalog.pg_table_is_visible(pg_catalog.pg_class.oid) AND pg_catalog.pg_namespace.nspname != %(nspname_1)s
2026-08-25 20:58:01,862 | INFO | [cached since 0.009842s ago] {'table_name': 'cuentas_credito', 'param_1': 'r', 'param_2': 'p', 'param_3': 'f', 'param_4': 'v', 'param_5': 'm', 'nspname_1': 'pg_catalog'}
2026-08-25 20:58:01,863 | INFO | SELECT pg_catalog.pg_class.relname 
FROM pg_catalog.pg_class JOIN pg_catalog.pg_namespace ON pg_catalog.pg_namespace.oid = pg_catalog.pg_class.relnamespace 
WHERE pg_catalog.pg_class.relname = %(table_name)s AND pg_catalog.pg_class.relkind = ANY (ARRAY[%(param_1)s, %(param_2)s, %(param_3)s, %(param_4)s, %(param_5)s]) AND pg_catalog.pg_table_is_visible(pg_catalog.pg_class.oid) AND pg_catalog.pg_namespace.nspname != %(nspname_1)s
2026-08-25 20:58:01,863 | INFO | [cached since 0.01047s ago] {'table_name': 'movimientos_credito', 'param_1': 'r', 'param_2': 'p', 'param_3': 'f', 'param_4': 'v', 'param_5': 'm', 'nspname_1': 'pg_catalog'}
2026-08-25 20:58:01,863 | INFO | COMMIT
2026-08-25 20:58:11,117 | INFO | BEGIN (implicit)
2026-08-25 20:58:11,122 | INFO | SELECT productos.id_producto AS productos_id_producto, productos.nombre AS productos_nombre, productos.categoria AS productos_categoria, productos.precio AS productos_precio, productos."UsuarioCreacion" AS "productos_UsuarioCreacion", productos."FechaCreacion" AS "productos_FechaCreacion", productos."UsuarioModificacion" AS "productos_UsuarioModificacion", productos."FechaModificacion" AS "productos_FechaModificacion", productos."EstadoTupla" AS "productos_EstadoTupla" 
FROM productos 
WHERE productos."EstadoTupla" = true
2026-08-25 20:58:11,123 | INFO | [generated in 0.00041s] {}
2026-08-25 20:58:14,017 | INFO | BEGIN (implicit)
2026-08-25 20:58:14,017 | INFO | SELECT productos.id_producto AS productos_id_producto, productos.nombre AS productos_nombre, productos.categoria AS productos_categoria, productos.precio AS productos_precio, productos."UsuarioCreacion" AS "productos_UsuarioCreacion", productos."FechaCreacion" AS "productos_FechaCreacion", productos."UsuarioModificacion" AS "productos_UsuarioModificacion", productos."FechaModificacion" AS "productos_FechaModificacion", productos."EstadoTupla" AS "productos_EstadoTupla" 
FROM productos 
WHERE productos."EstadoTupla" = true
2026-08-25 20:58:14,017 | INFO | [cached since 2.895s ago] {}
2026-08-25 20:58:40,186 | INFO | BEGIN (implicit)
2026-08-25 20:58:40,188 | INFO | SELECT usuarios.id_usuario AS usuarios_id_usuario, usuarios.username AS usuarios_username, usuarios.password_hashed AS usuarios_password_hashed, usuarios."UsuarioCreacion" AS "usuarios_UsuarioCreacion", usuarios."FechaCreacion" AS "usuarios_FechaCreacion", usuarios."UsuarioModificacion" AS "usuarios_UsuarioModificacion", usuarios."FechaModificacion" AS "usuarios_FechaModificacion", usuarios."EstadoTupla" AS "usuarios_EstadoTupla" 
FROM usuarios 
WHERE usuarios.username = %(username_1)s AND usuarios."EstadoTupla" = true 
 LIMIT %(param_1)s
2026-08-25 20:58:40,188 | INFO | [generated in 0.00035s] {'username_1': 'admin', 'param_1': 1}
2026-08-25 20:59:08,856 | INFO | BEGIN (implicit)
2026-08-25 20:59:08,856 | INFO | SELECT productos.id_producto AS productos_id_producto, productos.nombre AS productos_nombre, productos.categoria AS productos_categoria, productos.precio AS productos_precio, productos."UsuarioCreacion" AS "productos_UsuarioCreacion", productos."FechaCreacion" AS "productos_FechaCreacion", productos."UsuarioModificacion" AS "productos_UsuarioModificacion", productos."FechaModificacion" AS "productos_FechaModificacion", productos."EstadoTupla" AS "productos_EstadoTupla" 
FROM productos 
WHERE productos."EstadoTupla" = true
2026-08-25 20:59:08,856 | INFO | [cached since 57.73s ago] {}
2026-08-25 20:59:10,850 | INFO | BEGIN (implicit)
2026-08-25 20:59:10,851 | INFO | SELECT productos.id_producto AS productos_id_producto, productos.nombre AS productos_nombre, productos.categoria AS productos_categoria, productos.precio AS productos_precio, productos."UsuarioCreacion" AS "productos_UsuarioCreacion", productos."FechaCreacion" AS "productos_FechaCreacion", productos."UsuarioModificacion" AS "productos_UsuarioModificacion", productos."FechaModificacion" AS "productos_FechaModificacion", productos."EstadoTupla" AS "productos_EstadoTupla" 
FROM productos 
WHERE productos."EstadoTupla" = true
2026-08-25 20:59:10,851 | INFO | [cached since 59.73s ago] {}
2026-08-25 20:59:29,943 | INFO | BEGIN (implicit)
2026-08-25 20:59:29,944 | INFO | SELECT usuarios.id_usuario AS usuarios_id_usuario, usuarios.username AS usuarios_username, usuarios.password_hashed AS usuarios_password_hashed, usuarios."UsuarioCreacion" AS "usuarios_UsuarioCreacion", usuarios."FechaCreacion" AS "usuarios_FechaCreacion", usuarios."UsuarioModificacion" AS "usuarios_UsuarioModificacion", usuarios."FechaModificacion" AS "usuarios_FechaModificacion", usuarios."EstadoTupla" AS "usuarios_EstadoTupla" 
FROM usuarios 
WHERE usuarios.username = %(username_1)s AND usuarios."EstadoTupla" = true 
 LIMIT %(param_1)s
2026-08-25 20:59:29,944 | INFO | [cached since 49.76s ago] {'username_1': 'admin', 'param_1': 1}
2026-08-25 20:59:30,102 | INFO | BEGIN (implicit)
2026-08-25 20:59:30,102 | INFO | SELECT productos.id_producto AS productos_id_producto, productos.nombre AS productos_nombre, productos.categoria AS productos_categoria, productos.precio AS productos_precio, productos."UsuarioCreacion" AS "productos_UsuarioCreacion", productos."FechaCreacion" AS "productos_FechaCreacion", productos."UsuarioModificacion" AS "productos_UsuarioModificacion", productos."FechaModificacion" AS "productos_FechaModificacion", productos."EstadoTupla" AS "productos_EstadoTupla" 
FROM productos 
WHERE productos."EstadoTupla" = true
2026-08-25 20:59:30,103 | INFO | [cached since 78.98s ago] {}
2026-08-25 20:59:33,100 | INFO | BEGIN (implicit)
2026-08-25 20:59:33,102 | INFO | SELECT clientes.id_cliente AS clientes_id_cliente, clientes.nombre AS clientes_nombre, clientes.rut AS clientes_rut, clientes.telefono AS clientes_telefono, clientes.email AS clientes_email, clientes.direccion AS clientes_direccion, clientes.tipo_cliente AS clientes_tipo_cliente, clientes.observaciones AS clientes_observaciones, clientes."UsuarioCreacion" AS "clientes_UsuarioCreacion", clientes."FechaCreacion" AS "clientes_FechaCreacion", clientes."UsuarioModificacion" AS "clientes_UsuarioModificacion", clientes."FechaModificacion" AS "clientes_FechaModificacion", clientes."EstadoTupla" AS "clientes_EstadoTupla" 
FROM clientes 
WHERE clientes."EstadoTupla" = true
2026-08-25 20:59:33,103 | INFO | [generated in 0.00052s] {}
2026-08-25 20:59:33,155 | INFO | BEGIN (implicit)
2026-08-25 20:59:33,156 | INFO | SELECT productos.id_producto AS productos_id_producto, productos.nombre AS productos_nombre, productos.categoria AS productos_categoria, productos.precio AS productos_precio, productos."UsuarioCreacion" AS "productos_UsuarioCreacion", productos."FechaCreacion" AS "productos_FechaCreacion", productos."UsuarioModificacion" AS "productos_UsuarioModificacion", productos."FechaModificacion" AS "productos_FechaModificacion", productos."EstadoTupla" AS "productos_EstadoTupla" 
FROM productos 
WHERE productos."EstadoTupla" = true
2026-08-25 20:59:33,156 | INFO | [cached since 82.03s ago] {}
2026-08-25 20:59:35,293 | INFO | BEGIN (implicit)
2026-08-25 20:59:35,294 | INFO | SELECT productos.id_producto AS productos_id_producto, productos.nombre AS productos_nombre, productos.categoria AS productos_categoria, productos.precio AS productos_precio, productos."UsuarioCreacion" AS "productos_UsuarioCreacion", productos."FechaCreacion" AS "productos_FechaCreacion", productos."UsuarioModificacion" AS "productos_UsuarioModificacion", productos."FechaModificacion" AS "productos_FechaModificacion", productos."EstadoTupla" AS "productos_EstadoTupla" 
FROM productos 
WHERE productos."EstadoTupla" = true
2026-08-25 20:59:35,294 | INFO | [cached since 84.17s ago] {}
2026-08-25 21:09:11,850 | INFO | SINGLETON: Inicializando el pool de conexiones único hacia PostgreSQL.
2026-08-25 21:09:11,851 | INFO | INFRAESTRUCTURA: Verificando y creando el esquema de tablas del MVP.
2026-08-25 21:09:11,908 | INFO | select pg_catalog.version()
2026-08-25 21:09:11,908 | INFO | [raw sql] {}
2026-08-25 21:09:11,910 | INFO | select current_schema()
2026-08-25 21:09:11,910 | INFO | [raw sql] {}
2026-08-25 21:09:11,911 | INFO | show standard_conforming_strings
2026-08-25 21:09:11,911 | INFO | [raw sql] {}
2026-08-25 21:09:11,912 | INFO | BEGIN (implicit)
2026-08-25 21:09:11,914 | INFO | SELECT pg_catalog.pg_class.relname 
FROM pg_catalog.pg_class JOIN pg_catalog.pg_namespace ON pg_catalog.pg_namespace.oid = pg_catalog.pg_class.relnamespace 
WHERE pg_catalog.pg_class.relname = %(table_name)s AND pg_catalog.pg_class.relkind = ANY (ARRAY[%(param_1)s, %(param_2)s, %(param_3)s, %(param_4)s, %(param_5)s]) AND pg_catalog.pg_table_is_visible(pg_catalog.pg_class.oid) AND pg_catalog.pg_namespace.nspname != %(nspname_1)s
2026-08-25 21:09:11,915 | INFO | [generated in 0.00028s] {'table_name': 'sucursales', 'param_1': 'r', 'param_2': 'p', 'param_3': 'f', 'param_4': 'v', 'param_5': 'm', 'nspname_1': 'pg_catalog'}
2026-08-25 21:09:11,917 | INFO | SELECT pg_catalog.pg_class.relname 
FROM pg_catalog.pg_class JOIN pg_catalog.pg_namespace ON pg_catalog.pg_namespace.oid = pg_catalog.pg_class.relnamespace 
WHERE pg_catalog.pg_class.relname = %(table_name)s AND pg_catalog.pg_class.relkind = ANY (ARRAY[%(param_1)s, %(param_2)s, %(param_3)s, %(param_4)s, %(param_5)s]) AND pg_catalog.pg_table_is_visible(pg_catalog.pg_class.oid) AND pg_catalog.pg_namespace.nspname != %(nspname_1)s
2026-08-25 21:09:11,917 | INFO | [cached since 0.00261s ago] {'table_name': 'mesas', 'param_1': 'r', 'param_2': 'p', 'param_3': 'f', 'param_4': 'v', 'param_5': 'm', 'nspname_1': 'pg_catalog'}
2026-08-25 21:09:11,918 | INFO | SELECT pg_catalog.pg_class.relname 
FROM pg_catalog.pg_class JOIN pg_catalog.pg_namespace ON pg_catalog.pg_namespace.oid = pg_catalog.pg_class.relnamespace 
WHERE pg_catalog.pg_class.relname = %(table_name)s AND pg_catalog.pg_class.relkind = ANY (ARRAY[%(param_1)s, %(param_2)s, %(param_3)s, %(param_4)s, %(param_5)s]) AND pg_catalog.pg_table_is_visible(pg_catalog.pg_class.oid) AND pg_catalog.pg_namespace.nspname != %(nspname_1)s
2026-08-25 21:09:11,918 | INFO | [cached since 0.003429s ago] {'table_name': 'clientes', 'param_1': 'r', 'param_2': 'p', 'param_3': 'f', 'param_4': 'v', 'param_5': 'm', 'nspname_1': 'pg_catalog'}
2026-08-25 21:09:11,918 | INFO | SELECT pg_catalog.pg_class.relname 
FROM pg_catalog.pg_class JOIN pg_catalog.pg_namespace ON pg_catalog.pg_namespace.oid = pg_catalog.pg_class.relnamespace 
WHERE pg_catalog.pg_class.relname = %(table_name)s AND pg_catalog.pg_class.relkind = ANY (ARRAY[%(param_1)s, %(param_2)s, %(param_3)s, %(param_4)s, %(param_5)s]) AND pg_catalog.pg_table_is_visible(pg_catalog.pg_class.oid) AND pg_catalog.pg_namespace.nspname != %(nspname_1)s
2026-08-25 21:09:11,919 | INFO | [cached since 0.004199s ago] {'table_name': 'pedidos', 'param_1': 'r', 'param_2': 'p', 'param_3': 'f', 'param_4': 'v', 'param_5': 'm', 'nspname_1': 'pg_catalog'}
2026-08-25 21:09:11,919 | INFO | SELECT pg_catalog.pg_class.relname 
FROM pg_catalog.pg_class JOIN pg_catalog.pg_namespace ON pg_catalog.pg_namespace.oid = pg_catalog.pg_class.relnamespace 
WHERE pg_catalog.pg_class.relname = %(table_name)s AND pg_catalog.pg_class.relkind = ANY (ARRAY[%(param_1)s, %(param_2)s, %(param_3)s, %(param_4)s, %(param_5)s]) AND pg_catalog.pg_table_is_visible(pg_catalog.pg_class.oid) AND pg_catalog.pg_namespace.nspname != %(nspname_1)s
2026-08-25 21:09:11,919 | INFO | [cached since 0.005051s ago] {'table_name': 'detalles_pedido', 'param_1': 'r', 'param_2': 'p', 'param_3': 'f', 'param_4': 'v', 'param_5': 'm', 'nspname_1': 'pg_catalog'}
2026-08-25 21:09:11,920 | INFO | SELECT pg_catalog.pg_class.relname 
FROM pg_catalog.pg_class JOIN pg_catalog.pg_namespace ON pg_catalog.pg_namespace.oid = pg_catalog.pg_class.relnamespace 
WHERE pg_catalog.pg_class.relname = %(table_name)s AND pg_catalog.pg_class.relkind = ANY (ARRAY[%(param_1)s, %(param_2)s, %(param_3)s, %(param_4)s, %(param_5)s]) AND pg_catalog.pg_table_is_visible(pg_catalog.pg_class.oid) AND pg_catalog.pg_namespace.nspname != %(nspname_1)s
2026-08-25 21:09:11,920 | INFO | [cached since 0.005852s ago] {'table_name': 'productos', 'param_1': 'r', 'param_2': 'p', 'param_3': 'f', 'param_4': 'v', 'param_5': 'm', 'nspname_1': 'pg_catalog'}
2026-08-25 21:09:11,921 | INFO | SELECT pg_catalog.pg_class.relname 
FROM pg_catalog.pg_class JOIN pg_catalog.pg_namespace ON pg_catalog.pg_namespace.oid = pg_catalog.pg_class.relnamespace 
WHERE pg_catalog.pg_class.relname = %(table_name)s AND pg_catalog.pg_class.relkind = ANY (ARRAY[%(param_1)s, %(param_2)s, %(param_3)s, %(param_4)s, %(param_5)s]) AND pg_catalog.pg_table_is_visible(pg_catalog.pg_class.oid) AND pg_catalog.pg_namespace.nspname != %(nspname_1)s
2026-08-25 21:09:11,921 | INFO | [cached since 0.006724s ago] {'table_name': 'comandas', 'param_1': 'r', 'param_2': 'p', 'param_3': 'f', 'param_4': 'v', 'param_5': 'm', 'nspname_1': 'pg_catalog'}
2026-08-25 21:09:11,922 | INFO | SELECT pg_catalog.pg_class.relname 
FROM pg_catalog.pg_class JOIN pg_catalog.pg_namespace ON pg_catalog.pg_namespace.oid = pg_catalog.pg_class.relnamespace 
WHERE pg_catalog.pg_class.relname = %(table_name)s AND pg_catalog.pg_class.relkind = ANY (ARRAY[%(param_1)s, %(param_2)s, %(param_3)s, %(param_4)s, %(param_5)s]) AND pg_catalog.pg_table_is_visible(pg_catalog.pg_class.oid) AND pg_catalog.pg_namespace.nspname != %(nspname_1)s
2026-08-25 21:09:11,922 | INFO | [cached since 0.00775s ago] {'table_name': 'pagos', 'param_1': 'r', 'param_2': 'p', 'param_3': 'f', 'param_4': 'v', 'param_5': 'm', 'nspname_1': 'pg_catalog'}
2026-08-25 21:09:11,923 | INFO | SELECT pg_catalog.pg_class.relname 
FROM pg_catalog.pg_class JOIN pg_catalog.pg_namespace ON pg_catalog.pg_namespace.oid = pg_catalog.pg_class.relnamespace 
WHERE pg_catalog.pg_class.relname = %(table_name)s AND pg_catalog.pg_class.relkind = ANY (ARRAY[%(param_1)s, %(param_2)s, %(param_3)s, %(param_4)s, %(param_5)s]) AND pg_catalog.pg_table_is_visible(pg_catalog.pg_class.oid) AND pg_catalog.pg_namespace.nspname != %(nspname_1)s
2026-08-25 21:09:11,923 | INFO | [cached since 0.009094s ago] {'table_name': 'usuarios', 'param_1': 'r', 'param_2': 'p', 'param_3': 'f', 'param_4': 'v', 'param_5': 'm', 'nspname_1': 'pg_catalog'}
2026-08-25 21:09:11,925 | INFO | SELECT pg_catalog.pg_class.relname 
FROM pg_catalog.pg_class JOIN pg_catalog.pg_namespace ON pg_catalog.pg_namespace.oid = pg_catalog.pg_class.relnamespace 
WHERE pg_catalog.pg_class.relname = %(table_name)s AND pg_catalog.pg_class.relkind = ANY (ARRAY[%(param_1)s, %(param_2)s, %(param_3)s, %(param_4)s, %(param_5)s]) AND pg_catalog.pg_table_is_visible(pg_catalog.pg_class.oid) AND pg_catalog.pg_namespace.nspname != %(nspname_1)s
2026-08-25 21:09:11,925 | INFO | [cached since 0.01059s ago] {'table_name': 'cuentas_credito', 'param_1': 'r', 'param_2': 'p', 'param_3': 'f', 'param_4': 'v', 'param_5': 'm', 'nspname_1': 'pg_catalog'}
2026-08-25 21:09:11,926 | INFO | SELECT pg_catalog.pg_class.relname 
FROM pg_catalog.pg_class JOIN pg_catalog.pg_namespace ON pg_catalog.pg_namespace.oid = pg_catalog.pg_class.relnamespace 
WHERE pg_catalog.pg_class.relname = %(table_name)s AND pg_catalog.pg_class.relkind = ANY (ARRAY[%(param_1)s, %(param_2)s, %(param_3)s, %(param_4)s, %(param_5)s]) AND pg_catalog.pg_table_is_visible(pg_catalog.pg_class.oid) AND pg_catalog.pg_namespace.nspname != %(nspname_1)s
2026-08-25 21:09:11,926 | INFO | [cached since 0.01199s ago] {'table_name': 'movimientos_credito', 'param_1': 'r', 'param_2': 'p', 'param_3': 'f', 'param_4': 'v', 'param_5': 'm', 'nspname_1': 'pg_catalog'}
2026-08-25 21:09:11,927 | INFO | COMMIT
2026-08-26 12:25:16,025 | INFO | BEGIN (implicit)
2026-08-26 12:25:16,044 | INFO | SELECT productos.id_producto AS productos_id_producto, productos.nombre AS productos_nombre, productos.categoria AS productos_categoria, productos.precio AS productos_precio, productos."UsuarioCreacion" AS "productos_UsuarioCreacion", productos."FechaCreacion" AS "productos_FechaCreacion", productos."UsuarioModificacion" AS "productos_UsuarioModificacion", productos."FechaModificacion" AS "productos_FechaModificacion", productos."EstadoTupla" AS "productos_EstadoTupla" 
FROM productos 
WHERE productos."EstadoTupla" = true
2026-08-26 12:25:16,061 | INFO | [generated in 0.01696s] {}
2026-08-26 12:26:35,327 | INFO | BEGIN (implicit)
2026-08-26 12:26:35,327 | INFO | SELECT productos.id_producto AS productos_id_producto, productos.nombre AS productos_nombre, productos.categoria AS productos_categoria, productos.precio AS productos_precio, productos."UsuarioCreacion" AS "productos_UsuarioCreacion", productos."FechaCreacion" AS "productos_FechaCreacion", productos."UsuarioModificacion" AS "productos_UsuarioModificacion", productos."FechaModificacion" AS "productos_FechaModificacion", productos."EstadoTupla" AS "productos_EstadoTupla" 
FROM productos 
WHERE productos."EstadoTupla" = true
2026-08-26 12:26:35,328 | INFO | [cached since 79.28s ago] {}
2026-08-26 12:27:04,155 | INFO | BEGIN (implicit)
2026-08-26 12:27:04,158 | INFO | SELECT usuarios.id_usuario AS usuarios_id_usuario, usuarios.username AS usuarios_username, usuarios.password_hashed AS usuarios_password_hashed, usuarios."UsuarioCreacion" AS "usuarios_UsuarioCreacion", usuarios."FechaCreacion" AS "usuarios_FechaCreacion", usuarios."UsuarioModificacion" AS "usuarios_UsuarioModificacion", usuarios."FechaModificacion" AS "usuarios_FechaModificacion", usuarios."EstadoTupla" AS "usuarios_EstadoTupla" 
FROM usuarios 
WHERE usuarios.username = %(username_1)s AND usuarios."EstadoTupla" = true 
 LIMIT %(param_1)s
2026-08-26 12:27:04,159 | INFO | [generated in 0.00041s] {'username_1': 'admin', 'param_1': 1}
2026-08-26 12:27:04,174 | INFO | BEGIN (implicit)
2026-08-26 12:27:04,175 | INFO | SELECT productos.id_producto AS productos_id_producto, productos.nombre AS productos_nombre, productos.categoria AS productos_categoria, productos.precio AS productos_precio, productos."UsuarioCreacion" AS "productos_UsuarioCreacion", productos."FechaCreacion" AS "productos_FechaCreacion", productos."UsuarioModificacion" AS "productos_UsuarioModificacion", productos."FechaModificacion" AS "productos_FechaModificacion", productos."EstadoTupla" AS "productos_EstadoTupla" 
FROM productos 
WHERE productos."EstadoTupla" = true
2026-08-26 12:27:04,175 | INFO | [cached since 108.1s ago] {}
2026-08-26 12:27:07,629 | INFO | BEGIN (implicit)
2026-08-26 12:27:07,630 | INFO | SELECT productos.id_producto AS productos_id_producto, productos.nombre AS productos_nombre, productos.categoria AS productos_categoria, productos.precio AS productos_precio, productos."UsuarioCreacion" AS "productos_UsuarioCreacion", productos."FechaCreacion" AS "productos_FechaCreacion", productos."UsuarioModificacion" AS "productos_UsuarioModificacion", productos."FechaModificacion" AS "productos_FechaModificacion", productos."EstadoTupla" AS "productos_EstadoTupla" 
FROM productos 
WHERE productos."EstadoTupla" = true
2026-08-26 12:27:07,630 | INFO | [cached since 111.6s ago] {}
2026-08-26 12:27:28,409 | INFO | BEGIN (implicit)
2026-08-26 12:27:28,410 | INFO | SELECT productos.id_producto AS productos_id_producto, productos.nombre AS productos_nombre, productos.categoria AS productos_categoria, productos.precio AS productos_precio, productos."UsuarioCreacion" AS "productos_UsuarioCreacion", productos."FechaCreacion" AS "productos_FechaCreacion", productos."UsuarioModificacion" AS "productos_UsuarioModificacion", productos."FechaModificacion" AS "productos_FechaModificacion", productos."EstadoTupla" AS "productos_EstadoTupla" 
FROM productos 
WHERE productos.nombre = %(nombre_1)s 
 LIMIT %(param_1)s
2026-08-26 12:27:28,410 | INFO | [generated in 0.00035s] {'nombre_1': 'Producto 11', 'param_1': 1}
2026-08-26 12:27:28,416 | INFO | INSERT INTO productos (nombre, categoria, precio, "UsuarioCreacion", "FechaCreacion", "UsuarioModificacion", "FechaModificacion", "EstadoTupla") VALUES (%(nombre)s, %(categoria)s, %(precio)s, %(UsuarioCreacion)s, %(FechaCreacion)s, %(UsuarioModificacion)s, %(FechaModificacion)s, %(EstadoTupla)s) RETURNING productos.id_producto
2026-08-26 12:27:28,416 | INFO | [generated in 0.00039s] {'nombre': 'Producto 11', 'categoria': 'General', 'precio': 11000.0, 'UsuarioCreacion': 'admin', 'FechaCreacion': datetime.datetime(2026, 8, 26, 16, 27, 28, 416470, tzinfo=datetime.timezone.utc), 'UsuarioModificacion': None, 'FechaModificacion': None, 'EstadoTupla': True}
2026-08-26 12:27:28,420 | INFO | COMMIT
2026-08-26 12:27:28,427 | INFO | BEGIN (implicit)
2026-08-26 12:27:28,428 | INFO | SELECT productos.id_producto AS productos_id_producto, productos.nombre AS productos_nombre, productos.categoria AS productos_categoria, productos.precio AS productos_precio, productos."UsuarioCreacion" AS "productos_UsuarioCreacion", productos."FechaCreacion" AS "productos_FechaCreacion", productos."UsuarioModificacion" AS "productos_UsuarioModificacion", productos."FechaModificacion" AS "productos_FechaModificacion", productos."EstadoTupla" AS "productos_EstadoTupla" 
FROM productos 
WHERE productos."EstadoTupla" = true
2026-08-26 12:27:28,428 | INFO | [cached since 132.4s ago] {}
2026-08-26 12:27:37,916 | INFO | BEGIN (implicit)
2026-08-26 12:27:37,916 | INFO | SELECT productos.id_producto AS productos_id_producto, productos.nombre AS productos_nombre, productos.categoria AS productos_categoria, productos.precio AS productos_precio, productos."UsuarioCreacion" AS "productos_UsuarioCreacion", productos."FechaCreacion" AS "productos_FechaCreacion", productos."UsuarioModificacion" AS "productos_UsuarioModificacion", productos."FechaModificacion" AS "productos_FechaModificacion", productos."EstadoTupla" AS "productos_EstadoTupla" 
FROM productos 
WHERE productos."EstadoTupla" = true
2026-08-26 12:27:37,917 | INFO | [cached since 141.9s ago] {}
2026-08-26 12:27:46,402 | INFO | BEGIN (implicit)
2026-08-26 12:27:46,403 | INFO | SELECT productos.id_producto AS productos_id_producto, productos.nombre AS productos_nombre, productos.categoria AS productos_categoria, productos.precio AS productos_precio, productos."UsuarioCreacion" AS "productos_UsuarioCreacion", productos."FechaCreacion" AS "productos_FechaCreacion", productos."UsuarioModificacion" AS "productos_UsuarioModificacion", productos."FechaModificacion" AS "productos_FechaModificacion", productos."EstadoTupla" AS "productos_EstadoTupla" 
FROM productos 
WHERE productos."EstadoTupla" = true
2026-08-26 12:27:46,403 | INFO | [cached since 150.4s ago] {}
2026-08-26 12:27:46,411 | INFO | BEGIN (implicit)
2026-08-26 12:27:46,414 | INFO | SELECT clientes.id_cliente AS clientes_id_cliente, clientes.nombre AS clientes_nombre, clientes.rut AS clientes_rut, clientes.telefono AS clientes_telefono, clientes.email AS clientes_email, clientes.direccion AS clientes_direccion, clientes.tipo_cliente AS clientes_tipo_cliente, clientes.observaciones AS clientes_observaciones, clientes."UsuarioCreacion" AS "clientes_UsuarioCreacion", clientes."FechaCreacion" AS "clientes_FechaCreacion", clientes."UsuarioModificacion" AS "clientes_UsuarioModificacion", clientes."FechaModificacion" AS "clientes_FechaModificacion", clientes."EstadoTupla" AS "clientes_EstadoTupla" 
FROM clientes 
WHERE clientes."EstadoTupla" = true
2026-08-26 12:27:46,415 | INFO | [generated in 0.00077s] {}
2026-08-26 12:28:18,759 | INFO | BEGIN (implicit)
2026-08-26 12:28:18,765 | INFO | SELECT clientes.id_cliente AS clientes_id_cliente, clientes.nombre AS clientes_nombre, clientes.rut AS clientes_rut, clientes.telefono AS clientes_telefono, clientes.email AS clientes_email, clientes.direccion AS clientes_direccion, clientes.tipo_cliente AS clientes_tipo_cliente, clientes.observaciones AS clientes_observaciones, clientes."UsuarioCreacion" AS "clientes_UsuarioCreacion", clientes."FechaCreacion" AS "clientes_FechaCreacion", clientes."UsuarioModificacion" AS "clientes_UsuarioModificacion", clientes."FechaModificacion" AS "clientes_FechaModificacion", clientes."EstadoTupla" AS "clientes_EstadoTupla" 
FROM clientes 
WHERE clientes.rut = %(rut_1)s 
 LIMIT %(param_1)s
2026-08-26 12:28:18,765 | INFO | [generated in 0.00068s] {'rut_1': '1058423-6', 'param_1': 1}
2026-08-26 12:28:18,770 | INFO | INSERT INTO clientes (nombre, rut, telefono, email, direccion, tipo_cliente, observaciones, "UsuarioCreacion", "FechaCreacion", "UsuarioModificacion", "FechaModificacion", "EstadoTupla") VALUES (%(nombre)s, %(rut)s, %(telefono)s, %(email)s, %(direccion)s, %(tipo_cliente)s, %(observaciones)s, %(UsuarioCreacion)s, %(FechaCreacion)s, %(UsuarioModificacion)s, %(FechaModificacion)s, %(EstadoTupla)s) RETURNING clientes.id_cliente
2026-08-26 12:28:18,770 | INFO | [generated in 0.00046s] {'nombre': 'Jeannette Troncoso', 'rut': '1058423-6', 'telefono': '+56959513929', 'email': None, 'direccion': None, 'tipo_cliente': 'Frecuente', 'observaciones': None, 'UsuarioCreacion': 'admin', 'FechaCreacion': datetime.datetime(2026, 8, 26, 16, 28, 18, 770064, tzinfo=datetime.timezone.utc), 'UsuarioModificacion': None, 'FechaModificacion': None, 'EstadoTupla': True}
2026-08-26 12:28:18,772 | INFO | COMMIT
2026-08-26 12:28:21,438 | INFO | BEGIN (implicit)
2026-08-26 12:28:21,438 | INFO | SELECT clientes.id_cliente AS clientes_id_cliente, clientes.nombre AS clientes_nombre, clientes.rut AS clientes_rut, clientes.telefono AS clientes_telefono, clientes.email AS clientes_email, clientes.direccion AS clientes_direccion, clientes.tipo_cliente AS clientes_tipo_cliente, clientes.observaciones AS clientes_observaciones, clientes."UsuarioCreacion" AS "clientes_UsuarioCreacion", clientes."FechaCreacion" AS "clientes_FechaCreacion", clientes."UsuarioModificacion" AS "clientes_UsuarioModificacion", clientes."FechaModificacion" AS "clientes_FechaModificacion", clientes."EstadoTupla" AS "clientes_EstadoTupla" 
FROM clientes 
WHERE clientes."EstadoTupla" = true
2026-08-26 12:28:21,438 | INFO | [cached since 35.02s ago] {}
2026-08-26 12:28:24,266 | INFO | BEGIN (implicit)
2026-08-26 12:28:24,266 | INFO | SELECT productos.id_producto AS productos_id_producto, productos.nombre AS productos_nombre, productos.categoria AS productos_categoria, productos.precio AS productos_precio, productos."UsuarioCreacion" AS "productos_UsuarioCreacion", productos."FechaCreacion" AS "productos_FechaCreacion", productos."UsuarioModificacion" AS "productos_UsuarioModificacion", productos."FechaModificacion" AS "productos_FechaModificacion", productos."EstadoTupla" AS "productos_EstadoTupla" 
FROM productos 
WHERE productos."EstadoTupla" = true
2026-08-26 12:28:24,266 | INFO | [cached since 188.2s ago] {}
2026-08-26 12:28:27,876 | INFO | BEGIN (implicit)
2026-08-26 12:28:27,877 | INFO | SELECT productos.id_producto AS productos_id_producto, productos.nombre AS productos_nombre, productos.categoria AS productos_categoria, productos.precio AS productos_precio, productos."UsuarioCreacion" AS "productos_UsuarioCreacion", productos."FechaCreacion" AS "productos_FechaCreacion", productos."UsuarioModificacion" AS "productos_UsuarioModificacion", productos."FechaModificacion" AS "productos_FechaModificacion", productos."EstadoTupla" AS "productos_EstadoTupla" 
FROM productos
2026-08-26 12:28:27,878 | INFO | [generated in 0.00059s] {}
2026-08-26 12:48:51,669 | INFO | SINGLETON: Inicializando el pool de conexiones único hacia PostgreSQL.
2026-08-26 12:48:51,671 | INFO | INFRAESTRUCTURA: Verificando y creando el esquema de tablas del MVP.
2026-08-26 12:48:51,873 | INFO | select pg_catalog.version()
2026-08-26 12:48:51,873 | INFO | [raw sql] {}
2026-08-26 12:48:51,878 | INFO | select current_schema()
2026-08-26 12:48:51,879 | INFO | [raw sql] {}
2026-08-26 12:48:51,880 | INFO | show standard_conforming_strings
2026-08-26 12:48:51,880 | INFO | [raw sql] {}
2026-08-26 12:48:51,881 | INFO | BEGIN (implicit)
2026-08-26 12:48:51,884 | INFO | SELECT pg_catalog.pg_class.relname 
FROM pg_catalog.pg_class JOIN pg_catalog.pg_namespace ON pg_catalog.pg_namespace.oid = pg_catalog.pg_class.relnamespace 
WHERE pg_catalog.pg_class.relname = %(table_name)s AND pg_catalog.pg_class.relkind = ANY (ARRAY[%(param_1)s, %(param_2)s, %(param_3)s, %(param_4)s, %(param_5)s]) AND pg_catalog.pg_table_is_visible(pg_catalog.pg_class.oid) AND pg_catalog.pg_namespace.nspname != %(nspname_1)s
2026-08-26 12:48:51,884 | INFO | [generated in 0.00026s] {'table_name': 'sucursales', 'param_1': 'r', 'param_2': 'p', 'param_3': 'f', 'param_4': 'v', 'param_5': 'm', 'nspname_1': 'pg_catalog'}
2026-08-26 12:48:51,893 | INFO | SELECT pg_catalog.pg_class.relname 
FROM pg_catalog.pg_class JOIN pg_catalog.pg_namespace ON pg_catalog.pg_namespace.oid = pg_catalog.pg_class.relnamespace 
WHERE pg_catalog.pg_class.relname = %(table_name)s AND pg_catalog.pg_class.relkind = ANY (ARRAY[%(param_1)s, %(param_2)s, %(param_3)s, %(param_4)s, %(param_5)s]) AND pg_catalog.pg_table_is_visible(pg_catalog.pg_class.oid) AND pg_catalog.pg_namespace.nspname != %(nspname_1)s
2026-08-26 12:48:51,893 | INFO | [cached since 0.009501s ago] {'table_name': 'mesas', 'param_1': 'r', 'param_2': 'p', 'param_3': 'f', 'param_4': 'v', 'param_5': 'm', 'nspname_1': 'pg_catalog'}
2026-08-26 12:48:51,894 | INFO | SELECT pg_catalog.pg_class.relname 
FROM pg_catalog.pg_class JOIN pg_catalog.pg_namespace ON pg_catalog.pg_namespace.oid = pg_catalog.pg_class.relnamespace 
WHERE pg_catalog.pg_class.relname = %(table_name)s AND pg_catalog.pg_class.relkind = ANY (ARRAY[%(param_1)s, %(param_2)s, %(param_3)s, %(param_4)s, %(param_5)s]) AND pg_catalog.pg_table_is_visible(pg_catalog.pg_class.oid) AND pg_catalog.pg_namespace.nspname != %(nspname_1)s
2026-08-26 12:48:51,894 | INFO | [cached since 0.01034s ago] {'table_name': 'clientes', 'param_1': 'r', 'param_2': 'p', 'param_3': 'f', 'param_4': 'v', 'param_5': 'm', 'nspname_1': 'pg_catalog'}
2026-08-26 12:48:51,895 | INFO | SELECT pg_catalog.pg_class.relname 
FROM pg_catalog.pg_class JOIN pg_catalog.pg_namespace ON pg_catalog.pg_namespace.oid = pg_catalog.pg_class.relnamespace 
WHERE pg_catalog.pg_class.relname = %(table_name)s AND pg_catalog.pg_class.relkind = ANY (ARRAY[%(param_1)s, %(param_2)s, %(param_3)s, %(param_4)s, %(param_5)s]) AND pg_catalog.pg_table_is_visible(pg_catalog.pg_class.oid) AND pg_catalog.pg_namespace.nspname != %(nspname_1)s
2026-08-26 12:48:51,895 | INFO | [cached since 0.01122s ago] {'table_name': 'pedidos', 'param_1': 'r', 'param_2': 'p', 'param_3': 'f', 'param_4': 'v', 'param_5': 'm', 'nspname_1': 'pg_catalog'}
2026-08-26 12:48:51,896 | INFO | SELECT pg_catalog.pg_class.relname 
FROM pg_catalog.pg_class JOIN pg_catalog.pg_namespace ON pg_catalog.pg_namespace.oid = pg_catalog.pg_class.relnamespace 
WHERE pg_catalog.pg_class.relname = %(table_name)s AND pg_catalog.pg_class.relkind = ANY (ARRAY[%(param_1)s, %(param_2)s, %(param_3)s, %(param_4)s, %(param_5)s]) AND pg_catalog.pg_table_is_visible(pg_catalog.pg_class.oid) AND pg_catalog.pg_namespace.nspname != %(nspname_1)s
2026-08-26 12:48:51,897 | INFO | [cached since 0.01274s ago] {'table_name': 'detalles_pedido', 'param_1': 'r', 'param_2': 'p', 'param_3': 'f', 'param_4': 'v', 'param_5': 'm', 'nspname_1': 'pg_catalog'}
2026-08-26 12:48:51,898 | INFO | SELECT pg_catalog.pg_class.relname 
FROM pg_catalog.pg_class JOIN pg_catalog.pg_namespace ON pg_catalog.pg_namespace.oid = pg_catalog.pg_class.relnamespace 
WHERE pg_catalog.pg_class.relname = %(table_name)s AND pg_catalog.pg_class.relkind = ANY (ARRAY[%(param_1)s, %(param_2)s, %(param_3)s, %(param_4)s, %(param_5)s]) AND pg_catalog.pg_table_is_visible(pg_catalog.pg_class.oid) AND pg_catalog.pg_namespace.nspname != %(nspname_1)s
2026-08-26 12:48:51,899 | INFO | [cached since 0.01479s ago] {'table_name': 'productos', 'param_1': 'r', 'param_2': 'p', 'param_3': 'f', 'param_4': 'v', 'param_5': 'm', 'nspname_1': 'pg_catalog'}
2026-08-26 12:48:51,899 | INFO | SELECT pg_catalog.pg_class.relname 
FROM pg_catalog.pg_class JOIN pg_catalog.pg_namespace ON pg_catalog.pg_namespace.oid = pg_catalog.pg_class.relnamespace 
WHERE pg_catalog.pg_class.relname = %(table_name)s AND pg_catalog.pg_class.relkind = ANY (ARRAY[%(param_1)s, %(param_2)s, %(param_3)s, %(param_4)s, %(param_5)s]) AND pg_catalog.pg_table_is_visible(pg_catalog.pg_class.oid) AND pg_catalog.pg_namespace.nspname != %(nspname_1)s
2026-08-26 12:48:51,900 | INFO | [cached since 0.01581s ago] {'table_name': 'comandas', 'param_1': 'r', 'param_2': 'p', 'param_3': 'f', 'param_4': 'v', 'param_5': 'm', 'nspname_1': 'pg_catalog'}
2026-08-26 12:48:51,900 | INFO | SELECT pg_catalog.pg_class.relname 
FROM pg_catalog.pg_class JOIN pg_catalog.pg_namespace ON pg_catalog.pg_namespace.oid = pg_catalog.pg_class.relnamespace 
WHERE pg_catalog.pg_class.relname = %(table_name)s AND pg_catalog.pg_class.relkind = ANY (ARRAY[%(param_1)s, %(param_2)s, %(param_3)s, %(param_4)s, %(param_5)s]) AND pg_catalog.pg_table_is_visible(pg_catalog.pg_class.oid) AND pg_catalog.pg_namespace.nspname != %(nspname_1)s
2026-08-26 12:48:51,900 | INFO | [cached since 0.01665s ago] {'table_name': 'pagos', 'param_1': 'r', 'param_2': 'p', 'param_3': 'f', 'param_4': 'v', 'param_5': 'm', 'nspname_1': 'pg_catalog'}
2026-08-26 12:48:51,901 | INFO | SELECT pg_catalog.pg_class.relname 
FROM pg_catalog.pg_class JOIN pg_catalog.pg_namespace ON pg_catalog.pg_namespace.oid = pg_catalog.pg_class.relnamespace 
WHERE pg_catalog.pg_class.relname = %(table_name)s AND pg_catalog.pg_class.relkind = ANY (ARRAY[%(param_1)s, %(param_2)s, %(param_3)s, %(param_4)s, %(param_5)s]) AND pg_catalog.pg_table_is_visible(pg_catalog.pg_class.oid) AND pg_catalog.pg_namespace.nspname != %(nspname_1)s
2026-08-26 12:48:51,901 | INFO | [cached since 0.01746s ago] {'table_name': 'usuarios', 'param_1': 'r', 'param_2': 'p', 'param_3': 'f', 'param_4': 'v', 'param_5': 'm', 'nspname_1': 'pg_catalog'}
2026-08-26 12:48:51,902 | INFO | SELECT pg_catalog.pg_class.relname 
FROM pg_catalog.pg_class JOIN pg_catalog.pg_namespace ON pg_catalog.pg_namespace.oid = pg_catalog.pg_class.relnamespace 
WHERE pg_catalog.pg_class.relname = %(table_name)s AND pg_catalog.pg_class.relkind = ANY (ARRAY[%(param_1)s, %(param_2)s, %(param_3)s, %(param_4)s, %(param_5)s]) AND pg_catalog.pg_table_is_visible(pg_catalog.pg_class.oid) AND pg_catalog.pg_namespace.nspname != %(nspname_1)s
2026-08-26 12:48:51,902 | INFO | [cached since 0.01819s ago] {'table_name': 'cuentas_credito', 'param_1': 'r', 'param_2': 'p', 'param_3': 'f', 'param_4': 'v', 'param_5': 'm', 'nspname_1': 'pg_catalog'}
2026-08-26 12:48:51,903 | INFO | SELECT pg_catalog.pg_class.relname 
FROM pg_catalog.pg_class JOIN pg_catalog.pg_namespace ON pg_catalog.pg_namespace.oid = pg_catalog.pg_class.relnamespace 
WHERE pg_catalog.pg_class.relname = %(table_name)s AND pg_catalog.pg_class.relkind = ANY (ARRAY[%(param_1)s, %(param_2)s, %(param_3)s, %(param_4)s, %(param_5)s]) AND pg_catalog.pg_table_is_visible(pg_catalog.pg_class.oid) AND pg_catalog.pg_namespace.nspname != %(nspname_1)s
2026-08-26 12:48:51,903 | INFO | [cached since 0.0189s ago] {'table_name': 'movimientos_credito', 'param_1': 'r', 'param_2': 'p', 'param_3': 'f', 'param_4': 'v', 'param_5': 'm', 'nspname_1': 'pg_catalog'}
2026-08-26 12:48:51,903 | INFO | COMMIT
2026-08-26 12:48:58,935 | INFO | BEGIN (implicit)
2026-08-26 12:48:58,937 | INFO | SELECT productos.id_producto AS productos_id_producto, productos.nombre AS productos_nombre, productos.categoria AS productos_categoria, productos.precio AS productos_precio, productos."UsuarioCreacion" AS "productos_UsuarioCreacion", productos."FechaCreacion" AS "productos_FechaCreacion", productos."UsuarioModificacion" AS "productos_UsuarioModificacion", productos."FechaModificacion" AS "productos_FechaModificacion", productos."EstadoTupla" AS "productos_EstadoTupla" 
FROM productos 
WHERE productos."EstadoTupla" = true
2026-08-26 12:48:58,937 | INFO | [generated in 0.00040s] {}
2026-08-26 12:49:33,093 | INFO | BEGIN (implicit)
2026-08-26 12:49:33,093 | INFO | SELECT productos.id_producto AS productos_id_producto, productos.nombre AS productos_nombre, productos.categoria AS productos_categoria, productos.precio AS productos_precio, productos."UsuarioCreacion" AS "productos_UsuarioCreacion", productos."FechaCreacion" AS "productos_FechaCreacion", productos."UsuarioModificacion" AS "productos_UsuarioModificacion", productos."FechaModificacion" AS "productos_FechaModificacion", productos."EstadoTupla" AS "productos_EstadoTupla" 
FROM productos 
WHERE productos."EstadoTupla" = true
2026-08-26 12:49:33,093 | INFO | [cached since 34.16s ago] {}
2026-08-26 12:49:55,722 | INFO | BEGIN (implicit)
2026-08-26 12:49:55,723 | INFO | SELECT productos.id_producto AS productos_id_producto, productos.nombre AS productos_nombre, productos.categoria AS productos_categoria, productos.precio AS productos_precio, productos."UsuarioCreacion" AS "productos_UsuarioCreacion", productos."FechaCreacion" AS "productos_FechaCreacion", productos."UsuarioModificacion" AS "productos_UsuarioModificacion", productos."FechaModificacion" AS "productos_FechaModificacion", productos."EstadoTupla" AS "productos_EstadoTupla" 
FROM productos 
WHERE productos."EstadoTupla" = true
2026-08-26 12:49:55,723 | INFO | [cached since 56.79s ago] {}
2026-08-26 12:50:22,284 | INFO | BEGIN (implicit)
2026-08-26 12:50:22,284 | INFO | SELECT productos.id_producto AS productos_id_producto, productos.nombre AS productos_nombre, productos.categoria AS productos_categoria, productos.precio AS productos_precio, productos."UsuarioCreacion" AS "productos_UsuarioCreacion", productos."FechaCreacion" AS "productos_FechaCreacion", productos."UsuarioModificacion" AS "productos_UsuarioModificacion", productos."FechaModificacion" AS "productos_FechaModificacion", productos."EstadoTupla" AS "productos_EstadoTupla" 
FROM productos 
WHERE productos."EstadoTupla" = true
2026-08-26 12:50:22,284 | INFO | [cached since 83.35s ago] {}
2026-08-26 12:50:22,289 | INFO | BEGIN (implicit)
2026-08-26 12:50:22,291 | INFO | SELECT clientes.id_cliente AS clientes_id_cliente, clientes.nombre AS clientes_nombre, clientes.rut AS clientes_rut, clientes.telefono AS clientes_telefono, clientes.email AS clientes_email, clientes.direccion AS clientes_direccion, clientes.tipo_cliente AS clientes_tipo_cliente, clientes.observaciones AS clientes_observaciones, clientes."UsuarioCreacion" AS "clientes_UsuarioCreacion", clientes."FechaCreacion" AS "clientes_FechaCreacion", clientes."UsuarioModificacion" AS "clientes_UsuarioModificacion", clientes."FechaModificacion" AS "clientes_FechaModificacion", clientes."EstadoTupla" AS "clientes_EstadoTupla" 
FROM clientes 
WHERE clientes."EstadoTupla" = true
2026-08-26 12:50:22,292 | INFO | [generated in 0.00065s] {}
2026-08-26 12:51:17,074 | INFO | BEGIN (implicit)
2026-08-26 12:51:17,075 | INFO | SELECT productos.id_producto AS productos_id_producto, productos.nombre AS productos_nombre, productos.categoria AS productos_categoria, productos.precio AS productos_precio, productos."UsuarioCreacion" AS "productos_UsuarioCreacion", productos."FechaCreacion" AS "productos_FechaCreacion", productos."UsuarioModificacion" AS "productos_UsuarioModificacion", productos."FechaModificacion" AS "productos_FechaModificacion", productos."EstadoTupla" AS "productos_EstadoTupla" 
FROM productos 
WHERE productos."EstadoTupla" = true
2026-08-26 12:51:17,075 | INFO | [cached since 138.1s ago] {}
2026-08-26 15:42:58,927 | INFO | BEGIN (implicit)
2026-08-26 15:42:58,938 | INFO | SELECT productos.id_producto AS productos_id_producto, productos.nombre AS productos_nombre, productos.categoria AS productos_categoria, productos.precio AS productos_precio, productos."UsuarioCreacion" AS "productos_UsuarioCreacion", productos."FechaCreacion" AS "productos_FechaCreacion", productos."UsuarioModificacion" AS "productos_UsuarioModificacion", productos."FechaModificacion" AS "productos_FechaModificacion", productos."EstadoTupla" AS "productos_EstadoTupla" 
FROM productos 
WHERE productos."EstadoTupla" = true
2026-08-26 15:42:58,940 | INFO | [cached since 1.044e+04s ago] {}
2026-08-27 17:11:51,035 | INFO | SINGLETON: Inicializando el pool de conexiones único hacia PostgreSQL.
2026-08-27 17:11:51,036 | INFO | INFRAESTRUCTURA: Verificando y creando el esquema de tablas del MVP.
2026-08-27 17:11:51,097 | INFO | select pg_catalog.version()
2026-08-27 17:11:51,097 | INFO | [raw sql] {}
2026-08-27 17:11:51,099 | INFO | select current_schema()
2026-08-27 17:11:51,099 | INFO | [raw sql] {}
2026-08-27 17:11:51,100 | INFO | show standard_conforming_strings
2026-08-27 17:11:51,100 | INFO | [raw sql] {}
2026-08-27 17:11:51,101 | INFO | BEGIN (implicit)
2026-08-27 17:11:51,104 | INFO | SELECT pg_catalog.pg_class.relname 
FROM pg_catalog.pg_class JOIN pg_catalog.pg_namespace ON pg_catalog.pg_namespace.oid = pg_catalog.pg_class.relnamespace 
WHERE pg_catalog.pg_class.relname = %(table_name)s AND pg_catalog.pg_class.relkind = ANY (ARRAY[%(param_1)s, %(param_2)s, %(param_3)s, %(param_4)s, %(param_5)s]) AND pg_catalog.pg_table_is_visible(pg_catalog.pg_class.oid) AND pg_catalog.pg_namespace.nspname != %(nspname_1)s
2026-08-27 17:11:51,104 | INFO | [generated in 0.00027s] {'table_name': 'sucursales', 'param_1': 'r', 'param_2': 'p', 'param_3': 'f', 'param_4': 'v', 'param_5': 'm', 'nspname_1': 'pg_catalog'}
2026-08-27 17:11:51,106 | INFO | SELECT pg_catalog.pg_class.relname 
FROM pg_catalog.pg_class JOIN pg_catalog.pg_namespace ON pg_catalog.pg_namespace.oid = pg_catalog.pg_class.relnamespace 
WHERE pg_catalog.pg_class.relname = %(table_name)s AND pg_catalog.pg_class.relkind = ANY (ARRAY[%(param_1)s, %(param_2)s, %(param_3)s, %(param_4)s, %(param_5)s]) AND pg_catalog.pg_table_is_visible(pg_catalog.pg_class.oid) AND pg_catalog.pg_namespace.nspname != %(nspname_1)s
2026-08-27 17:11:51,107 | INFO | [cached since 0.002801s ago] {'table_name': 'mesas', 'param_1': 'r', 'param_2': 'p', 'param_3': 'f', 'param_4': 'v', 'param_5': 'm', 'nspname_1': 'pg_catalog'}
2026-08-27 17:11:51,107 | INFO | SELECT pg_catalog.pg_class.relname 
FROM pg_catalog.pg_class JOIN pg_catalog.pg_namespace ON pg_catalog.pg_namespace.oid = pg_catalog.pg_class.relnamespace 
WHERE pg_catalog.pg_class.relname = %(table_name)s AND pg_catalog.pg_class.relkind = ANY (ARRAY[%(param_1)s, %(param_2)s, %(param_3)s, %(param_4)s, %(param_5)s]) AND pg_catalog.pg_table_is_visible(pg_catalog.pg_class.oid) AND pg_catalog.pg_namespace.nspname != %(nspname_1)s
2026-08-27 17:11:51,107 | INFO | [cached since 0.00368s ago] {'table_name': 'clientes', 'param_1': 'r', 'param_2': 'p', 'param_3': 'f', 'param_4': 'v', 'param_5': 'm', 'nspname_1': 'pg_catalog'}
2026-08-27 17:11:51,108 | INFO | SELECT pg_catalog.pg_class.relname 
FROM pg_catalog.pg_class JOIN pg_catalog.pg_namespace ON pg_catalog.pg_namespace.oid = pg_catalog.pg_class.relnamespace 
WHERE pg_catalog.pg_class.relname = %(table_name)s AND pg_catalog.pg_class.relkind = ANY (ARRAY[%(param_1)s, %(param_2)s, %(param_3)s, %(param_4)s, %(param_5)s]) AND pg_catalog.pg_table_is_visible(pg_catalog.pg_class.oid) AND pg_catalog.pg_namespace.nspname != %(nspname_1)s
2026-08-27 17:11:51,108 | INFO | [cached since 0.004414s ago] {'table_name': 'pedidos', 'param_1': 'r', 'param_2': 'p', 'param_3': 'f', 'param_4': 'v', 'param_5': 'm', 'nspname_1': 'pg_catalog'}
2026-08-27 17:11:51,109 | INFO | SELECT pg_catalog.pg_class.relname 
FROM pg_catalog.pg_class JOIN pg_catalog.pg_namespace ON pg_catalog.pg_namespace.oid = pg_catalog.pg_class.relnamespace 
WHERE pg_catalog.pg_class.relname = %(table_name)s AND pg_catalog.pg_class.relkind = ANY (ARRAY[%(param_1)s, %(param_2)s, %(param_3)s, %(param_4)s, %(param_5)s]) AND pg_catalog.pg_table_is_visible(pg_catalog.pg_class.oid) AND pg_catalog.pg_namespace.nspname != %(nspname_1)s
2026-08-27 17:11:51,109 | INFO | [cached since 0.005529s ago] {'table_name': 'detalles_pedido', 'param_1': 'r', 'param_2': 'p', 'param_3': 'f', 'param_4': 'v', 'param_5': 'm', 'nspname_1': 'pg_catalog'}
2026-08-27 17:11:51,111 | INFO | SELECT pg_catalog.pg_class.relname 
FROM pg_catalog.pg_class JOIN pg_catalog.pg_namespace ON pg_catalog.pg_namespace.oid = pg_catalog.pg_class.relnamespace 
WHERE pg_catalog.pg_class.relname = %(table_name)s AND pg_catalog.pg_class.relkind = ANY (ARRAY[%(param_1)s, %(param_2)s, %(param_3)s, %(param_4)s, %(param_5)s]) AND pg_catalog.pg_table_is_visible(pg_catalog.pg_class.oid) AND pg_catalog.pg_namespace.nspname != %(nspname_1)s
2026-08-27 17:11:51,111 | INFO | [cached since 0.006994s ago] {'table_name': 'productos', 'param_1': 'r', 'param_2': 'p', 'param_3': 'f', 'param_4': 'v', 'param_5': 'm', 'nspname_1': 'pg_catalog'}
2026-08-27 17:11:51,111 | INFO | SELECT pg_catalog.pg_class.relname 
FROM pg_catalog.pg_class JOIN pg_catalog.pg_namespace ON pg_catalog.pg_namespace.oid = pg_catalog.pg_class.relnamespace 
WHERE pg_catalog.pg_class.relname = %(table_name)s AND pg_catalog.pg_class.relkind = ANY (ARRAY[%(param_1)s, %(param_2)s, %(param_3)s, %(param_4)s, %(param_5)s]) AND pg_catalog.pg_table_is_visible(pg_catalog.pg_class.oid) AND pg_catalog.pg_namespace.nspname != %(nspname_1)s
2026-08-27 17:11:51,112 | INFO | [cached since 0.007852s ago] {'table_name': 'comandas', 'param_1': 'r', 'param_2': 'p', 'param_3': 'f', 'param_4': 'v', 'param_5': 'm', 'nspname_1': 'pg_catalog'}
2026-08-27 17:11:51,112 | INFO | SELECT pg_catalog.pg_class.relname 
FROM pg_catalog.pg_class JOIN pg_catalog.pg_namespace ON pg_catalog.pg_namespace.oid = pg_catalog.pg_class.relnamespace 
WHERE pg_catalog.pg_class.relname = %(table_name)s AND pg_catalog.pg_class.relkind = ANY (ARRAY[%(param_1)s, %(param_2)s, %(param_3)s, %(param_4)s, %(param_5)s]) AND pg_catalog.pg_table_is_visible(pg_catalog.pg_class.oid) AND pg_catalog.pg_namespace.nspname != %(nspname_1)s
2026-08-27 17:11:51,112 | INFO | [cached since 0.008608s ago] {'table_name': 'pagos', 'param_1': 'r', 'param_2': 'p', 'param_3': 'f', 'param_4': 'v', 'param_5': 'm', 'nspname_1': 'pg_catalog'}
2026-08-27 17:11:51,113 | INFO | SELECT pg_catalog.pg_class.relname 
FROM pg_catalog.pg_class JOIN pg_catalog.pg_namespace ON pg_catalog.pg_namespace.oid = pg_catalog.pg_class.relnamespace 
WHERE pg_catalog.pg_class.relname = %(table_name)s AND pg_catalog.pg_class.relkind = ANY (ARRAY[%(param_1)s, %(param_2)s, %(param_3)s, %(param_4)s, %(param_5)s]) AND pg_catalog.pg_table_is_visible(pg_catalog.pg_class.oid) AND pg_catalog.pg_namespace.nspname != %(nspname_1)s
2026-08-27 17:11:51,113 | INFO | [cached since 0.009462s ago] {'table_name': 'usuarios', 'param_1': 'r', 'param_2': 'p', 'param_3': 'f', 'param_4': 'v', 'param_5': 'm', 'nspname_1': 'pg_catalog'}
2026-08-27 17:11:51,114 | INFO | SELECT pg_catalog.pg_class.relname 
FROM pg_catalog.pg_class JOIN pg_catalog.pg_namespace ON pg_catalog.pg_namespace.oid = pg_catalog.pg_class.relnamespace 
WHERE pg_catalog.pg_class.relname = %(table_name)s AND pg_catalog.pg_class.relkind = ANY (ARRAY[%(param_1)s, %(param_2)s, %(param_3)s, %(param_4)s, %(param_5)s]) AND pg_catalog.pg_table_is_visible(pg_catalog.pg_class.oid) AND pg_catalog.pg_namespace.nspname != %(nspname_1)s
2026-08-27 17:11:51,114 | INFO | [cached since 0.01022s ago] {'table_name': 'cuentas_credito', 'param_1': 'r', 'param_2': 'p', 'param_3': 'f', 'param_4': 'v', 'param_5': 'm', 'nspname_1': 'pg_catalog'}
2026-08-27 17:11:51,115 | INFO | SELECT pg_catalog.pg_class.relname 
FROM pg_catalog.pg_class JOIN pg_catalog.pg_namespace ON pg_catalog.pg_namespace.oid = pg_catalog.pg_class.relnamespace 
WHERE pg_catalog.pg_class.relname = %(table_name)s AND pg_catalog.pg_class.relkind = ANY (ARRAY[%(param_1)s, %(param_2)s, %(param_3)s, %(param_4)s, %(param_5)s]) AND pg_catalog.pg_table_is_visible(pg_catalog.pg_class.oid) AND pg_catalog.pg_namespace.nspname != %(nspname_1)s
2026-08-27 17:11:51,115 | INFO | [cached since 0.01096s ago] {'table_name': 'movimientos_credito', 'param_1': 'r', 'param_2': 'p', 'param_3': 'f', 'param_4': 'v', 'param_5': 'm', 'nspname_1': 'pg_catalog'}
2026-08-27 17:11:51,115 | INFO | COMMIT
2026-08-27 20:32:17,909 | INFO | SINGLETON: Inicializando el pool de conexiones único hacia PostgreSQL.
2026-08-27 20:32:17,910 | INFO | INFRAESTRUCTURA: Verificando y creando el esquema de tablas del MVP.
2026-08-27 20:32:17,977 | INFO | select pg_catalog.version()
2026-08-27 20:32:17,978 | INFO | [raw sql] {}
2026-08-27 20:32:17,979 | INFO | select current_schema()
2026-08-27 20:32:17,980 | INFO | [raw sql] {}
2026-08-27 20:32:17,981 | INFO | show standard_conforming_strings
2026-08-27 20:32:17,981 | INFO | [raw sql] {}
2026-08-27 20:32:17,982 | INFO | BEGIN (implicit)
2026-08-27 20:32:17,986 | INFO | SELECT pg_catalog.pg_class.relname 
FROM pg_catalog.pg_class JOIN pg_catalog.pg_namespace ON pg_catalog.pg_namespace.oid = pg_catalog.pg_class.relnamespace 
WHERE pg_catalog.pg_class.relname = %(table_name)s AND pg_catalog.pg_class.relkind = ANY (ARRAY[%(param_1)s, %(param_2)s, %(param_3)s, %(param_4)s, %(param_5)s]) AND pg_catalog.pg_table_is_visible(pg_catalog.pg_class.oid) AND pg_catalog.pg_namespace.nspname != %(nspname_1)s
2026-08-27 20:32:17,986 | INFO | [generated in 0.00037s] {'table_name': 'sucursales', 'param_1': 'r', 'param_2': 'p', 'param_3': 'f', 'param_4': 'v', 'param_5': 'm', 'nspname_1': 'pg_catalog'}
2026-08-27 20:32:17,989 | INFO | SELECT pg_catalog.pg_class.relname 
FROM pg_catalog.pg_class JOIN pg_catalog.pg_namespace ON pg_catalog.pg_namespace.oid = pg_catalog.pg_class.relnamespace 
WHERE pg_catalog.pg_class.relname = %(table_name)s AND pg_catalog.pg_class.relkind = ANY (ARRAY[%(param_1)s, %(param_2)s, %(param_3)s, %(param_4)s, %(param_5)s]) AND pg_catalog.pg_table_is_visible(pg_catalog.pg_class.oid) AND pg_catalog.pg_namespace.nspname != %(nspname_1)s
2026-08-27 20:32:17,989 | INFO | [cached since 0.003488s ago] {'table_name': 'mesas', 'param_1': 'r', 'param_2': 'p', 'param_3': 'f', 'param_4': 'v', 'param_5': 'm', 'nspname_1': 'pg_catalog'}
2026-08-27 20:32:17,990 | INFO | SELECT pg_catalog.pg_class.relname 
FROM pg_catalog.pg_class JOIN pg_catalog.pg_namespace ON pg_catalog.pg_namespace.oid = pg_catalog.pg_class.relnamespace 
WHERE pg_catalog.pg_class.relname = %(table_name)s AND pg_catalog.pg_class.relkind = ANY (ARRAY[%(param_1)s, %(param_2)s, %(param_3)s, %(param_4)s, %(param_5)s]) AND pg_catalog.pg_table_is_visible(pg_catalog.pg_class.oid) AND pg_catalog.pg_namespace.nspname != %(nspname_1)s
2026-08-27 20:32:17,990 | INFO | [cached since 0.004623s ago] {'table_name': 'clientes', 'param_1': 'r', 'param_2': 'p', 'param_3': 'f', 'param_4': 'v', 'param_5': 'm', 'nspname_1': 'pg_catalog'}
2026-08-27 20:32:17,991 | INFO | SELECT pg_catalog.pg_class.relname 
FROM pg_catalog.pg_class JOIN pg_catalog.pg_namespace ON pg_catalog.pg_namespace.oid = pg_catalog.pg_class.relnamespace 
WHERE pg_catalog.pg_class.relname = %(table_name)s AND pg_catalog.pg_class.relkind = ANY (ARRAY[%(param_1)s, %(param_2)s, %(param_3)s, %(param_4)s, %(param_5)s]) AND pg_catalog.pg_table_is_visible(pg_catalog.pg_class.oid) AND pg_catalog.pg_namespace.nspname != %(nspname_1)s
2026-08-27 20:32:17,991 | INFO | [cached since 0.00552s ago] {'table_name': 'pedidos', 'param_1': 'r', 'param_2': 'p', 'param_3': 'f', 'param_4': 'v', 'param_5': 'm', 'nspname_1': 'pg_catalog'}
2026-08-27 20:32:17,992 | INFO | SELECT pg_catalog.pg_class.relname 
FROM pg_catalog.pg_class JOIN pg_catalog.pg_namespace ON pg_catalog.pg_namespace.oid = pg_catalog.pg_class.relnamespace 
WHERE pg_catalog.pg_class.relname = %(table_name)s AND pg_catalog.pg_class.relkind = ANY (ARRAY[%(param_1)s, %(param_2)s, %(param_3)s, %(param_4)s, %(param_5)s]) AND pg_catalog.pg_table_is_visible(pg_catalog.pg_class.oid) AND pg_catalog.pg_namespace.nspname != %(nspname_1)s
2026-08-27 20:32:17,992 | INFO | [cached since 0.006319s ago] {'table_name': 'detalles_pedido', 'param_1': 'r', 'param_2': 'p', 'param_3': 'f', 'param_4': 'v', 'param_5': 'm', 'nspname_1': 'pg_catalog'}
2026-08-27 20:32:17,993 | INFO | SELECT pg_catalog.pg_class.relname 
FROM pg_catalog.pg_class JOIN pg_catalog.pg_namespace ON pg_catalog.pg_namespace.oid = pg_catalog.pg_class.relnamespace 
WHERE pg_catalog.pg_class.relname = %(table_name)s AND pg_catalog.pg_class.relkind = ANY (ARRAY[%(param_1)s, %(param_2)s, %(param_3)s, %(param_4)s, %(param_5)s]) AND pg_catalog.pg_table_is_visible(pg_catalog.pg_class.oid) AND pg_catalog.pg_namespace.nspname != %(nspname_1)s
2026-08-27 20:32:17,993 | INFO | [cached since 0.007213s ago] {'table_name': 'productos', 'param_1': 'r', 'param_2': 'p', 'param_3': 'f', 'param_4': 'v', 'param_5': 'm', 'nspname_1': 'pg_catalog'}
2026-08-27 20:32:17,994 | INFO | SELECT pg_catalog.pg_class.relname 
FROM pg_catalog.pg_class JOIN pg_catalog.pg_namespace ON pg_catalog.pg_namespace.oid = pg_catalog.pg_class.relnamespace 
WHERE pg_catalog.pg_class.relname = %(table_name)s AND pg_catalog.pg_class.relkind = ANY (ARRAY[%(param_1)s, %(param_2)s, %(param_3)s, %(param_4)s, %(param_5)s]) AND pg_catalog.pg_table_is_visible(pg_catalog.pg_class.oid) AND pg_catalog.pg_namespace.nspname != %(nspname_1)s
2026-08-27 20:32:17,994 | INFO | [cached since 0.007989s ago] {'table_name': 'comandas', 'param_1': 'r', 'param_2': 'p', 'param_3': 'f', 'param_4': 'v', 'param_5': 'm', 'nspname_1': 'pg_catalog'}
2026-08-27 20:32:17,994 | INFO | SELECT pg_catalog.pg_class.relname 
FROM pg_catalog.pg_class JOIN pg_catalog.pg_namespace ON pg_catalog.pg_namespace.oid = pg_catalog.pg_class.relnamespace 
WHERE pg_catalog.pg_class.relname = %(table_name)s AND pg_catalog.pg_class.relkind = ANY (ARRAY[%(param_1)s, %(param_2)s, %(param_3)s, %(param_4)s, %(param_5)s]) AND pg_catalog.pg_table_is_visible(pg_catalog.pg_class.oid) AND pg_catalog.pg_namespace.nspname != %(nspname_1)s
2026-08-27 20:32:17,995 | INFO | [cached since 0.008892s ago] {'table_name': 'pagos', 'param_1': 'r', 'param_2': 'p', 'param_3': 'f', 'param_4': 'v', 'param_5': 'm', 'nspname_1': 'pg_catalog'}
2026-08-27 20:32:17,995 | INFO | SELECT pg_catalog.pg_class.relname 
FROM pg_catalog.pg_class JOIN pg_catalog.pg_namespace ON pg_catalog.pg_namespace.oid = pg_catalog.pg_class.relnamespace 
WHERE pg_catalog.pg_class.relname = %(table_name)s AND pg_catalog.pg_class.relkind = ANY (ARRAY[%(param_1)s, %(param_2)s, %(param_3)s, %(param_4)s, %(param_5)s]) AND pg_catalog.pg_table_is_visible(pg_catalog.pg_class.oid) AND pg_catalog.pg_namespace.nspname != %(nspname_1)s
2026-08-27 20:32:17,996 | INFO | [cached since 0.009824s ago] {'table_name': 'usuarios', 'param_1': 'r', 'param_2': 'p', 'param_3': 'f', 'param_4': 'v', 'param_5': 'm', 'nspname_1': 'pg_catalog'}
2026-08-27 20:32:17,996 | INFO | SELECT pg_catalog.pg_class.relname 
FROM pg_catalog.pg_class JOIN pg_catalog.pg_namespace ON pg_catalog.pg_namespace.oid = pg_catalog.pg_class.relnamespace 
WHERE pg_catalog.pg_class.relname = %(table_name)s AND pg_catalog.pg_class.relkind = ANY (ARRAY[%(param_1)s, %(param_2)s, %(param_3)s, %(param_4)s, %(param_5)s]) AND pg_catalog.pg_table_is_visible(pg_catalog.pg_class.oid) AND pg_catalog.pg_namespace.nspname != %(nspname_1)s
2026-08-27 20:32:17,997 | INFO | [cached since 0.0107s ago] {'table_name': 'cuentas_credito', 'param_1': 'r', 'param_2': 'p', 'param_3': 'f', 'param_4': 'v', 'param_5': 'm', 'nspname_1': 'pg_catalog'}
2026-08-27 20:32:17,997 | INFO | SELECT pg_catalog.pg_class.relname 
FROM pg_catalog.pg_class JOIN pg_catalog.pg_namespace ON pg_catalog.pg_namespace.oid = pg_catalog.pg_class.relnamespace 
WHERE pg_catalog.pg_class.relname = %(table_name)s AND pg_catalog.pg_class.relkind = ANY (ARRAY[%(param_1)s, %(param_2)s, %(param_3)s, %(param_4)s, %(param_5)s]) AND pg_catalog.pg_table_is_visible(pg_catalog.pg_class.oid) AND pg_catalog.pg_namespace.nspname != %(nspname_1)s
2026-08-27 20:32:17,997 | INFO | [cached since 0.01141s ago] {'table_name': 'movimientos_credito', 'param_1': 'r', 'param_2': 'p', 'param_3': 'f', 'param_4': 'v', 'param_5': 'm', 'nspname_1': 'pg_catalog'}
2026-08-27 20:32:17,998 | INFO | COMMIT
2026-08-27 20:45:35,313 | INFO | SINGLETON: Inicializando el pool de conexiones único hacia PostgreSQL.
2026-08-27 20:45:35,314 | INFO | INFRAESTRUCTURA: Verificando y creando el esquema de tablas del MVP.
2026-08-27 20:45:35,475 | INFO | select pg_catalog.version()
2026-08-27 20:45:35,475 | INFO | [raw sql] {}
2026-08-27 20:45:35,477 | INFO | select current_schema()
2026-08-27 20:45:35,477 | INFO | [raw sql] {}
2026-08-27 20:45:35,478 | INFO | show standard_conforming_strings
2026-08-27 20:45:35,478 | INFO | [raw sql] {}
2026-08-27 20:45:35,479 | INFO | BEGIN (implicit)
2026-08-27 20:45:35,482 | INFO | SELECT pg_catalog.pg_class.relname 
FROM pg_catalog.pg_class JOIN pg_catalog.pg_namespace ON pg_catalog.pg_namespace.oid = pg_catalog.pg_class.relnamespace 
WHERE pg_catalog.pg_class.relname = %(table_name)s AND pg_catalog.pg_class.relkind = ANY (ARRAY[%(param_1)s, %(param_2)s, %(param_3)s, %(param_4)s, %(param_5)s]) AND pg_catalog.pg_table_is_visible(pg_catalog.pg_class.oid) AND pg_catalog.pg_namespace.nspname != %(nspname_1)s
2026-08-27 20:45:35,482 | INFO | [generated in 0.00027s] {'table_name': 'sucursales', 'param_1': 'r', 'param_2': 'p', 'param_3': 'f', 'param_4': 'v', 'param_5': 'm', 'nspname_1': 'pg_catalog'}
2026-08-27 20:45:35,484 | INFO | SELECT pg_catalog.pg_class.relname 
FROM pg_catalog.pg_class JOIN pg_catalog.pg_namespace ON pg_catalog.pg_namespace.oid = pg_catalog.pg_class.relnamespace 
WHERE pg_catalog.pg_class.relname = %(table_name)s AND pg_catalog.pg_class.relkind = ANY (ARRAY[%(param_1)s, %(param_2)s, %(param_3)s, %(param_4)s, %(param_5)s]) AND pg_catalog.pg_table_is_visible(pg_catalog.pg_class.oid) AND pg_catalog.pg_namespace.nspname != %(nspname_1)s
2026-08-27 20:45:35,484 | INFO | [cached since 0.002534s ago] {'table_name': 'mesas', 'param_1': 'r', 'param_2': 'p', 'param_3': 'f', 'param_4': 'v', 'param_5': 'm', 'nspname_1': 'pg_catalog'}
2026-08-27 20:45:35,485 | INFO | SELECT pg_catalog.pg_class.relname 
FROM pg_catalog.pg_class JOIN pg_catalog.pg_namespace ON pg_catalog.pg_namespace.oid = pg_catalog.pg_class.relnamespace 
WHERE pg_catalog.pg_class.relname = %(table_name)s AND pg_catalog.pg_class.relkind = ANY (ARRAY[%(param_1)s, %(param_2)s, %(param_3)s, %(param_4)s, %(param_5)s]) AND pg_catalog.pg_table_is_visible(pg_catalog.pg_class.oid) AND pg_catalog.pg_namespace.nspname != %(nspname_1)s
2026-08-27 20:45:35,485 | INFO | [cached since 0.003407s ago] {'table_name': 'clientes', 'param_1': 'r', 'param_2': 'p', 'param_3': 'f', 'param_4': 'v', 'param_5': 'm', 'nspname_1': 'pg_catalog'}
2026-08-27 20:45:35,486 | INFO | SELECT pg_catalog.pg_class.relname 
FROM pg_catalog.pg_class JOIN pg_catalog.pg_namespace ON pg_catalog.pg_namespace.oid = pg_catalog.pg_class.relnamespace 
WHERE pg_catalog.pg_class.relname = %(table_name)s AND pg_catalog.pg_class.relkind = ANY (ARRAY[%(param_1)s, %(param_2)s, %(param_3)s, %(param_4)s, %(param_5)s]) AND pg_catalog.pg_table_is_visible(pg_catalog.pg_class.oid) AND pg_catalog.pg_namespace.nspname != %(nspname_1)s
2026-08-27 20:45:35,486 | INFO | [cached since 0.004145s ago] {'table_name': 'pedidos', 'param_1': 'r', 'param_2': 'p', 'param_3': 'f', 'param_4': 'v', 'param_5': 'm', 'nspname_1': 'pg_catalog'}
2026-08-27 20:45:35,486 | INFO | SELECT pg_catalog.pg_class.relname 
FROM pg_catalog.pg_class JOIN pg_catalog.pg_namespace ON pg_catalog.pg_namespace.oid = pg_catalog.pg_class.relnamespace 
WHERE pg_catalog.pg_class.relname = %(table_name)s AND pg_catalog.pg_class.relkind = ANY (ARRAY[%(param_1)s, %(param_2)s, %(param_3)s, %(param_4)s, %(param_5)s]) AND pg_catalog.pg_table_is_visible(pg_catalog.pg_class.oid) AND pg_catalog.pg_namespace.nspname != %(nspname_1)s
2026-08-27 20:45:35,487 | INFO | [cached since 0.004933s ago] {'table_name': 'detalles_pedido', 'param_1': 'r', 'param_2': 'p', 'param_3': 'f', 'param_4': 'v', 'param_5': 'm', 'nspname_1': 'pg_catalog'}
2026-08-27 20:45:35,487 | INFO | SELECT pg_catalog.pg_class.relname 
FROM pg_catalog.pg_class JOIN pg_catalog.pg_namespace ON pg_catalog.pg_namespace.oid = pg_catalog.pg_class.relnamespace 
WHERE pg_catalog.pg_class.relname = %(table_name)s AND pg_catalog.pg_class.relkind = ANY (ARRAY[%(param_1)s, %(param_2)s, %(param_3)s, %(param_4)s, %(param_5)s]) AND pg_catalog.pg_table_is_visible(pg_catalog.pg_class.oid) AND pg_catalog.pg_namespace.nspname != %(nspname_1)s
2026-08-27 20:45:35,487 | INFO | [cached since 0.005765s ago] {'table_name': 'productos', 'param_1': 'r', 'param_2': 'p', 'param_3': 'f', 'param_4': 'v', 'param_5': 'm', 'nspname_1': 'pg_catalog'}
2026-08-27 20:45:35,488 | INFO | SELECT pg_catalog.pg_class.relname 
FROM pg_catalog.pg_class JOIN pg_catalog.pg_namespace ON pg_catalog.pg_namespace.oid = pg_catalog.pg_class.relnamespace 
WHERE pg_catalog.pg_class.relname = %(table_name)s AND pg_catalog.pg_class.relkind = ANY (ARRAY[%(param_1)s, %(param_2)s, %(param_3)s, %(param_4)s, %(param_5)s]) AND pg_catalog.pg_table_is_visible(pg_catalog.pg_class.oid) AND pg_catalog.pg_namespace.nspname != %(nspname_1)s
2026-08-27 20:45:35,488 | INFO | [cached since 0.006785s ago] {'table_name': 'comandas', 'param_1': 'r', 'param_2': 'p', 'param_3': 'f', 'param_4': 'v', 'param_5': 'm', 'nspname_1': 'pg_catalog'}
2026-08-27 20:45:35,489 | INFO | SELECT pg_catalog.pg_class.relname 
FROM pg_catalog.pg_class JOIN pg_catalog.pg_namespace ON pg_catalog.pg_namespace.oid = pg_catalog.pg_class.relnamespace 
WHERE pg_catalog.pg_class.relname = %(table_name)s AND pg_catalog.pg_class.relkind = ANY (ARRAY[%(param_1)s, %(param_2)s, %(param_3)s, %(param_4)s, %(param_5)s]) AND pg_catalog.pg_table_is_visible(pg_catalog.pg_class.oid) AND pg_catalog.pg_namespace.nspname != %(nspname_1)s
2026-08-27 20:45:35,489 | INFO | [cached since 0.007834s ago] {'table_name': 'pagos', 'param_1': 'r', 'param_2': 'p', 'param_3': 'f', 'param_4': 'v', 'param_5': 'm', 'nspname_1': 'pg_catalog'}
2026-08-27 20:45:35,490 | INFO | SELECT pg_catalog.pg_class.relname 
FROM pg_catalog.pg_class JOIN pg_catalog.pg_namespace ON pg_catalog.pg_namespace.oid = pg_catalog.pg_class.relnamespace 
WHERE pg_catalog.pg_class.relname = %(table_name)s AND pg_catalog.pg_class.relkind = ANY (ARRAY[%(param_1)s, %(param_2)s, %(param_3)s, %(param_4)s, %(param_5)s]) AND pg_catalog.pg_table_is_visible(pg_catalog.pg_class.oid) AND pg_catalog.pg_namespace.nspname != %(nspname_1)s
2026-08-27 20:45:35,490 | INFO | [cached since 0.008744s ago] {'table_name': 'usuarios', 'param_1': 'r', 'param_2': 'p', 'param_3': 'f', 'param_4': 'v', 'param_5': 'm', 'nspname_1': 'pg_catalog'}
2026-08-27 20:45:35,491 | INFO | SELECT pg_catalog.pg_class.relname 
FROM pg_catalog.pg_class JOIN pg_catalog.pg_namespace ON pg_catalog.pg_namespace.oid = pg_catalog.pg_class.relnamespace 
WHERE pg_catalog.pg_class.relname = %(table_name)s AND pg_catalog.pg_class.relkind = ANY (ARRAY[%(param_1)s, %(param_2)s, %(param_3)s, %(param_4)s, %(param_5)s]) AND pg_catalog.pg_table_is_visible(pg_catalog.pg_class.oid) AND pg_catalog.pg_namespace.nspname != %(nspname_1)s
2026-08-27 20:45:35,491 | INFO | [cached since 0.009633s ago] {'table_name': 'cuentas_credito', 'param_1': 'r', 'param_2': 'p', 'param_3': 'f', 'param_4': 'v', 'param_5': 'm', 'nspname_1': 'pg_catalog'}
2026-08-27 20:45:35,492 | INFO | SELECT pg_catalog.pg_class.relname 
FROM pg_catalog.pg_class JOIN pg_catalog.pg_namespace ON pg_catalog.pg_namespace.oid = pg_catalog.pg_class.relnamespace 
WHERE pg_catalog.pg_class.relname = %(table_name)s AND pg_catalog.pg_class.relkind = ANY (ARRAY[%(param_1)s, %(param_2)s, %(param_3)s, %(param_4)s, %(param_5)s]) AND pg_catalog.pg_table_is_visible(pg_catalog.pg_class.oid) AND pg_catalog.pg_namespace.nspname != %(nspname_1)s
2026-08-27 20:45:35,492 | INFO | [cached since 0.01037s ago] {'table_name': 'movimientos_credito', 'param_1': 'r', 'param_2': 'p', 'param_3': 'f', 'param_4': 'v', 'param_5': 'm', 'nspname_1': 'pg_catalog'}
2026-08-27 20:45:35,492 | INFO | COMMIT
2026-08-27 20:53:16,991 | INFO | SINGLETON: Inicializando el pool de conexiones único hacia PostgreSQL.
2026-08-27 20:53:16,992 | INFO | INFRAESTRUCTURA: Verificando y creando el esquema de tablas del MVP.
2026-08-27 20:53:17,054 | INFO | select pg_catalog.version()
2026-08-27 20:53:17,054 | INFO | [raw sql] {}
2026-08-27 20:53:17,057 | INFO | select current_schema()
2026-08-27 20:53:17,057 | INFO | [raw sql] {}
2026-08-27 20:53:17,058 | INFO | show standard_conforming_strings
2026-08-27 20:53:17,058 | INFO | [raw sql] {}
2026-08-27 20:53:17,058 | INFO | BEGIN (implicit)
2026-08-27 20:53:17,061 | INFO | SELECT pg_catalog.pg_class.relname 
FROM pg_catalog.pg_class JOIN pg_catalog.pg_namespace ON pg_catalog.pg_namespace.oid = pg_catalog.pg_class.relnamespace 
WHERE pg_catalog.pg_class.relname = %(table_name)s AND pg_catalog.pg_class.relkind = ANY (ARRAY[%(param_1)s, %(param_2)s, %(param_3)s, %(param_4)s, %(param_5)s]) AND pg_catalog.pg_table_is_visible(pg_catalog.pg_class.oid) AND pg_catalog.pg_namespace.nspname != %(nspname_1)s
2026-08-27 20:53:17,062 | INFO | [generated in 0.00029s] {'table_name': 'sucursales', 'param_1': 'r', 'param_2': 'p', 'param_3': 'f', 'param_4': 'v', 'param_5': 'm', 'nspname_1': 'pg_catalog'}
2026-08-27 20:53:17,064 | INFO | SELECT pg_catalog.pg_class.relname 
FROM pg_catalog.pg_class JOIN pg_catalog.pg_namespace ON pg_catalog.pg_namespace.oid = pg_catalog.pg_class.relnamespace 
WHERE pg_catalog.pg_class.relname = %(table_name)s AND pg_catalog.pg_class.relkind = ANY (ARRAY[%(param_1)s, %(param_2)s, %(param_3)s, %(param_4)s, %(param_5)s]) AND pg_catalog.pg_table_is_visible(pg_catalog.pg_class.oid) AND pg_catalog.pg_namespace.nspname != %(nspname_1)s
2026-08-27 20:53:17,064 | INFO | [cached since 0.002784s ago] {'table_name': 'mesas', 'param_1': 'r', 'param_2': 'p', 'param_3': 'f', 'param_4': 'v', 'param_5': 'm', 'nspname_1': 'pg_catalog'}
2026-08-27 20:53:17,065 | INFO | SELECT pg_catalog.pg_class.relname 
FROM pg_catalog.pg_class JOIN pg_catalog.pg_namespace ON pg_catalog.pg_namespace.oid = pg_catalog.pg_class.relnamespace 
WHERE pg_catalog.pg_class.relname = %(table_name)s AND pg_catalog.pg_class.relkind = ANY (ARRAY[%(param_1)s, %(param_2)s, %(param_3)s, %(param_4)s, %(param_5)s]) AND pg_catalog.pg_table_is_visible(pg_catalog.pg_class.oid) AND pg_catalog.pg_namespace.nspname != %(nspname_1)s
2026-08-27 20:53:17,065 | INFO | [cached since 0.003761s ago] {'table_name': 'clientes', 'param_1': 'r', 'param_2': 'p', 'param_3': 'f', 'param_4': 'v', 'param_5': 'm', 'nspname_1': 'pg_catalog'}
2026-08-27 20:53:17,066 | INFO | SELECT pg_catalog.pg_class.relname 
FROM pg_catalog.pg_class JOIN pg_catalog.pg_namespace ON pg_catalog.pg_namespace.oid = pg_catalog.pg_class.relnamespace 
WHERE pg_catalog.pg_class.relname = %(table_name)s AND pg_catalog.pg_class.relkind = ANY (ARRAY[%(param_1)s, %(param_2)s, %(param_3)s, %(param_4)s, %(param_5)s]) AND pg_catalog.pg_table_is_visible(pg_catalog.pg_class.oid) AND pg_catalog.pg_namespace.nspname != %(nspname_1)s
2026-08-27 20:53:17,066 | INFO | [cached since 0.004657s ago] {'table_name': 'pedidos', 'param_1': 'r', 'param_2': 'p', 'param_3': 'f', 'param_4': 'v', 'param_5': 'm', 'nspname_1': 'pg_catalog'}
2026-08-27 20:53:17,067 | INFO | SELECT pg_catalog.pg_class.relname 
FROM pg_catalog.pg_class JOIN pg_catalog.pg_namespace ON pg_catalog.pg_namespace.oid = pg_catalog.pg_class.relnamespace 
WHERE pg_catalog.pg_class.relname = %(table_name)s AND pg_catalog.pg_class.relkind = ANY (ARRAY[%(param_1)s, %(param_2)s, %(param_3)s, %(param_4)s, %(param_5)s]) AND pg_catalog.pg_table_is_visible(pg_catalog.pg_class.oid) AND pg_catalog.pg_namespace.nspname != %(nspname_1)s
2026-08-27 20:53:17,067 | INFO | [cached since 0.005516s ago] {'table_name': 'detalles_pedido', 'param_1': 'r', 'param_2': 'p', 'param_3': 'f', 'param_4': 'v', 'param_5': 'm', 'nspname_1': 'pg_catalog'}
2026-08-27 20:53:17,067 | INFO | SELECT pg_catalog.pg_class.relname 
FROM pg_catalog.pg_class JOIN pg_catalog.pg_namespace ON pg_catalog.pg_namespace.oid = pg_catalog.pg_class.relnamespace 
WHERE pg_catalog.pg_class.relname = %(table_name)s AND pg_catalog.pg_class.relkind = ANY (ARRAY[%(param_1)s, %(param_2)s, %(param_3)s, %(param_4)s, %(param_5)s]) AND pg_catalog.pg_table_is_visible(pg_catalog.pg_class.oid) AND pg_catalog.pg_namespace.nspname != %(nspname_1)s
2026-08-27 20:53:17,068 | INFO | [cached since 0.006395s ago] {'table_name': 'productos', 'param_1': 'r', 'param_2': 'p', 'param_3': 'f', 'param_4': 'v', 'param_5': 'm', 'nspname_1': 'pg_catalog'}
2026-08-27 20:53:17,068 | INFO | SELECT pg_catalog.pg_class.relname 
FROM pg_catalog.pg_class JOIN pg_catalog.pg_namespace ON pg_catalog.pg_namespace.oid = pg_catalog.pg_class.relnamespace 
WHERE pg_catalog.pg_class.relname = %(table_name)s AND pg_catalog.pg_class.relkind = ANY (ARRAY[%(param_1)s, %(param_2)s, %(param_3)s, %(param_4)s, %(param_5)s]) AND pg_catalog.pg_table_is_visible(pg_catalog.pg_class.oid) AND pg_catalog.pg_namespace.nspname != %(nspname_1)s
2026-08-27 20:53:17,068 | INFO | [cached since 0.007191s ago] {'table_name': 'comandas', 'param_1': 'r', 'param_2': 'p', 'param_3': 'f', 'param_4': 'v', 'param_5': 'm', 'nspname_1': 'pg_catalog'}
2026-08-27 20:53:17,069 | INFO | SELECT pg_catalog.pg_class.relname 
FROM pg_catalog.pg_class JOIN pg_catalog.pg_namespace ON pg_catalog.pg_namespace.oid = pg_catalog.pg_class.relnamespace 
WHERE pg_catalog.pg_class.relname = %(table_name)s AND pg_catalog.pg_class.relkind = ANY (ARRAY[%(param_1)s, %(param_2)s, %(param_3)s, %(param_4)s, %(param_5)s]) AND pg_catalog.pg_table_is_visible(pg_catalog.pg_class.oid) AND pg_catalog.pg_namespace.nspname != %(nspname_1)s
2026-08-27 20:53:17,069 | INFO | [cached since 0.008003s ago] {'table_name': 'pagos', 'param_1': 'r', 'param_2': 'p', 'param_3': 'f', 'param_4': 'v', 'param_5': 'm', 'nspname_1': 'pg_catalog'}
2026-08-27 20:53:17,070 | INFO | SELECT pg_catalog.pg_class.relname 
FROM pg_catalog.pg_class JOIN pg_catalog.pg_namespace ON pg_catalog.pg_namespace.oid = pg_catalog.pg_class.relnamespace 
WHERE pg_catalog.pg_class.relname = %(table_name)s AND pg_catalog.pg_class.relkind = ANY (ARRAY[%(param_1)s, %(param_2)s, %(param_3)s, %(param_4)s, %(param_5)s]) AND pg_catalog.pg_table_is_visible(pg_catalog.pg_class.oid) AND pg_catalog.pg_namespace.nspname != %(nspname_1)s
2026-08-27 20:53:17,070 | INFO | [cached since 0.008799s ago] {'table_name': 'usuarios', 'param_1': 'r', 'param_2': 'p', 'param_3': 'f', 'param_4': 'v', 'param_5': 'm', 'nspname_1': 'pg_catalog'}
2026-08-27 20:53:17,071 | INFO | SELECT pg_catalog.pg_class.relname 
FROM pg_catalog.pg_class JOIN pg_catalog.pg_namespace ON pg_catalog.pg_namespace.oid = pg_catalog.pg_class.relnamespace 
WHERE pg_catalog.pg_class.relname = %(table_name)s AND pg_catalog.pg_class.relkind = ANY (ARRAY[%(param_1)s, %(param_2)s, %(param_3)s, %(param_4)s, %(param_5)s]) AND pg_catalog.pg_table_is_visible(pg_catalog.pg_class.oid) AND pg_catalog.pg_namespace.nspname != %(nspname_1)s
2026-08-27 20:53:17,071 | INFO | [cached since 0.009646s ago] {'table_name': 'cuentas_credito', 'param_1': 'r', 'param_2': 'p', 'param_3': 'f', 'param_4': 'v', 'param_5': 'm', 'nspname_1': 'pg_catalog'}
2026-08-27 20:53:17,072 | INFO | SELECT pg_catalog.pg_class.relname 
FROM pg_catalog.pg_class JOIN pg_catalog.pg_namespace ON pg_catalog.pg_namespace.oid = pg_catalog.pg_class.relnamespace 
WHERE pg_catalog.pg_class.relname = %(table_name)s AND pg_catalog.pg_class.relkind = ANY (ARRAY[%(param_1)s, %(param_2)s, %(param_3)s, %(param_4)s, %(param_5)s]) AND pg_catalog.pg_table_is_visible(pg_catalog.pg_class.oid) AND pg_catalog.pg_namespace.nspname != %(nspname_1)s
2026-08-27 20:53:17,072 | INFO | [cached since 0.01048s ago] {'table_name': 'movimientos_credito', 'param_1': 'r', 'param_2': 'p', 'param_3': 'f', 'param_4': 'v', 'param_5': 'm', 'nspname_1': 'pg_catalog'}
2026-08-27 20:53:17,072 | INFO | COMMIT
2026-08-29 16:54:27,644 | INFO | SINGLETON: Inicializando el pool de conexiones único hacia PostgreSQL.
2026-08-29 16:54:27,645 | INFO | INFRAESTRUCTURA: Verificando y creando el esquema de tablas del MVP.
2026-08-29 16:54:27,704 | INFO | select pg_catalog.version()
2026-08-29 16:54:27,704 | INFO | [raw sql] {}
2026-08-29 16:54:27,706 | INFO | select current_schema()
2026-08-29 16:54:27,706 | INFO | [raw sql] {}
2026-08-29 16:54:27,707 | INFO | show standard_conforming_strings
2026-08-29 16:54:27,707 | INFO | [raw sql] {}
2026-08-29 16:54:27,708 | INFO | BEGIN (implicit)
2026-08-29 16:54:27,710 | INFO | SELECT pg_catalog.pg_class.relname 
FROM pg_catalog.pg_class JOIN pg_catalog.pg_namespace ON pg_catalog.pg_namespace.oid = pg_catalog.pg_class.relnamespace 
WHERE pg_catalog.pg_class.relname = %(table_name)s AND pg_catalog.pg_class.relkind = ANY (ARRAY[%(param_1)s, %(param_2)s, %(param_3)s, %(param_4)s, %(param_5)s]) AND pg_catalog.pg_table_is_visible(pg_catalog.pg_class.oid) AND pg_catalog.pg_namespace.nspname != %(nspname_1)s
2026-08-29 16:54:27,711 | INFO | [generated in 0.00024s] {'table_name': 'sucursales', 'param_1': 'r', 'param_2': 'p', 'param_3': 'f', 'param_4': 'v', 'param_5': 'm', 'nspname_1': 'pg_catalog'}
2026-08-29 16:54:27,712 | INFO | SELECT pg_catalog.pg_class.relname 
FROM pg_catalog.pg_class JOIN pg_catalog.pg_namespace ON pg_catalog.pg_namespace.oid = pg_catalog.pg_class.relnamespace 
WHERE pg_catalog.pg_class.relname = %(table_name)s AND pg_catalog.pg_class.relkind = ANY (ARRAY[%(param_1)s, %(param_2)s, %(param_3)s, %(param_4)s, %(param_5)s]) AND pg_catalog.pg_table_is_visible(pg_catalog.pg_class.oid) AND pg_catalog.pg_namespace.nspname != %(nspname_1)s
2026-08-29 16:54:27,713 | INFO | [cached since 0.002298s ago] {'table_name': 'mesas', 'param_1': 'r', 'param_2': 'p', 'param_3': 'f', 'param_4': 'v', 'param_5': 'm', 'nspname_1': 'pg_catalog'}
2026-08-29 16:54:27,713 | INFO | SELECT pg_catalog.pg_class.relname 
FROM pg_catalog.pg_class JOIN pg_catalog.pg_namespace ON pg_catalog.pg_namespace.oid = pg_catalog.pg_class.relnamespace 
WHERE pg_catalog.pg_class.relname = %(table_name)s AND pg_catalog.pg_class.relkind = ANY (ARRAY[%(param_1)s, %(param_2)s, %(param_3)s, %(param_4)s, %(param_5)s]) AND pg_catalog.pg_table_is_visible(pg_catalog.pg_class.oid) AND pg_catalog.pg_namespace.nspname != %(nspname_1)s
2026-08-29 16:54:27,713 | INFO | [cached since 0.003036s ago] {'table_name': 'clientes', 'param_1': 'r', 'param_2': 'p', 'param_3': 'f', 'param_4': 'v', 'param_5': 'm', 'nspname_1': 'pg_catalog'}
2026-08-29 16:54:27,714 | INFO | SELECT pg_catalog.pg_class.relname 
FROM pg_catalog.pg_class JOIN pg_catalog.pg_namespace ON pg_catalog.pg_namespace.oid = pg_catalog.pg_class.relnamespace 
WHERE pg_catalog.pg_class.relname = %(table_name)s AND pg_catalog.pg_class.relkind = ANY (ARRAY[%(param_1)s, %(param_2)s, %(param_3)s, %(param_4)s, %(param_5)s]) AND pg_catalog.pg_table_is_visible(pg_catalog.pg_class.oid) AND pg_catalog.pg_namespace.nspname != %(nspname_1)s
2026-08-29 16:54:27,714 | INFO | [cached since 0.00378s ago] {'table_name': 'pedidos', 'param_1': 'r', 'param_2': 'p', 'param_3': 'f', 'param_4': 'v', 'param_5': 'm', 'nspname_1': 'pg_catalog'}
2026-08-29 16:54:27,715 | INFO | SELECT pg_catalog.pg_class.relname 
FROM pg_catalog.pg_class JOIN pg_catalog.pg_namespace ON pg_catalog.pg_namespace.oid = pg_catalog.pg_class.relnamespace 
WHERE pg_catalog.pg_class.relname = %(table_name)s AND pg_catalog.pg_class.relkind = ANY (ARRAY[%(param_1)s, %(param_2)s, %(param_3)s, %(param_4)s, %(param_5)s]) AND pg_catalog.pg_table_is_visible(pg_catalog.pg_class.oid) AND pg_catalog.pg_namespace.nspname != %(nspname_1)s
2026-08-29 16:54:27,715 | INFO | [cached since 0.004451s ago] {'table_name': 'detalles_pedido', 'param_1': 'r', 'param_2': 'p', 'param_3': 'f', 'param_4': 'v', 'param_5': 'm', 'nspname_1': 'pg_catalog'}
2026-08-29 16:54:27,715 | INFO | SELECT pg_catalog.pg_class.relname 
FROM pg_catalog.pg_class JOIN pg_catalog.pg_namespace ON pg_catalog.pg_namespace.oid = pg_catalog.pg_class.relnamespace 
WHERE pg_catalog.pg_class.relname = %(table_name)s AND pg_catalog.pg_class.relkind = ANY (ARRAY[%(param_1)s, %(param_2)s, %(param_3)s, %(param_4)s, %(param_5)s]) AND pg_catalog.pg_table_is_visible(pg_catalog.pg_class.oid) AND pg_catalog.pg_namespace.nspname != %(nspname_1)s
2026-08-29 16:54:27,715 | INFO | [cached since 0.005145s ago] {'table_name': 'productos', 'param_1': 'r', 'param_2': 'p', 'param_3': 'f', 'param_4': 'v', 'param_5': 'm', 'nspname_1': 'pg_catalog'}
2026-08-29 16:54:27,716 | INFO | SELECT pg_catalog.pg_class.relname 
FROM pg_catalog.pg_class JOIN pg_catalog.pg_namespace ON pg_catalog.pg_namespace.oid = pg_catalog.pg_class.relnamespace 
WHERE pg_catalog.pg_class.relname = %(table_name)s AND pg_catalog.pg_class.relkind = ANY (ARRAY[%(param_1)s, %(param_2)s, %(param_3)s, %(param_4)s, %(param_5)s]) AND pg_catalog.pg_table_is_visible(pg_catalog.pg_class.oid) AND pg_catalog.pg_namespace.nspname != %(nspname_1)s
2026-08-29 16:54:27,716 | INFO | [cached since 0.00591s ago] {'table_name': 'comandas', 'param_1': 'r', 'param_2': 'p', 'param_3': 'f', 'param_4': 'v', 'param_5': 'm', 'nspname_1': 'pg_catalog'}
2026-08-29 16:54:27,717 | INFO | SELECT pg_catalog.pg_class.relname 
FROM pg_catalog.pg_class JOIN pg_catalog.pg_namespace ON pg_catalog.pg_namespace.oid = pg_catalog.pg_class.relnamespace 
WHERE pg_catalog.pg_class.relname = %(table_name)s AND pg_catalog.pg_class.relkind = ANY (ARRAY[%(param_1)s, %(param_2)s, %(param_3)s, %(param_4)s, %(param_5)s]) AND pg_catalog.pg_table_is_visible(pg_catalog.pg_class.oid) AND pg_catalog.pg_namespace.nspname != %(nspname_1)s
2026-08-29 16:54:27,717 | INFO | [cached since 0.006593s ago] {'table_name': 'pagos', 'param_1': 'r', 'param_2': 'p', 'param_3': 'f', 'param_4': 'v', 'param_5': 'm', 'nspname_1': 'pg_catalog'}
2026-08-29 16:54:27,717 | INFO | SELECT pg_catalog.pg_class.relname 
FROM pg_catalog.pg_class JOIN pg_catalog.pg_namespace ON pg_catalog.pg_namespace.oid = pg_catalog.pg_class.relnamespace 
WHERE pg_catalog.pg_class.relname = %(table_name)s AND pg_catalog.pg_class.relkind = ANY (ARRAY[%(param_1)s, %(param_2)s, %(param_3)s, %(param_4)s, %(param_5)s]) AND pg_catalog.pg_table_is_visible(pg_catalog.pg_class.oid) AND pg_catalog.pg_namespace.nspname != %(nspname_1)s
2026-08-29 16:54:27,718 | INFO | [cached since 0.007394s ago] {'table_name': 'usuarios', 'param_1': 'r', 'param_2': 'p', 'param_3': 'f', 'param_4': 'v', 'param_5': 'm', 'nspname_1': 'pg_catalog'}
2026-08-29 16:54:27,718 | INFO | SELECT pg_catalog.pg_class.relname 
FROM pg_catalog.pg_class JOIN pg_catalog.pg_namespace ON pg_catalog.pg_namespace.oid = pg_catalog.pg_class.relnamespace 
WHERE pg_catalog.pg_class.relname = %(table_name)s AND pg_catalog.pg_class.relkind = ANY (ARRAY[%(param_1)s, %(param_2)s, %(param_3)s, %(param_4)s, %(param_5)s]) AND pg_catalog.pg_table_is_visible(pg_catalog.pg_class.oid) AND pg_catalog.pg_namespace.nspname != %(nspname_1)s
2026-08-29 16:54:27,718 | INFO | [cached since 0.008107s ago] {'table_name': 'cuentas_credito', 'param_1': 'r', 'param_2': 'p', 'param_3': 'f', 'param_4': 'v', 'param_5': 'm', 'nspname_1': 'pg_catalog'}
2026-08-29 16:54:27,719 | INFO | SELECT pg_catalog.pg_class.relname 
FROM pg_catalog.pg_class JOIN pg_catalog.pg_namespace ON pg_catalog.pg_namespace.oid = pg_catalog.pg_class.relnamespace 
WHERE pg_catalog.pg_class.relname = %(table_name)s AND pg_catalog.pg_class.relkind = ANY (ARRAY[%(param_1)s, %(param_2)s, %(param_3)s, %(param_4)s, %(param_5)s]) AND pg_catalog.pg_table_is_visible(pg_catalog.pg_class.oid) AND pg_catalog.pg_namespace.nspname != %(nspname_1)s
2026-08-29 16:54:27,719 | INFO | [cached since 0.008791s ago] {'table_name': 'movimientos_credito', 'param_1': 'r', 'param_2': 'p', 'param_3': 'f', 'param_4': 'v', 'param_5': 'm', 'nspname_1': 'pg_catalog'}
2026-08-29 16:54:27,720 | INFO | COMMIT
2026-08-29 17:40:43,718 | INFO | SINGLETON: Inicializando el pool de conexiones único hacia PostgreSQL.
2026-08-29 17:40:43,719 | INFO | INFRAESTRUCTURA: Verificando y creando el esquema de tablas del MVP.
2026-08-29 17:40:43,777 | INFO | select pg_catalog.version()
2026-08-29 17:40:43,777 | INFO | [raw sql] {}
2026-08-29 17:40:43,779 | INFO | select current_schema()
2026-08-29 17:40:43,779 | INFO | [raw sql] {}
2026-08-29 17:40:43,780 | INFO | show standard_conforming_strings
2026-08-29 17:40:43,780 | INFO | [raw sql] {}
2026-08-29 17:40:43,781 | INFO | BEGIN (implicit)
2026-08-29 17:40:43,784 | INFO | SELECT pg_catalog.pg_class.relname 
FROM pg_catalog.pg_class JOIN pg_catalog.pg_namespace ON pg_catalog.pg_namespace.oid = pg_catalog.pg_class.relnamespace 
WHERE pg_catalog.pg_class.relname = %(table_name)s AND pg_catalog.pg_class.relkind = ANY (ARRAY[%(param_1)s, %(param_2)s, %(param_3)s, %(param_4)s, %(param_5)s]) AND pg_catalog.pg_table_is_visible(pg_catalog.pg_class.oid) AND pg_catalog.pg_namespace.nspname != %(nspname_1)s
2026-08-29 17:40:43,785 | INFO | [generated in 0.00036s] {'table_name': 'sucursales', 'param_1': 'r', 'param_2': 'p', 'param_3': 'f', 'param_4': 'v', 'param_5': 'm', 'nspname_1': 'pg_catalog'}
2026-08-29 17:40:43,787 | INFO | SELECT pg_catalog.pg_class.relname 
FROM pg_catalog.pg_class JOIN pg_catalog.pg_namespace ON pg_catalog.pg_namespace.oid = pg_catalog.pg_class.relnamespace 
WHERE pg_catalog.pg_class.relname = %(table_name)s AND pg_catalog.pg_class.relkind = ANY (ARRAY[%(param_1)s, %(param_2)s, %(param_3)s, %(param_4)s, %(param_5)s]) AND pg_catalog.pg_table_is_visible(pg_catalog.pg_class.oid) AND pg_catalog.pg_namespace.nspname != %(nspname_1)s
2026-08-29 17:40:43,787 | INFO | [cached since 0.003198s ago] {'table_name': 'mesas', 'param_1': 'r', 'param_2': 'p', 'param_3': 'f', 'param_4': 'v', 'param_5': 'm', 'nspname_1': 'pg_catalog'}
2026-08-29 17:40:43,788 | INFO | SELECT pg_catalog.pg_class.relname 
FROM pg_catalog.pg_class JOIN pg_catalog.pg_namespace ON pg_catalog.pg_namespace.oid = pg_catalog.pg_class.relnamespace 
WHERE pg_catalog.pg_class.relname = %(table_name)s AND pg_catalog.pg_class.relkind = ANY (ARRAY[%(param_1)s, %(param_2)s, %(param_3)s, %(param_4)s, %(param_5)s]) AND pg_catalog.pg_table_is_visible(pg_catalog.pg_class.oid) AND pg_catalog.pg_namespace.nspname != %(nspname_1)s
2026-08-29 17:40:43,788 | INFO | [cached since 0.004012s ago] {'table_name': 'clientes', 'param_1': 'r', 'param_2': 'p', 'param_3': 'f', 'param_4': 'v', 'param_5': 'm', 'nspname_1': 'pg_catalog'}
2026-08-29 17:40:43,789 | INFO | SELECT pg_catalog.pg_class.relname 
FROM pg_catalog.pg_class JOIN pg_catalog.pg_namespace ON pg_catalog.pg_namespace.oid = pg_catalog.pg_class.relnamespace 
WHERE pg_catalog.pg_class.relname = %(table_name)s AND pg_catalog.pg_class.relkind = ANY (ARRAY[%(param_1)s, %(param_2)s, %(param_3)s, %(param_4)s, %(param_5)s]) AND pg_catalog.pg_table_is_visible(pg_catalog.pg_class.oid) AND pg_catalog.pg_namespace.nspname != %(nspname_1)s
2026-08-29 17:40:43,789 | INFO | [cached since 0.004819s ago] {'table_name': 'pedidos', 'param_1': 'r', 'param_2': 'p', 'param_3': 'f', 'param_4': 'v', 'param_5': 'm', 'nspname_1': 'pg_catalog'}
2026-08-29 17:40:43,790 | INFO | SELECT pg_catalog.pg_class.relname 
FROM pg_catalog.pg_class JOIN pg_catalog.pg_namespace ON pg_catalog.pg_namespace.oid = pg_catalog.pg_class.relnamespace 
WHERE pg_catalog.pg_class.relname = %(table_name)s AND pg_catalog.pg_class.relkind = ANY (ARRAY[%(param_1)s, %(param_2)s, %(param_3)s, %(param_4)s, %(param_5)s]) AND pg_catalog.pg_table_is_visible(pg_catalog.pg_class.oid) AND pg_catalog.pg_namespace.nspname != %(nspname_1)s
2026-08-29 17:40:43,790 | INFO | [cached since 0.005621s ago] {'table_name': 'detalles_pedido', 'param_1': 'r', 'param_2': 'p', 'param_3': 'f', 'param_4': 'v', 'param_5': 'm', 'nspname_1': 'pg_catalog'}
2026-08-29 17:40:43,790 | INFO | SELECT pg_catalog.pg_class.relname 
FROM pg_catalog.pg_class JOIN pg_catalog.pg_namespace ON pg_catalog.pg_namespace.oid = pg_catalog.pg_class.relnamespace 
WHERE pg_catalog.pg_class.relname = %(table_name)s AND pg_catalog.pg_class.relkind = ANY (ARRAY[%(param_1)s, %(param_2)s, %(param_3)s, %(param_4)s, %(param_5)s]) AND pg_catalog.pg_table_is_visible(pg_catalog.pg_class.oid) AND pg_catalog.pg_namespace.nspname != %(nspname_1)s
2026-08-29 17:40:43,791 | INFO | [cached since 0.006374s ago] {'table_name': 'productos', 'param_1': 'r', 'param_2': 'p', 'param_3': 'f', 'param_4': 'v', 'param_5': 'm', 'nspname_1': 'pg_catalog'}
2026-08-29 17:40:43,791 | INFO | SELECT pg_catalog.pg_class.relname 
FROM pg_catalog.pg_class JOIN pg_catalog.pg_namespace ON pg_catalog.pg_namespace.oid = pg_catalog.pg_class.relnamespace 
WHERE pg_catalog.pg_class.relname = %(table_name)s AND pg_catalog.pg_class.relkind = ANY (ARRAY[%(param_1)s, %(param_2)s, %(param_3)s, %(param_4)s, %(param_5)s]) AND pg_catalog.pg_table_is_visible(pg_catalog.pg_class.oid) AND pg_catalog.pg_namespace.nspname != %(nspname_1)s
2026-08-29 17:40:43,791 | INFO | [cached since 0.007241s ago] {'table_name': 'comandas', 'param_1': 'r', 'param_2': 'p', 'param_3': 'f', 'param_4': 'v', 'param_5': 'm', 'nspname_1': 'pg_catalog'}
2026-08-29 17:40:43,792 | INFO | SELECT pg_catalog.pg_class.relname 
FROM pg_catalog.pg_class JOIN pg_catalog.pg_namespace ON pg_catalog.pg_namespace.oid = pg_catalog.pg_class.relnamespace 
WHERE pg_catalog.pg_class.relname = %(table_name)s AND pg_catalog.pg_class.relkind = ANY (ARRAY[%(param_1)s, %(param_2)s, %(param_3)s, %(param_4)s, %(param_5)s]) AND pg_catalog.pg_table_is_visible(pg_catalog.pg_class.oid) AND pg_catalog.pg_namespace.nspname != %(nspname_1)s
2026-08-29 17:40:43,792 | INFO | [cached since 0.008075s ago] {'table_name': 'pagos', 'param_1': 'r', 'param_2': 'p', 'param_3': 'f', 'param_4': 'v', 'param_5': 'm', 'nspname_1': 'pg_catalog'}
2026-08-29 17:40:43,793 | INFO | SELECT pg_catalog.pg_class.relname 
FROM pg_catalog.pg_class JOIN pg_catalog.pg_namespace ON pg_catalog.pg_namespace.oid = pg_catalog.pg_class.relnamespace 
WHERE pg_catalog.pg_class.relname = %(table_name)s AND pg_catalog.pg_class.relkind = ANY (ARRAY[%(param_1)s, %(param_2)s, %(param_3)s, %(param_4)s, %(param_5)s]) AND pg_catalog.pg_table_is_visible(pg_catalog.pg_class.oid) AND pg_catalog.pg_namespace.nspname != %(nspname_1)s
2026-08-29 17:40:43,793 | INFO | [cached since 0.009112s ago] {'table_name': 'usuarios', 'param_1': 'r', 'param_2': 'p', 'param_3': 'f', 'param_4': 'v', 'param_5': 'm', 'nspname_1': 'pg_catalog'}
2026-08-29 17:40:43,794 | INFO | SELECT pg_catalog.pg_class.relname 
FROM pg_catalog.pg_class JOIN pg_catalog.pg_namespace ON pg_catalog.pg_namespace.oid = pg_catalog.pg_class.relnamespace 
WHERE pg_catalog.pg_class.relname = %(table_name)s AND pg_catalog.pg_class.relkind = ANY (ARRAY[%(param_1)s, %(param_2)s, %(param_3)s, %(param_4)s, %(param_5)s]) AND pg_catalog.pg_table_is_visible(pg_catalog.pg_class.oid) AND pg_catalog.pg_namespace.nspname != %(nspname_1)s
2026-08-29 17:40:43,794 | INFO | [cached since 0.01001s ago] {'table_name': 'cuentas_credito', 'param_1': 'r', 'param_2': 'p', 'param_3': 'f', 'param_4': 'v', 'param_5': 'm', 'nspname_1': 'pg_catalog'}
2026-08-29 17:40:43,795 | INFO | SELECT pg_catalog.pg_class.relname 
FROM pg_catalog.pg_class JOIN pg_catalog.pg_namespace ON pg_catalog.pg_namespace.oid = pg_catalog.pg_class.relnamespace 
WHERE pg_catalog.pg_class.relname = %(table_name)s AND pg_catalog.pg_class.relkind = ANY (ARRAY[%(param_1)s, %(param_2)s, %(param_3)s, %(param_4)s, %(param_5)s]) AND pg_catalog.pg_table_is_visible(pg_catalog.pg_class.oid) AND pg_catalog.pg_namespace.nspname != %(nspname_1)s
2026-08-29 17:40:43,795 | INFO | [cached since 0.01087s ago] {'table_name': 'movimientos_credito', 'param_1': 'r', 'param_2': 'p', 'param_3': 'f', 'param_4': 'v', 'param_5': 'm', 'nspname_1': 'pg_catalog'}
2026-08-29 17:40:43,796 | INFO | COMMIT
2026-08-29 17:42:23,327 | INFO | SINGLETON: Inicializando el pool de conexiones único hacia PostgreSQL.
2026-08-29 17:42:23,327 | INFO | INFRAESTRUCTURA: Verificando y creando el esquema de tablas del MVP.
2026-08-29 17:42:23,390 | INFO | select pg_catalog.version()
2026-08-29 17:42:23,390 | INFO | [raw sql] {}
2026-08-29 17:42:23,392 | INFO | select current_schema()
2026-08-29 17:42:23,393 | INFO | [raw sql] {}
2026-08-29 17:42:23,393 | INFO | show standard_conforming_strings
2026-08-29 17:42:23,394 | INFO | [raw sql] {}
2026-08-29 17:42:23,394 | INFO | BEGIN (implicit)
2026-08-29 17:42:23,398 | INFO | SELECT pg_catalog.pg_class.relname 
FROM pg_catalog.pg_class JOIN pg_catalog.pg_namespace ON pg_catalog.pg_namespace.oid = pg_catalog.pg_class.relnamespace 
WHERE pg_catalog.pg_class.relname = %(table_name)s AND pg_catalog.pg_class.relkind = ANY (ARRAY[%(param_1)s, %(param_2)s, %(param_3)s, %(param_4)s, %(param_5)s]) AND pg_catalog.pg_table_is_visible(pg_catalog.pg_class.oid) AND pg_catalog.pg_namespace.nspname != %(nspname_1)s
2026-08-29 17:42:23,398 | INFO | [generated in 0.00050s] {'table_name': 'sucursales', 'param_1': 'r', 'param_2': 'p', 'param_3': 'f', 'param_4': 'v', 'param_5': 'm', 'nspname_1': 'pg_catalog'}
2026-08-29 17:42:23,401 | INFO | SELECT pg_catalog.pg_class.relname 
FROM pg_catalog.pg_class JOIN pg_catalog.pg_namespace ON pg_catalog.pg_namespace.oid = pg_catalog.pg_class.relnamespace 
WHERE pg_catalog.pg_class.relname = %(table_name)s AND pg_catalog.pg_class.relkind = ANY (ARRAY[%(param_1)s, %(param_2)s, %(param_3)s, %(param_4)s, %(param_5)s]) AND pg_catalog.pg_table_is_visible(pg_catalog.pg_class.oid) AND pg_catalog.pg_namespace.nspname != %(nspname_1)s
2026-08-29 17:42:23,401 | INFO | [cached since 0.003774s ago] {'table_name': 'mesas', 'param_1': 'r', 'param_2': 'p', 'param_3': 'f', 'param_4': 'v', 'param_5': 'm', 'nspname_1': 'pg_catalog'}
2026-08-29 17:42:23,402 | INFO | SELECT pg_catalog.pg_class.relname 
FROM pg_catalog.pg_class JOIN pg_catalog.pg_namespace ON pg_catalog.pg_namespace.oid = pg_catalog.pg_class.relnamespace 
WHERE pg_catalog.pg_class.relname = %(table_name)s AND pg_catalog.pg_class.relkind = ANY (ARRAY[%(param_1)s, %(param_2)s, %(param_3)s, %(param_4)s, %(param_5)s]) AND pg_catalog.pg_table_is_visible(pg_catalog.pg_class.oid) AND pg_catalog.pg_namespace.nspname != %(nspname_1)s
2026-08-29 17:42:23,403 | INFO | [cached since 0.005098s ago] {'table_name': 'clientes', 'param_1': 'r', 'param_2': 'p', 'param_3': 'f', 'param_4': 'v', 'param_5': 'm', 'nspname_1': 'pg_catalog'}
2026-08-29 17:42:23,403 | INFO | SELECT pg_catalog.pg_class.relname 
FROM pg_catalog.pg_class JOIN pg_catalog.pg_namespace ON pg_catalog.pg_namespace.oid = pg_catalog.pg_class.relnamespace 
WHERE pg_catalog.pg_class.relname = %(table_name)s AND pg_catalog.pg_class.relkind = ANY (ARRAY[%(param_1)s, %(param_2)s, %(param_3)s, %(param_4)s, %(param_5)s]) AND pg_catalog.pg_table_is_visible(pg_catalog.pg_class.oid) AND pg_catalog.pg_namespace.nspname != %(nspname_1)s
2026-08-29 17:42:23,404 | INFO | [cached since 0.006003s ago] {'table_name': 'pedidos', 'param_1': 'r', 'param_2': 'p', 'param_3': 'f', 'param_4': 'v', 'param_5': 'm', 'nspname_1': 'pg_catalog'}
2026-08-29 17:42:23,404 | INFO | SELECT pg_catalog.pg_class.relname 
FROM pg_catalog.pg_class JOIN pg_catalog.pg_namespace ON pg_catalog.pg_namespace.oid = pg_catalog.pg_class.relnamespace 
WHERE pg_catalog.pg_class.relname = %(table_name)s AND pg_catalog.pg_class.relkind = ANY (ARRAY[%(param_1)s, %(param_2)s, %(param_3)s, %(param_4)s, %(param_5)s]) AND pg_catalog.pg_table_is_visible(pg_catalog.pg_class.oid) AND pg_catalog.pg_namespace.nspname != %(nspname_1)s
2026-08-29 17:42:23,405 | INFO | [cached since 0.006905s ago] {'table_name': 'detalles_pedido', 'param_1': 'r', 'param_2': 'p', 'param_3': 'f', 'param_4': 'v', 'param_5': 'm', 'nspname_1': 'pg_catalog'}
2026-08-29 17:42:23,405 | INFO | SELECT pg_catalog.pg_class.relname 
FROM pg_catalog.pg_class JOIN pg_catalog.pg_namespace ON pg_catalog.pg_namespace.oid = pg_catalog.pg_class.relnamespace 
WHERE pg_catalog.pg_class.relname = %(table_name)s AND pg_catalog.pg_class.relkind = ANY (ARRAY[%(param_1)s, %(param_2)s, %(param_3)s, %(param_4)s, %(param_5)s]) AND pg_catalog.pg_table_is_visible(pg_catalog.pg_class.oid) AND pg_catalog.pg_namespace.nspname != %(nspname_1)s
2026-08-29 17:42:23,405 | INFO | [cached since 0.007818s ago] {'table_name': 'productos', 'param_1': 'r', 'param_2': 'p', 'param_3': 'f', 'param_4': 'v', 'param_5': 'm', 'nspname_1': 'pg_catalog'}
2026-08-29 17:42:23,406 | INFO | SELECT pg_catalog.pg_class.relname 
FROM pg_catalog.pg_class JOIN pg_catalog.pg_namespace ON pg_catalog.pg_namespace.oid = pg_catalog.pg_class.relnamespace 
WHERE pg_catalog.pg_class.relname = %(table_name)s AND pg_catalog.pg_class.relkind = ANY (ARRAY[%(param_1)s, %(param_2)s, %(param_3)s, %(param_4)s, %(param_5)s]) AND pg_catalog.pg_table_is_visible(pg_catalog.pg_class.oid) AND pg_catalog.pg_namespace.nspname != %(nspname_1)s
2026-08-29 17:42:23,406 | INFO | [cached since 0.008826s ago] {'table_name': 'comandas', 'param_1': 'r', 'param_2': 'p', 'param_3': 'f', 'param_4': 'v', 'param_5': 'm', 'nspname_1': 'pg_catalog'}
2026-08-29 17:42:23,407 | INFO | SELECT pg_catalog.pg_class.relname 
FROM pg_catalog.pg_class JOIN pg_catalog.pg_namespace ON pg_catalog.pg_namespace.oid = pg_catalog.pg_class.relnamespace 
WHERE pg_catalog.pg_class.relname = %(table_name)s AND pg_catalog.pg_class.relkind = ANY (ARRAY[%(param_1)s, %(param_2)s, %(param_3)s, %(param_4)s, %(param_5)s]) AND pg_catalog.pg_table_is_visible(pg_catalog.pg_class.oid) AND pg_catalog.pg_namespace.nspname != %(nspname_1)s
2026-08-29 17:42:23,407 | INFO | [cached since 0.0097s ago] {'table_name': 'pagos', 'param_1': 'r', 'param_2': 'p', 'param_3': 'f', 'param_4': 'v', 'param_5': 'm', 'nspname_1': 'pg_catalog'}
2026-08-29 17:42:23,408 | INFO | SELECT pg_catalog.pg_class.relname 
FROM pg_catalog.pg_class JOIN pg_catalog.pg_namespace ON pg_catalog.pg_namespace.oid = pg_catalog.pg_class.relnamespace 
WHERE pg_catalog.pg_class.relname = %(table_name)s AND pg_catalog.pg_class.relkind = ANY (ARRAY[%(param_1)s, %(param_2)s, %(param_3)s, %(param_4)s, %(param_5)s]) AND pg_catalog.pg_table_is_visible(pg_catalog.pg_class.oid) AND pg_catalog.pg_namespace.nspname != %(nspname_1)s
2026-08-29 17:42:23,408 | INFO | [cached since 0.01085s ago] {'table_name': 'usuarios', 'param_1': 'r', 'param_2': 'p', 'param_3': 'f', 'param_4': 'v', 'param_5': 'm', 'nspname_1': 'pg_catalog'}
2026-08-29 17:42:23,409 | INFO | SELECT pg_catalog.pg_class.relname 
FROM pg_catalog.pg_class JOIN pg_catalog.pg_namespace ON pg_catalog.pg_namespace.oid = pg_catalog.pg_class.relnamespace 
WHERE pg_catalog.pg_class.relname = %(table_name)s AND pg_catalog.pg_class.relkind = ANY (ARRAY[%(param_1)s, %(param_2)s, %(param_3)s, %(param_4)s, %(param_5)s]) AND pg_catalog.pg_table_is_visible(pg_catalog.pg_class.oid) AND pg_catalog.pg_namespace.nspname != %(nspname_1)s
2026-08-29 17:42:23,409 | INFO | [cached since 0.01174s ago] {'table_name': 'cuentas_credito', 'param_1': 'r', 'param_2': 'p', 'param_3': 'f', 'param_4': 'v', 'param_5': 'm', 'nspname_1': 'pg_catalog'}
2026-08-29 17:42:23,410 | INFO | SELECT pg_catalog.pg_class.relname 
FROM pg_catalog.pg_class JOIN pg_catalog.pg_namespace ON pg_catalog.pg_namespace.oid = pg_catalog.pg_class.relnamespace 
WHERE pg_catalog.pg_class.relname = %(table_name)s AND pg_catalog.pg_class.relkind = ANY (ARRAY[%(param_1)s, %(param_2)s, %(param_3)s, %(param_4)s, %(param_5)s]) AND pg_catalog.pg_table_is_visible(pg_catalog.pg_class.oid) AND pg_catalog.pg_namespace.nspname != %(nspname_1)s
2026-08-29 17:42:23,410 | INFO | [cached since 0.01244s ago] {'table_name': 'movimientos_credito', 'param_1': 'r', 'param_2': 'p', 'param_3': 'f', 'param_4': 'v', 'param_5': 'm', 'nspname_1': 'pg_catalog'}
2026-08-29 17:42:23,411 | INFO | COMMIT
2026-08-29 17:55:10,587 | INFO | SINGLETON: Inicializando el pool de conexiones único hacia PostgreSQL.
2026-08-29 17:55:10,588 | INFO | INFRAESTRUCTURA: Verificando y creando el esquema de tablas del MVP.
2026-08-29 17:55:10,647 | INFO | select pg_catalog.version()
2026-08-29 17:55:10,647 | INFO | [raw sql] {}
2026-08-29 17:55:10,649 | INFO | select current_schema()
2026-08-29 17:55:10,650 | INFO | [raw sql] {}
2026-08-29 17:55:10,650 | INFO | show standard_conforming_strings
2026-08-29 17:55:10,651 | INFO | [raw sql] {}
2026-08-29 17:55:10,651 | INFO | BEGIN (implicit)
2026-08-29 17:55:10,654 | INFO | SELECT pg_catalog.pg_class.relname 
FROM pg_catalog.pg_class JOIN pg_catalog.pg_namespace ON pg_catalog.pg_namespace.oid = pg_catalog.pg_class.relnamespace 
WHERE pg_catalog.pg_class.relname = %(table_name)s AND pg_catalog.pg_class.relkind = ANY (ARRAY[%(param_1)s, %(param_2)s, %(param_3)s, %(param_4)s, %(param_5)s]) AND pg_catalog.pg_table_is_visible(pg_catalog.pg_class.oid) AND pg_catalog.pg_namespace.nspname != %(nspname_1)s
2026-08-29 17:55:10,654 | INFO | [generated in 0.00033s] {'table_name': 'sucursales', 'param_1': 'r', 'param_2': 'p', 'param_3': 'f', 'param_4': 'v', 'param_5': 'm', 'nspname_1': 'pg_catalog'}
2026-08-29 17:55:10,656 | INFO | SELECT pg_catalog.pg_class.relname 
FROM pg_catalog.pg_class JOIN pg_catalog.pg_namespace ON pg_catalog.pg_namespace.oid = pg_catalog.pg_class.relnamespace 
WHERE pg_catalog.pg_class.relname = %(table_name)s AND pg_catalog.pg_class.relkind = ANY (ARRAY[%(param_1)s, %(param_2)s, %(param_3)s, %(param_4)s, %(param_5)s]) AND pg_catalog.pg_table_is_visible(pg_catalog.pg_class.oid) AND pg_catalog.pg_namespace.nspname != %(nspname_1)s
2026-08-29 17:55:10,657 | INFO | [cached since 0.002761s ago] {'table_name': 'mesas', 'param_1': 'r', 'param_2': 'p', 'param_3': 'f', 'param_4': 'v', 'param_5': 'm', 'nspname_1': 'pg_catalog'}
2026-08-29 17:55:10,657 | INFO | SELECT pg_catalog.pg_class.relname 
FROM pg_catalog.pg_class JOIN pg_catalog.pg_namespace ON pg_catalog.pg_namespace.oid = pg_catalog.pg_class.relnamespace 
WHERE pg_catalog.pg_class.relname = %(table_name)s AND pg_catalog.pg_class.relkind = ANY (ARRAY[%(param_1)s, %(param_2)s, %(param_3)s, %(param_4)s, %(param_5)s]) AND pg_catalog.pg_table_is_visible(pg_catalog.pg_class.oid) AND pg_catalog.pg_namespace.nspname != %(nspname_1)s
2026-08-29 17:55:10,657 | INFO | [cached since 0.003558s ago] {'table_name': 'clientes', 'param_1': 'r', 'param_2': 'p', 'param_3': 'f', 'param_4': 'v', 'param_5': 'm', 'nspname_1': 'pg_catalog'}
2026-08-29 17:55:10,658 | INFO | SELECT pg_catalog.pg_class.relname 
FROM pg_catalog.pg_class JOIN pg_catalog.pg_namespace ON pg_catalog.pg_namespace.oid = pg_catalog.pg_class.relnamespace 
WHERE pg_catalog.pg_class.relname = %(table_name)s AND pg_catalog.pg_class.relkind = ANY (ARRAY[%(param_1)s, %(param_2)s, %(param_3)s, %(param_4)s, %(param_5)s]) AND pg_catalog.pg_table_is_visible(pg_catalog.pg_class.oid) AND pg_catalog.pg_namespace.nspname != %(nspname_1)s
2026-08-29 17:55:10,658 | INFO | [cached since 0.004323s ago] {'table_name': 'pedidos', 'param_1': 'r', 'param_2': 'p', 'param_3': 'f', 'param_4': 'v', 'param_5': 'm', 'nspname_1': 'pg_catalog'}
2026-08-29 17:55:10,659 | INFO | SELECT pg_catalog.pg_class.relname 
FROM pg_catalog.pg_class JOIN pg_catalog.pg_namespace ON pg_catalog.pg_namespace.oid = pg_catalog.pg_class.relnamespace 
WHERE pg_catalog.pg_class.relname = %(table_name)s AND pg_catalog.pg_class.relkind = ANY (ARRAY[%(param_1)s, %(param_2)s, %(param_3)s, %(param_4)s, %(param_5)s]) AND pg_catalog.pg_table_is_visible(pg_catalog.pg_class.oid) AND pg_catalog.pg_namespace.nspname != %(nspname_1)s
2026-08-29 17:55:10,659 | INFO | [cached since 0.005078s ago] {'table_name': 'detalles_pedido', 'param_1': 'r', 'param_2': 'p', 'param_3': 'f', 'param_4': 'v', 'param_5': 'm', 'nspname_1': 'pg_catalog'}
2026-08-29 17:55:10,660 | INFO | SELECT pg_catalog.pg_class.relname 
FROM pg_catalog.pg_class JOIN pg_catalog.pg_namespace ON pg_catalog.pg_namespace.oid = pg_catalog.pg_class.relnamespace 
WHERE pg_catalog.pg_class.relname = %(table_name)s AND pg_catalog.pg_class.relkind = ANY (ARRAY[%(param_1)s, %(param_2)s, %(param_3)s, %(param_4)s, %(param_5)s]) AND pg_catalog.pg_table_is_visible(pg_catalog.pg_class.oid) AND pg_catalog.pg_namespace.nspname != %(nspname_1)s
2026-08-29 17:55:10,660 | INFO | [cached since 0.00596s ago] {'table_name': 'productos', 'param_1': 'r', 'param_2': 'p', 'param_3': 'f', 'param_4': 'v', 'param_5': 'm', 'nspname_1': 'pg_catalog'}
2026-08-29 17:55:10,660 | INFO | SELECT pg_catalog.pg_class.relname 
FROM pg_catalog.pg_class JOIN pg_catalog.pg_namespace ON pg_catalog.pg_namespace.oid = pg_catalog.pg_class.relnamespace 
WHERE pg_catalog.pg_class.relname = %(table_name)s AND pg_catalog.pg_class.relkind = ANY (ARRAY[%(param_1)s, %(param_2)s, %(param_3)s, %(param_4)s, %(param_5)s]) AND pg_catalog.pg_table_is_visible(pg_catalog.pg_class.oid) AND pg_catalog.pg_namespace.nspname != %(nspname_1)s
2026-08-29 17:55:10,661 | INFO | [cached since 0.006722s ago] {'table_name': 'comandas', 'param_1': 'r', 'param_2': 'p', 'param_3': 'f', 'param_4': 'v', 'param_5': 'm', 'nspname_1': 'pg_catalog'}
2026-08-29 17:55:10,661 | INFO | SELECT pg_catalog.pg_class.relname 
FROM pg_catalog.pg_class JOIN pg_catalog.pg_namespace ON pg_catalog.pg_namespace.oid = pg_catalog.pg_class.relnamespace 
WHERE pg_catalog.pg_class.relname = %(table_name)s AND pg_catalog.pg_class.relkind = ANY (ARRAY[%(param_1)s, %(param_2)s, %(param_3)s, %(param_4)s, %(param_5)s]) AND pg_catalog.pg_table_is_visible(pg_catalog.pg_class.oid) AND pg_catalog.pg_namespace.nspname != %(nspname_1)s
2026-08-29 17:55:10,661 | INFO | [cached since 0.007525s ago] {'table_name': 'pagos', 'param_1': 'r', 'param_2': 'p', 'param_3': 'f', 'param_4': 'v', 'param_5': 'm', 'nspname_1': 'pg_catalog'}
2026-08-29 17:55:10,662 | INFO | SELECT pg_catalog.pg_class.relname 
FROM pg_catalog.pg_class JOIN pg_catalog.pg_namespace ON pg_catalog.pg_namespace.oid = pg_catalog.pg_class.relnamespace 
WHERE pg_catalog.pg_class.relname = %(table_name)s AND pg_catalog.pg_class.relkind = ANY (ARRAY[%(param_1)s, %(param_2)s, %(param_3)s, %(param_4)s, %(param_5)s]) AND pg_catalog.pg_table_is_visible(pg_catalog.pg_class.oid) AND pg_catalog.pg_namespace.nspname != %(nspname_1)s
2026-08-29 17:55:10,662 | INFO | [cached since 0.008272s ago] {'table_name': 'usuarios', 'param_1': 'r', 'param_2': 'p', 'param_3': 'f', 'param_4': 'v', 'param_5': 'm', 'nspname_1': 'pg_catalog'}
2026-08-29 17:55:10,663 | INFO | SELECT pg_catalog.pg_class.relname 
FROM pg_catalog.pg_class JOIN pg_catalog.pg_namespace ON pg_catalog.pg_namespace.oid = pg_catalog.pg_class.relnamespace 
WHERE pg_catalog.pg_class.relname = %(table_name)s AND pg_catalog.pg_class.relkind = ANY (ARRAY[%(param_1)s, %(param_2)s, %(param_3)s, %(param_4)s, %(param_5)s]) AND pg_catalog.pg_table_is_visible(pg_catalog.pg_class.oid) AND pg_catalog.pg_namespace.nspname != %(nspname_1)s
2026-08-29 17:55:10,663 | INFO | [cached since 0.008987s ago] {'table_name': 'cuentas_credito', 'param_1': 'r', 'param_2': 'p', 'param_3': 'f', 'param_4': 'v', 'param_5': 'm', 'nspname_1': 'pg_catalog'}
2026-08-29 17:55:10,663 | INFO | SELECT pg_catalog.pg_class.relname 
FROM pg_catalog.pg_class JOIN pg_catalog.pg_namespace ON pg_catalog.pg_namespace.oid = pg_catalog.pg_class.relnamespace 
WHERE pg_catalog.pg_class.relname = %(table_name)s AND pg_catalog.pg_class.relkind = ANY (ARRAY[%(param_1)s, %(param_2)s, %(param_3)s, %(param_4)s, %(param_5)s]) AND pg_catalog.pg_table_is_visible(pg_catalog.pg_class.oid) AND pg_catalog.pg_namespace.nspname != %(nspname_1)s
2026-08-29 17:55:10,664 | INFO | [cached since 0.009652s ago] {'table_name': 'movimientos_credito', 'param_1': 'r', 'param_2': 'p', 'param_3': 'f', 'param_4': 'v', 'param_5': 'm', 'nspname_1': 'pg_catalog'}
2026-08-29 17:55:10,664 | INFO | COMMIT
2026-08-29 18:00:22,372 | INFO | SINGLETON: Inicializando el pool de conexiones único hacia PostgreSQL.
2026-08-29 18:00:22,373 | INFO | INFRAESTRUCTURA: Verificando y creando el esquema de tablas del MVP.
2026-08-29 18:00:22,432 | INFO | select pg_catalog.version()
2026-08-29 18:00:22,432 | INFO | [raw sql] {}
2026-08-29 18:00:22,434 | INFO | select current_schema()
2026-08-29 18:00:22,434 | INFO | [raw sql] {}
2026-08-29 18:00:22,435 | INFO | show standard_conforming_strings
2026-08-29 18:00:22,435 | INFO | [raw sql] {}
2026-08-29 18:00:22,436 | INFO | BEGIN (implicit)
2026-08-29 18:00:22,439 | INFO | SELECT pg_catalog.pg_class.relname 
FROM pg_catalog.pg_class JOIN pg_catalog.pg_namespace ON pg_catalog.pg_namespace.oid = pg_catalog.pg_class.relnamespace 
WHERE pg_catalog.pg_class.relname = %(table_name)s AND pg_catalog.pg_class.relkind = ANY (ARRAY[%(param_1)s, %(param_2)s, %(param_3)s, %(param_4)s, %(param_5)s]) AND pg_catalog.pg_table_is_visible(pg_catalog.pg_class.oid) AND pg_catalog.pg_namespace.nspname != %(nspname_1)s
2026-08-29 18:00:22,439 | INFO | [generated in 0.00034s] {'table_name': 'sucursales', 'param_1': 'r', 'param_2': 'p', 'param_3': 'f', 'param_4': 'v', 'param_5': 'm', 'nspname_1': 'pg_catalog'}
2026-08-29 18:00:22,442 | INFO | SELECT pg_catalog.pg_class.relname 
FROM pg_catalog.pg_class JOIN pg_catalog.pg_namespace ON pg_catalog.pg_namespace.oid = pg_catalog.pg_class.relnamespace 
WHERE pg_catalog.pg_class.relname = %(table_name)s AND pg_catalog.pg_class.relkind = ANY (ARRAY[%(param_1)s, %(param_2)s, %(param_3)s, %(param_4)s, %(param_5)s]) AND pg_catalog.pg_table_is_visible(pg_catalog.pg_class.oid) AND pg_catalog.pg_namespace.nspname != %(nspname_1)s
2026-08-29 18:00:22,442 | INFO | [cached since 0.00284s ago] {'table_name': 'mesas', 'param_1': 'r', 'param_2': 'p', 'param_3': 'f', 'param_4': 'v', 'param_5': 'm', 'nspname_1': 'pg_catalog'}
2026-08-29 18:00:22,443 | INFO | SELECT pg_catalog.pg_class.relname 
FROM pg_catalog.pg_class JOIN pg_catalog.pg_namespace ON pg_catalog.pg_namespace.oid = pg_catalog.pg_class.relnamespace 
WHERE pg_catalog.pg_class.relname = %(table_name)s AND pg_catalog.pg_class.relkind = ANY (ARRAY[%(param_1)s, %(param_2)s, %(param_3)s, %(param_4)s, %(param_5)s]) AND pg_catalog.pg_table_is_visible(pg_catalog.pg_class.oid) AND pg_catalog.pg_namespace.nspname != %(nspname_1)s
2026-08-29 18:00:22,443 | INFO | [cached since 0.003725s ago] {'table_name': 'clientes', 'param_1': 'r', 'param_2': 'p', 'param_3': 'f', 'param_4': 'v', 'param_5': 'm', 'nspname_1': 'pg_catalog'}
2026-08-29 18:00:22,443 | INFO | SELECT pg_catalog.pg_class.relname 
FROM pg_catalog.pg_class JOIN pg_catalog.pg_namespace ON pg_catalog.pg_namespace.oid = pg_catalog.pg_class.relnamespace 
WHERE pg_catalog.pg_class.relname = %(table_name)s AND pg_catalog.pg_class.relkind = ANY (ARRAY[%(param_1)s, %(param_2)s, %(param_3)s, %(param_4)s, %(param_5)s]) AND pg_catalog.pg_table_is_visible(pg_catalog.pg_class.oid) AND pg_catalog.pg_namespace.nspname != %(nspname_1)s
2026-08-29 18:00:22,444 | INFO | [cached since 0.004694s ago] {'table_name': 'pedidos', 'param_1': 'r', 'param_2': 'p', 'param_3': 'f', 'param_4': 'v', 'param_5': 'm', 'nspname_1': 'pg_catalog'}
2026-08-29 18:00:22,444 | INFO | SELECT pg_catalog.pg_class.relname 
FROM pg_catalog.pg_class JOIN pg_catalog.pg_namespace ON pg_catalog.pg_namespace.oid = pg_catalog.pg_class.relnamespace 
WHERE pg_catalog.pg_class.relname = %(table_name)s AND pg_catalog.pg_class.relkind = ANY (ARRAY[%(param_1)s, %(param_2)s, %(param_3)s, %(param_4)s, %(param_5)s]) AND pg_catalog.pg_table_is_visible(pg_catalog.pg_class.oid) AND pg_catalog.pg_namespace.nspname != %(nspname_1)s
2026-08-29 18:00:22,445 | INFO | [cached since 0.005602s ago] {'table_name': 'detalles_pedido', 'param_1': 'r', 'param_2': 'p', 'param_3': 'f', 'param_4': 'v', 'param_5': 'm', 'nspname_1': 'pg_catalog'}
2026-08-29 18:00:22,446 | INFO | SELECT pg_catalog.pg_class.relname 
FROM pg_catalog.pg_class JOIN pg_catalog.pg_namespace ON pg_catalog.pg_namespace.oid = pg_catalog.pg_class.relnamespace 
WHERE pg_catalog.pg_class.relname = %(table_name)s AND pg_catalog.pg_class.relkind = ANY (ARRAY[%(param_1)s, %(param_2)s, %(param_3)s, %(param_4)s, %(param_5)s]) AND pg_catalog.pg_table_is_visible(pg_catalog.pg_class.oid) AND pg_catalog.pg_namespace.nspname != %(nspname_1)s
2026-08-29 18:00:22,446 | INFO | [cached since 0.006832s ago] {'table_name': 'productos', 'param_1': 'r', 'param_2': 'p', 'param_3': 'f', 'param_4': 'v', 'param_5': 'm', 'nspname_1': 'pg_catalog'}
2026-08-29 18:00:22,447 | INFO | SELECT pg_catalog.pg_class.relname 
FROM pg_catalog.pg_class JOIN pg_catalog.pg_namespace ON pg_catalog.pg_namespace.oid = pg_catalog.pg_class.relnamespace 
WHERE pg_catalog.pg_class.relname = %(table_name)s AND pg_catalog.pg_class.relkind = ANY (ARRAY[%(param_1)s, %(param_2)s, %(param_3)s, %(param_4)s, %(param_5)s]) AND pg_catalog.pg_table_is_visible(pg_catalog.pg_class.oid) AND pg_catalog.pg_namespace.nspname != %(nspname_1)s
2026-08-29 18:00:22,447 | INFO | [cached since 0.007747s ago] {'table_name': 'comandas', 'param_1': 'r', 'param_2': 'p', 'param_3': 'f', 'param_4': 'v', 'param_5': 'm', 'nspname_1': 'pg_catalog'}
2026-08-29 18:00:22,447 | INFO | SELECT pg_catalog.pg_class.relname 
FROM pg_catalog.pg_class JOIN pg_catalog.pg_namespace ON pg_catalog.pg_namespace.oid = pg_catalog.pg_class.relnamespace 
WHERE pg_catalog.pg_class.relname = %(table_name)s AND pg_catalog.pg_class.relkind = ANY (ARRAY[%(param_1)s, %(param_2)s, %(param_3)s, %(param_4)s, %(param_5)s]) AND pg_catalog.pg_table_is_visible(pg_catalog.pg_class.oid) AND pg_catalog.pg_namespace.nspname != %(nspname_1)s
2026-08-29 18:00:22,448 | INFO | [cached since 0.008617s ago] {'table_name': 'pagos', 'param_1': 'r', 'param_2': 'p', 'param_3': 'f', 'param_4': 'v', 'param_5': 'm', 'nspname_1': 'pg_catalog'}
2026-08-29 18:00:22,448 | INFO | SELECT pg_catalog.pg_class.relname 
FROM pg_catalog.pg_class JOIN pg_catalog.pg_namespace ON pg_catalog.pg_namespace.oid = pg_catalog.pg_class.relnamespace 
WHERE pg_catalog.pg_class.relname = %(table_name)s AND pg_catalog.pg_class.relkind = ANY (ARRAY[%(param_1)s, %(param_2)s, %(param_3)s, %(param_4)s, %(param_5)s]) AND pg_catalog.pg_table_is_visible(pg_catalog.pg_class.oid) AND pg_catalog.pg_namespace.nspname != %(nspname_1)s
2026-08-29 18:00:22,448 | INFO | [cached since 0.009428s ago] {'table_name': 'usuarios', 'param_1': 'r', 'param_2': 'p', 'param_3': 'f', 'param_4': 'v', 'param_5': 'm', 'nspname_1': 'pg_catalog'}
2026-08-29 18:00:22,449 | INFO | SELECT pg_catalog.pg_class.relname 
FROM pg_catalog.pg_class JOIN pg_catalog.pg_namespace ON pg_catalog.pg_namespace.oid = pg_catalog.pg_class.relnamespace 
WHERE pg_catalog.pg_class.relname = %(table_name)s AND pg_catalog.pg_class.relkind = ANY (ARRAY[%(param_1)s, %(param_2)s, %(param_3)s, %(param_4)s, %(param_5)s]) AND pg_catalog.pg_table_is_visible(pg_catalog.pg_class.oid) AND pg_catalog.pg_namespace.nspname != %(nspname_1)s
2026-08-29 18:00:22,449 | INFO | [cached since 0.01045s ago] {'table_name': 'cuentas_credito', 'param_1': 'r', 'param_2': 'p', 'param_3': 'f', 'param_4': 'v', 'param_5': 'm', 'nspname_1': 'pg_catalog'}
2026-08-29 18:00:22,450 | INFO | SELECT pg_catalog.pg_class.relname 
FROM pg_catalog.pg_class JOIN pg_catalog.pg_namespace ON pg_catalog.pg_namespace.oid = pg_catalog.pg_class.relnamespace 
WHERE pg_catalog.pg_class.relname = %(table_name)s AND pg_catalog.pg_class.relkind = ANY (ARRAY[%(param_1)s, %(param_2)s, %(param_3)s, %(param_4)s, %(param_5)s]) AND pg_catalog.pg_table_is_visible(pg_catalog.pg_class.oid) AND pg_catalog.pg_namespace.nspname != %(nspname_1)s
2026-08-29 18:00:22,450 | INFO | [cached since 0.01136s ago] {'table_name': 'movimientos_credito', 'param_1': 'r', 'param_2': 'p', 'param_3': 'f', 'param_4': 'v', 'param_5': 'm', 'nspname_1': 'pg_catalog'}
2026-08-29 18:00:22,451 | INFO | COMMIT
2026-08-29 18:01:41,394 | INFO | SINGLETON: Inicializando el pool de conexiones único hacia PostgreSQL.
2026-08-29 18:01:41,395 | INFO | INFRAESTRUCTURA: Verificando y creando el esquema de tablas del MVP.
2026-08-29 18:01:41,452 | INFO | select pg_catalog.version()
2026-08-29 18:01:41,452 | INFO | [raw sql] {}
2026-08-29 18:01:41,453 | INFO | select current_schema()
2026-08-29 18:01:41,454 | INFO | [raw sql] {}
2026-08-29 18:01:41,455 | INFO | show standard_conforming_strings
2026-08-29 18:01:41,455 | INFO | [raw sql] {}
2026-08-29 18:01:41,456 | INFO | BEGIN (implicit)
2026-08-29 18:01:41,458 | INFO | SELECT pg_catalog.pg_class.relname 
FROM pg_catalog.pg_class JOIN pg_catalog.pg_namespace ON pg_catalog.pg_namespace.oid = pg_catalog.pg_class.relnamespace 
WHERE pg_catalog.pg_class.relname = %(table_name)s AND pg_catalog.pg_class.relkind = ANY (ARRAY[%(param_1)s, %(param_2)s, %(param_3)s, %(param_4)s, %(param_5)s]) AND pg_catalog.pg_table_is_visible(pg_catalog.pg_class.oid) AND pg_catalog.pg_namespace.nspname != %(nspname_1)s
2026-08-29 18:01:41,458 | INFO | [generated in 0.00026s] {'table_name': 'sucursales', 'param_1': 'r', 'param_2': 'p', 'param_3': 'f', 'param_4': 'v', 'param_5': 'm', 'nspname_1': 'pg_catalog'}
2026-08-29 18:01:41,460 | INFO | SELECT pg_catalog.pg_class.relname 
FROM pg_catalog.pg_class JOIN pg_catalog.pg_namespace ON pg_catalog.pg_namespace.oid = pg_catalog.pg_class.relnamespace 
WHERE pg_catalog.pg_class.relname = %(table_name)s AND pg_catalog.pg_class.relkind = ANY (ARRAY[%(param_1)s, %(param_2)s, %(param_3)s, %(param_4)s, %(param_5)s]) AND pg_catalog.pg_table_is_visible(pg_catalog.pg_class.oid) AND pg_catalog.pg_namespace.nspname != %(nspname_1)s
2026-08-29 18:01:41,461 | INFO | [cached since 0.002531s ago] {'table_name': 'mesas', 'param_1': 'r', 'param_2': 'p', 'param_3': 'f', 'param_4': 'v', 'param_5': 'm', 'nspname_1': 'pg_catalog'}
2026-08-29 18:01:41,461 | INFO | SELECT pg_catalog.pg_class.relname 
FROM pg_catalog.pg_class JOIN pg_catalog.pg_namespace ON pg_catalog.pg_namespace.oid = pg_catalog.pg_class.relnamespace 
WHERE pg_catalog.pg_class.relname = %(table_name)s AND pg_catalog.pg_class.relkind = ANY (ARRAY[%(param_1)s, %(param_2)s, %(param_3)s, %(param_4)s, %(param_5)s]) AND pg_catalog.pg_table_is_visible(pg_catalog.pg_class.oid) AND pg_catalog.pg_namespace.nspname != %(nspname_1)s
2026-08-29 18:01:41,462 | INFO | [cached since 0.003415s ago] {'table_name': 'clientes', 'param_1': 'r', 'param_2': 'p', 'param_3': 'f', 'param_4': 'v', 'param_5': 'm', 'nspname_1': 'pg_catalog'}
2026-08-29 18:01:41,462 | INFO | SELECT pg_catalog.pg_class.relname 
FROM pg_catalog.pg_class JOIN pg_catalog.pg_namespace ON pg_catalog.pg_namespace.oid = pg_catalog.pg_class.relnamespace 
WHERE pg_catalog.pg_class.relname = %(table_name)s AND pg_catalog.pg_class.relkind = ANY (ARRAY[%(param_1)s, %(param_2)s, %(param_3)s, %(param_4)s, %(param_5)s]) AND pg_catalog.pg_table_is_visible(pg_catalog.pg_class.oid) AND pg_catalog.pg_namespace.nspname != %(nspname_1)s
2026-08-29 18:01:41,462 | INFO | [cached since 0.004192s ago] {'table_name': 'pedidos', 'param_1': 'r', 'param_2': 'p', 'param_3': 'f', 'param_4': 'v', 'param_5': 'm', 'nspname_1': 'pg_catalog'}
2026-08-29 18:01:41,463 | INFO | SELECT pg_catalog.pg_class.relname 
FROM pg_catalog.pg_class JOIN pg_catalog.pg_namespace ON pg_catalog.pg_namespace.oid = pg_catalog.pg_class.relnamespace 
WHERE pg_catalog.pg_class.relname = %(table_name)s AND pg_catalog.pg_class.relkind = ANY (ARRAY[%(param_1)s, %(param_2)s, %(param_3)s, %(param_4)s, %(param_5)s]) AND pg_catalog.pg_table_is_visible(pg_catalog.pg_class.oid) AND pg_catalog.pg_namespace.nspname != %(nspname_1)s
2026-08-29 18:01:41,463 | INFO | [cached since 0.004958s ago] {'table_name': 'detalles_pedido', 'param_1': 'r', 'param_2': 'p', 'param_3': 'f', 'param_4': 'v', 'param_5': 'm', 'nspname_1': 'pg_catalog'}
2026-08-29 18:01:41,464 | INFO | SELECT pg_catalog.pg_class.relname 
FROM pg_catalog.pg_class JOIN pg_catalog.pg_namespace ON pg_catalog.pg_namespace.oid = pg_catalog.pg_class.relnamespace 
WHERE pg_catalog.pg_class.relname = %(table_name)s AND pg_catalog.pg_class.relkind = ANY (ARRAY[%(param_1)s, %(param_2)s, %(param_3)s, %(param_4)s, %(param_5)s]) AND pg_catalog.pg_table_is_visible(pg_catalog.pg_class.oid) AND pg_catalog.pg_namespace.nspname != %(nspname_1)s
2026-08-29 18:01:41,464 | INFO | [cached since 0.005706s ago] {'table_name': 'productos', 'param_1': 'r', 'param_2': 'p', 'param_3': 'f', 'param_4': 'v', 'param_5': 'm', 'nspname_1': 'pg_catalog'}
2026-08-29 18:01:41,465 | INFO | SELECT pg_catalog.pg_class.relname 
FROM pg_catalog.pg_class JOIN pg_catalog.pg_namespace ON pg_catalog.pg_namespace.oid = pg_catalog.pg_class.relnamespace 
WHERE pg_catalog.pg_class.relname = %(table_name)s AND pg_catalog.pg_class.relkind = ANY (ARRAY[%(param_1)s, %(param_2)s, %(param_3)s, %(param_4)s, %(param_5)s]) AND pg_catalog.pg_table_is_visible(pg_catalog.pg_class.oid) AND pg_catalog.pg_namespace.nspname != %(nspname_1)s
2026-08-29 18:01:41,465 | INFO | [cached since 0.006571s ago] {'table_name': 'comandas', 'param_1': 'r', 'param_2': 'p', 'param_3': 'f', 'param_4': 'v', 'param_5': 'm', 'nspname_1': 'pg_catalog'}
2026-08-29 18:01:41,466 | INFO | SELECT pg_catalog.pg_class.relname 
FROM pg_catalog.pg_class JOIN pg_catalog.pg_namespace ON pg_catalog.pg_namespace.oid = pg_catalog.pg_class.relnamespace 
WHERE pg_catalog.pg_class.relname = %(table_name)s AND pg_catalog.pg_class.relkind = ANY (ARRAY[%(param_1)s, %(param_2)s, %(param_3)s, %(param_4)s, %(param_5)s]) AND pg_catalog.pg_table_is_visible(pg_catalog.pg_class.oid) AND pg_catalog.pg_namespace.nspname != %(nspname_1)s
2026-08-29 18:01:41,466 | INFO | [cached since 0.007845s ago] {'table_name': 'pagos', 'param_1': 'r', 'param_2': 'p', 'param_3': 'f', 'param_4': 'v', 'param_5': 'm', 'nspname_1': 'pg_catalog'}
2026-08-29 18:01:41,467 | INFO | SELECT pg_catalog.pg_class.relname 
FROM pg_catalog.pg_class JOIN pg_catalog.pg_namespace ON pg_catalog.pg_namespace.oid = pg_catalog.pg_class.relnamespace 
WHERE pg_catalog.pg_class.relname = %(table_name)s AND pg_catalog.pg_class.relkind = ANY (ARRAY[%(param_1)s, %(param_2)s, %(param_3)s, %(param_4)s, %(param_5)s]) AND pg_catalog.pg_table_is_visible(pg_catalog.pg_class.oid) AND pg_catalog.pg_namespace.nspname != %(nspname_1)s
2026-08-29 18:01:41,467 | INFO | [cached since 0.008988s ago] {'table_name': 'usuarios', 'param_1': 'r', 'param_2': 'p', 'param_3': 'f', 'param_4': 'v', 'param_5': 'm', 'nspname_1': 'pg_catalog'}
2026-08-29 18:01:41,468 | INFO | SELECT pg_catalog.pg_class.relname 
FROM pg_catalog.pg_class JOIN pg_catalog.pg_namespace ON pg_catalog.pg_namespace.oid = pg_catalog.pg_class.relnamespace 
WHERE pg_catalog.pg_class.relname = %(table_name)s AND pg_catalog.pg_class.relkind = ANY (ARRAY[%(param_1)s, %(param_2)s, %(param_3)s, %(param_4)s, %(param_5)s]) AND pg_catalog.pg_table_is_visible(pg_catalog.pg_class.oid) AND pg_catalog.pg_namespace.nspname != %(nspname_1)s
2026-08-29 18:01:41,468 | INFO | [cached since 0.009899s ago] {'table_name': 'cuentas_credito', 'param_1': 'r', 'param_2': 'p', 'param_3': 'f', 'param_4': 'v', 'param_5': 'm', 'nspname_1': 'pg_catalog'}
2026-08-29 18:01:41,469 | INFO | SELECT pg_catalog.pg_class.relname 
FROM pg_catalog.pg_class JOIN pg_catalog.pg_namespace ON pg_catalog.pg_namespace.oid = pg_catalog.pg_class.relnamespace 
WHERE pg_catalog.pg_class.relname = %(table_name)s AND pg_catalog.pg_class.relkind = ANY (ARRAY[%(param_1)s, %(param_2)s, %(param_3)s, %(param_4)s, %(param_5)s]) AND pg_catalog.pg_table_is_visible(pg_catalog.pg_class.oid) AND pg_catalog.pg_namespace.nspname != %(nspname_1)s
2026-08-29 18:01:41,469 | INFO | [cached since 0.01077s ago] {'table_name': 'movimientos_credito', 'param_1': 'r', 'param_2': 'p', 'param_3': 'f', 'param_4': 'v', 'param_5': 'm', 'nspname_1': 'pg_catalog'}
2026-08-29 18:01:41,470 | INFO | COMMIT
2026-08-29 19:23:36,640 | INFO | select pg_catalog.version()
2026-08-29 19:23:36,640 | INFO | [raw sql] {}
2026-08-29 19:23:36,641 | INFO | select current_schema()
2026-08-29 19:23:36,641 | INFO | [raw sql] {}
2026-08-29 19:23:36,642 | INFO | show standard_conforming_strings
2026-08-29 19:23:36,643 | INFO | [raw sql] {}
2026-08-29 19:23:36,644 | INFO | BEGIN (implicit)
2026-08-29 19:23:36,644 | INFO | COMMIT
